rank,canonical_pair,site_a,archive_a,exposure_a,plate_a,site_b,archive_b,exposure_b,plate_b,physical_overlap_seconds,science_footprint_fraction_smaller,best_primary_comparison_endpoint,best_primary_comparison_exposure,best_primary_comparison_gap_minutes,best_primary_comparison_tier,primary_comparison_count_ge50pct_common,any_partial_comparison_count
1,APPLAUSE:122456 | APPLAUSE:4008,Bamberg,208,122456,79750,Hamburg,101,4008,3076,3484.000,0.99915618,A,122455,1.000000,A_LE30MIN,1,1
2,APPLAUSE:127883 | APPLAUSE:6420,Bamberg,208,127883,85157,Hamburg,101,6420,4275,1920.000,0.00072700,A,127882,1.000000,A_LE30MIN,4,5
3,APPLAUSE:125864 | APPLAUSE:4969,Bamberg,208,125864,83158,Hamburg,101,4969,3850,1860.000,1.00000000,A,125863,1.000000,A_LE30MIN,3,3
4,APPLAUSE:136214 | APPLAUSE:15373,Bamberg,208,136214,93084,Hamburg,101,15373,8628,1820.000,1.00000000,B,15374,1.000000,A_LE30MIN,3,3
5,APPLAUSE:136215 | APPLAUSE:15373,Bamberg,208,136215,93085,Hamburg,101,15373,8628,1820.000,0.07742319,B,15374,1.000000,A_LE30MIN,3,3
6,APPLAUSE:136216 | APPLAUSE:15373,Bamberg,208,136216,93086,Hamburg,101,15373,8628,1820.000,0.05103133,B,15374,1.000000,A_LE30MIN,3,3
7,APPLAUSE:123514 | APPLAUSE:4308,Bamberg,208,123514,80808,Hamburg,101,4308,3356,1800.000,0.47805830,A,123513,1.000000,A_LE30MIN,1,1
8,APPLAUSE:123522 | APPLAUSE:4312,Bamberg,208,123522,80816,Hamburg,101,4312,3360,1800.000,0.41947425,A,123521,1.000000,A_LE30MIN,2,2
9,APPLAUSE:123543 | APPLAUSE:4315,Bamberg,208,123543,80837,Hamburg,101,4315,3363,1800.000,1.00000000,A,123544,1.000000,A_LE30MIN,4,4
10,APPLAUSE:123544 | APPLAUSE:4315,Bamberg,208,123544,80838,Hamburg,101,4315,3363,1800.000,1.00000000,A,123543,1.000000,A_LE30MIN,4,4
11,APPLAUSE:123564 | APPLAUSE:4315,Bamberg,208,123564,80858,Hamburg,101,4315,3363,1800.000,1.00000000,A,123544,1.000000,A_LE30MIN,4,4
12,APPLAUSE:123565 | APPLAUSE:4315,Bamberg,208,123565,80859,Hamburg,101,4315,3363,1800.000,1.00000000,A,123543,1.000000,A_LE30MIN,4,4
13,APPLAUSE:125349 | APPLAUSE:4848,Bamberg,208,125349,82643,Hamburg,101,4848,3753,1800.000,1.00000000,A,125424,1.000000,A_LE30MIN,5,5
14,APPLAUSE:125424 | APPLAUSE:4848,Bamberg,208,125424,82718,Hamburg,101,4848,3753,1800.000,1.00000000,A,125349,1.000000,A_LE30MIN,6,6
15,APPLAUSE:125425 | APPLAUSE:4848,Bamberg,208,125425,82719,Hamburg,101,4848,3753,1800.000,1.00000000,A,125424,1.000000,A_LE30MIN,7,7
16,APPLAUSE:125426 | APPLAUSE:4848,Bamberg,208,125426,82720,Hamburg,101,4848,3753,1800.000,1.00000000,A,125349,1.000000,A_LE30MIN,7,7
17,APPLAUSE:125427 | APPLAUSE:110781,Bamberg,208,125427,82721,Hamburg,111,110781,64839,1800.000,0.67935936,A,125426,1.000000,A_LE30MIN,6,6
18,APPLAUSE:125427 | APPLAUSE:4848,Bamberg,208,125427,82721,Hamburg,101,4848,3753,1800.000,1.00000000,A,125426,1.000000,A_LE30MIN,7,7
19,APPLAUSE:125428 | APPLAUSE:4848,Bamberg,208,125428,82722,Hamburg,101,4848,3753,1800.000,0.88467899,A,125353,1.000000,A_LE30MIN,7,7
20,APPLAUSE:125430 | APPLAUSE:110782,Bamberg,208,125430,82724,Hamburg,111,110782,64840,1800.000,0.47044126,A,125353,1.000000,A_LE30MIN,3,3
21,APPLAUSE:125848 | APPLAUSE:4969,Bamberg,208,125848,83142,Hamburg,101,4969,3850,1800.000,0.50498058,A,125847,1.000000,A_LE30MIN,2,2
22,APPLAUSE:125856 | APPLAUSE:4969,Bamberg,208,125856,83150,Hamburg,101,4969,3850,1800.000,0.58624142,A,125847,1.000000,A_LE30MIN,2,2
23,APPLAUSE:125863 | APPLAUSE:4969,Bamberg,208,125863,83157,Hamburg,101,4969,3850,1800.000,0.61595448,A,125864,1.000000,A_LE30MIN,2,2
24,APPLAUSE:125871 | APPLAUSE:4969,Bamberg,208,125871,83165,Hamburg,101,4969,3850,1800.000,0.46984115,A,125870,1.000000,A_LE30MIN,1,1
25,APPLAUSE:126106 | APPLAUSE:5060,Bamberg,208,126106,83400,Hamburg,101,5060,3899,1800.000,0.04688241,A,126107,1.000000,A_LE30MIN,4,5
26,APPLAUSE:126211 | APPLAUSE:5085,Bamberg,208,126211,83505,Hamburg,101,5085,3918,1800.000,0.57041727,A,126212,1.000000,A_LE30MIN,2,2
27,APPLAUSE:126212 | APPLAUSE:5085,Bamberg,208,126212,83506,Hamburg,101,5085,3918,1800.000,0.63103169,A,126211,1.000000,A_LE30MIN,2,2
28,APPLAUSE:126246 | APPLAUSE:5085,Bamberg,208,126246,83540,Hamburg,101,5085,3918,1800.000,0.42381628,A,126223,1.000000,A_LE30MIN,2,2
29,APPLAUSE:126439 | APPLAUSE:5223,Bamberg,208,126439,83733,Hamburg,101,5223,3978,1800.000,0.70448705,A,126438,1.000000,A_LE30MIN,2,2
30,APPLAUSE:126440 | APPLAUSE:5223,Bamberg,208,126440,83734,Hamburg,101,5223,3978,1800.000,0.70435661,A,126439,1.000000,A_LE30MIN,2,3
31,APPLAUSE:126454 | APPLAUSE:5223,Bamberg,208,126454,83748,Hamburg,101,5223,3978,1800.000,0.16114786,A,126438,1.000000,A_LE30MIN,2,2
32,APPLAUSE:127193 | APPLAUSE:5728,Bamberg,208,127193,84474,Hamburg,101,5728,4071,1800.000,1.00000000,A,127192,1.000000,A_LE30MIN,10,10
33,APPLAUSE:127194 | APPLAUSE:5728,Bamberg,208,127194,84475,Hamburg,101,5728,4071,1800.000,1.00000000,A,127193,1.000000,A_LE30MIN,6,6
34,APPLAUSE:127195 | APPLAUSE:5728,Bamberg,208,127195,84476,Hamburg,101,5728,4071,1800.000,1.00000000,A,127194,1.000000,A_LE30MIN,5,5
35,APPLAUSE:127209 | APPLAUSE:5728,Bamberg,208,127209,84490,Hamburg,101,5728,4071,1800.000,1.00000000,A,127194,1.000000,A_LE30MIN,5,5
36,APPLAUSE:127376 | APPLAUSE:5770,Bamberg,208,127376,84657,Hamburg,101,5770,4091,1800.000,0.78074775,A,127375,1.000000,A_LE30MIN,4,4
37,APPLAUSE:127382 | APPLAUSE:5770,Bamberg,208,127382,84663,Hamburg,101,5770,4091,1800.000,1.00000000,A,127381,1.000000,A_LE30MIN,1,1
38,APPLAUSE:127881 | APPLAUSE:6420,Bamberg,208,127881,85155,Hamburg,101,6420,4275,1800.000,0.00049444,A,127882,1.000000,A_LE30MIN,3,4
39,APPLAUSE:127890 | APPLAUSE:6423,Bamberg,208,127890,85164,Hamburg,101,6423,4278,1800.000,0.09590885,A,127889,1.000000,A_LE30MIN,4,5
40,APPLAUSE:129438 | APPLAUSE:7647,Bamberg,208,129438,86708,Hamburg,101,7647,4837,1800.000,1.00000000,A,129439,1.000000,A_LE30MIN,2,2
41,APPLAUSE:134611 | APPLAUSE:15236,Bamberg,208,134611,91481,Hamburg,101,15236,8499,1795.000,1.00000000,B,15237,1.000000,A_LE30MIN,3,3
42,APPLAUSE:134612 | APPLAUSE:15236,Bamberg,208,134612,91482,Hamburg,101,15236,8499,1795.000,0.06215232,B,15237,1.000000,A_LE30MIN,3,3
43,APPLAUSE:123402 | APPLAUSE:4257,Bamberg,208,123402,80696,Hamburg,101,4257,3305,1740.000,0.42750798,A,123398,1.000000,A_LE30MIN,3,3
44,APPLAUSE:125713 | APPLAUSE:4943,Bamberg,208,125713,83007,Hamburg,101,4943,3833,1740.000,0.10107253,A,125745,1.000000,A_LE30MIN,1,1
45,APPLAUSE:125744 | APPLAUSE:4943,Bamberg,208,125744,83038,Hamburg,101,4943,3833,1740.000,0.34991177,A,125745,1.000000,A_LE30MIN,1,1
46,APPLAUSE:125745 | APPLAUSE:4943,Bamberg,208,125745,83039,Hamburg,101,4943,3833,1740.000,0.33158577,A,125744,1.000000,A_LE30MIN,1,2
47,APPLAUSE:125870 | APPLAUSE:4969,Bamberg,208,125870,83164,Hamburg,101,4969,3850,1740.000,0.51363596,A,125863,1.000000,A_LE30MIN,3,3
48,APPLAUSE:126213 | APPLAUSE:5085,Bamberg,208,126213,83507,Hamburg,101,5085,3918,1740.000,0.65272593,A,126212,1.000000,A_LE30MIN,2,2
49,APPLAUSE:126236 | APPLAUSE:5085,Bamberg,208,126236,83530,Hamburg,101,5085,3918,1740.000,0.45844297,A,126235,1.000000,A_LE30MIN,1,1
50,APPLAUSE:129742 | APPLAUSE:110957,Bamberg,208,129742,87012,Hamburg,111,110957,64925,1740.000,1.00000000,A,129747,1.000000,A_LE30MIN,1,1
51,APPLAUSE:129742 | APPLAUSE:7862,Bamberg,208,129742,87012,Hamburg,101,7862,4978,1740.000,0.00104111,A,129747,1.000000,A_LE30MIN,1,1
52,APPLAUSE:129747 | APPLAUSE:110957,Bamberg,208,129747,87017,Hamburg,111,110957,64925,1740.000,1.00000000,A,129742,1.000000,A_LE30MIN,1,2
53,APPLAUSE:127161 | APPLAUSE:5704,Bamberg,208,127161,84442,Hamburg,101,5704,4061,1738.000,0.83479814,A,127162,1.000000,A_LE30MIN,1,1
54,APPLAUSE:126095 | APPLAUSE:5060,Bamberg,208,126095,83389,Hamburg,101,5060,3899,1680.000,0.05824656,A,126107,1.000000,A_LE30MIN,2,4
55,APPLAUSE:127882 | APPLAUSE:6420,Bamberg,208,127882,85156,Hamburg,101,6420,4275,1680.000,0.00108263,A,127883,1.000000,A_LE30MIN,3,5
56,APPLAUSE:126104 | APPLAUSE:5060,Bamberg,208,126104,83398,Hamburg,101,5060,3899,1671.000,0.06617210,A,126103,1.000000,A_LE30MIN,4,5
57,APPLAUSE:127891 | APPLAUSE:6424,Bamberg,208,127891,85165,Hamburg,101,6424,4279,1522.000,0.04490355,A,127890,1.000000,A_LE30MIN,6,6
58,APPLAUSE:123569 | APPLAUSE:4316,Bamberg,208,123569,80863,Hamburg,101,4316,3364,1508.000,0.00075895,A,123548,1.000000,A_LE30MIN,1,1
59,APPLAUSE:125353 | APPLAUSE:110782,Bamberg,208,125353,82647,Hamburg,111,110782,64840,1440.000,0.75571530,A,125428,1.000000,A_LE30MIN,4,5
60,APPLAUSE:125426 | APPLAUSE:110781,Bamberg,208,125426,82720,Hamburg,111,110781,64839,1440.000,0.69439817,A,125425,1.000000,A_LE30MIN,6,6
61,APPLAUSE:125429 | APPLAUSE:110782,Bamberg,208,125429,82723,Hamburg,111,110782,64840,1440.000,1.00000000,A,125428,1.000000,A_LE30MIN,4,5
62,APPLAUSE:127880 | APPLAUSE:6420,Bamberg,208,127880,85154,Hamburg,101,6420,4275,1380.000,0.00013195,A,127881,1.000000,A_LE30MIN,4,4
63,APPLAUSE:127196 | APPLAUSE:5728,Bamberg,208,127196,84477,Hamburg,101,5728,4071,1310.000,1.00000000,A,127195,1.000000,A_LE30MIN,5,5
64,APPLAUSE:127210 | APPLAUSE:5728,Bamberg,208,127210,84491,Hamburg,101,5728,4071,1310.000,1.00000000,A,127195,1.000000,A_LE30MIN,5,5
65,APPLAUSE:127375 | APPLAUSE:5770,Bamberg,208,127375,84656,Hamburg,101,5770,4091,1299.000,0.74171339,A,127376,1.000000,A_LE30MIN,4,4
66,APPLAUSE:127381 | APPLAUSE:5770,Bamberg,208,127381,84662,Hamburg,101,5770,4091,1299.000,1.00000000,A,127382,1.000000,A_LE30MIN,1,1
67,APPLAUSE:124575 | APPLAUSE:4502,Bamberg,208,124575,81869,Hamburg,101,4502,3542,1287.000,1.00000000,A,124574,1.000000,A_LE30MIN,1,1
68,APPLAUSE:125865 | APPLAUSE:4969,Bamberg,208,125865,83159,Hamburg,101,4969,3850,1200.000,0.89999038,A,125864,1.000000,A_LE30MIN,1,1
69,APPLAUSE:134001 | APPLAUSE:15153,Bamberg,208,134001,90871,Hamburg,101,15153,8416,1197.000,1.00000000,B,15154,1.000000,A_LE30MIN,9,9
70,APPLAUSE:134001 | APPLAUSE:15154,Bamberg,208,134001,90871,Hamburg,101,15154,8417,1197.000,1.00000000,B,15153,1.000000,A_LE30MIN,8,8
71,APPLAUSE:134021 | APPLAUSE:15150,Bamberg,208,134021,90891,Hamburg,101,15150,8413,1197.000,1.00000000,B,15149,1.000000,A_LE30MIN,11,11
72,APPLAUSE:134025 | APPLAUSE:15153,Bamberg,208,134025,90895,Hamburg,101,15153,8416,1197.000,1.00000000,B,15154,1.000000,A_LE30MIN,11,11
73,APPLAUSE:134611 | APPLAUSE:15237,Bamberg,208,134611,91481,Hamburg,101,15237,8500,1178.000,1.00000000,B,15236,1.000000,A_LE30MIN,5,5
74,APPLAUSE:134612 | APPLAUSE:15237,Bamberg,208,134612,91482,Hamburg,101,15237,8500,1178.000,0.05946265,B,15236,1.000000,A_LE30MIN,5,5
75,APPLAUSE:134025 | APPLAUSE:15154,Bamberg,208,134025,90895,Hamburg,101,15154,8417,1157.000,1.00000000,B,15153,1.000000,A_LE30MIN,10,10
76,APPLAUSE:122966 | APPLAUSE:4134,Bamberg,208,122966,80260,Hamburg,101,4134,3196,1090.000,1.00000000,A,122965,1.000000,A_LE30MIN,7,7
77,APPLAUSE:125335 | APPLAUSE:60117,Bamberg,208,125335,82629,Hamburg,103,60117,18471,1014.000,1.00000000,A,125412,1.000000,A_LE30MIN,1,1
78,APPLAUSE:125411 | APPLAUSE:60117,Bamberg,208,125411,82705,Hamburg,103,60117,18471,1014.000,1.00000000,A,125412,1.000000,A_LE30MIN,1,1
79,APPLAUSE:124204 | APPLAUSE:4444,Bamberg,208,124204,81498,Hamburg,101,4444,3488,942.000,1.00000000,A,124203,1.000000,A_LE30MIN,4,4
80,APPLAUSE:126107 | APPLAUSE:5060,Bamberg,208,126107,83401,Hamburg,101,5060,3899,900.000,0.06617210,A,126106,1.000000,A_LE30MIN,4,5
81,APPLAUSE:123403 | APPLAUSE:4258,Bamberg,208,123403,80697,Hamburg,101,4258,3306,897.000,0.44675045,A,123402,1.000000,A_LE30MIN,2,2
82,APPLAUSE:138841 | APPLAUSE:34506,Bamberg,208,138841,95711,South Africa,202,34506,52252,840.000,1.00000000,B,34505,1.000000,A_LE30MIN,4,4
83,APPLAUSE:124301 | APPLAUSE:4460,Bamberg,208,124301,81595,Hamburg,101,4460,3504,836.000,0.88093090,A,124302,1.000000,A_LE30MIN,2,3
84,APPLAUSE:126438 | APPLAUSE:5223,Bamberg,208,126438,83732,Hamburg,101,5223,3978,739.000,0.70151344,A,126439,1.000000,A_LE30MIN,2,3
85,APPLAUSE:134021 | APPLAUSE:15149,Bamberg,208,134021,90891,Hamburg,101,15149,8412,658.000,1.00000000,B,15150,1.000000,A_LE30MIN,11,11
86,APPLAUSE:127007 | APPLAUSE:5479,Bamberg,208,127007,84301,Hamburg,101,5479,4032,599.000,1.00000000,A,127026,1.000000,A_LE30MIN,3,3
87,APPLAUSE:127027 | APPLAUSE:5479,Bamberg,208,127027,84321,Hamburg,101,5479,4032,599.000,1.00000000,A,127026,1.000000,A_LE30MIN,3,3
88,APPLAUSE:122455 | APPLAUSE:4008,Bamberg,208,122455,79749,Hamburg,101,4008,3076,585.000,0.50633933,A,122456,1.000000,A_LE30MIN,1,1
89,APPLAUSE:125353 | APPLAUSE:4848,Bamberg,208,125353,82647,Hamburg,101,4848,3753,579.000,0.94990657,A,125428,1.000000,A_LE30MIN,4,4
90,APPLAUSE:125429 | APPLAUSE:4848,Bamberg,208,125429,82723,Hamburg,101,4848,3753,579.000,0.88778325,A,125428,1.000000,A_LE30MIN,4,4
91,APPLAUSE:123399 | APPLAUSE:4259,Bamberg,208,123399,80693,Hamburg,101,4259,3307,480.000,1.00000000,A,123400,1.000000,A_LE30MIN,1,1
92,APPLAUSE:123521 | APPLAUSE:4312,Bamberg,208,123521,80815,Hamburg,101,4312,3360,476.000,0.29690781,A,123522,1.000000,A_LE30MIN,2,2
93,APPLAUSE:127889 | APPLAUSE:6423,Bamberg,208,127889,85163,Hamburg,101,6423,4278,465.000,0.11183121,A,127890,1.000000,A_LE30MIN,4,5
94,APPLAUSE:125847 | APPLAUSE:4969,Bamberg,208,125847,83141,Hamburg,101,4969,3850,439.000,0.46180052,A,125848,1.000000,A_LE30MIN,2,2
95,APPLAUSE:125855 | APPLAUSE:4969,Bamberg,208,125855,83149,Hamburg,101,4969,3850,439.000,0.63325669,A,125848,1.000000,A_LE30MIN,2,2
96,APPLAUSE:127028 | APPLAUSE:5480,Bamberg,208,127028,84322,Hamburg,101,5480,4032,430.000,1.00000000,A,127007,1.000000,A_LE30MIN,4,4
97,APPLAUSE:123513 | APPLAUSE:4308,Bamberg,208,123513,80807,Hamburg,101,4308,3356,389.000,0.54528054,A,123514,1.000000,A_LE30MIN,1,1
98,APPLAUSE:127377 | APPLAUSE:5770,Bamberg,208,127377,84658,Hamburg,101,5770,4091,371.000,0.72709980,A,127376,1.000000,A_LE30MIN,4,4
99,APPLAUSE:127122 | APPLAUSE:5512,Bamberg,208,127122,84403,Hamburg,101,5512,4045,348.000,0.47272651,A,127110,1.000000,A_LE30MIN,3,3
100,APPLAUSE:123400 | APPLAUSE:4259,Bamberg,208,123400,80694,Hamburg,101,4259,3307,267.000,1.00000000,A,123399,1.000000,A_LE30MIN,1,1
101,APPLAUSE:125428 | APPLAUSE:110781,Bamberg,208,125428,82722,Hamburg,111,110781,64839,240.000,0.60173979,A,125353,1.000000,A_LE30MIN,7,7
102,APPLAUSE:138843 | APPLAUSE:34506,Bamberg,208,138843,95713,South Africa,202,34506,52252,240.000,1.00000000,B,34505,1.000000,A_LE30MIN,4,4
103,APPLAUSE:127192 | APPLAUSE:5728,Bamberg,208,127192,84473,Hamburg,101,5728,4071,231.000,1.00000000,A,127191,1.000000,A_LE30MIN,10,10
104,APPLAUSE:123395 | APPLAUSE:4256,Bamberg,208,123395,80689,Hamburg,101,4256,3304,224.000,0.50948040,A,123394,1.000000,A_LE30MIN,4,4
105,APPLAUSE:126100 | APPLAUSE:5053,Bamberg,208,126100,83394,Hamburg,101,5053,3895,180.000,0.31640175,A,126089,1.000000,A_LE30MIN,3,3
106,APPLAUSE:127884 | APPLAUSE:6420,Bamberg,208,127884,85158,Hamburg,101,6420,4275,138.000,0.00084038,A,127883,1.000000,A_LE30MIN,4,5
107,APPLAUSE:127007 | APPLAUSE:5480,Bamberg,208,127007,84301,Hamburg,101,5480,4032,106.000,1.00000000,A,127026,1.000000,A_LE30MIN,3,3
108,APPLAUSE:127027 | APPLAUSE:5480,Bamberg,208,127027,84321,Hamburg,101,5480,4032,106.000,1.00000000,A,127026,1.000000,A_LE30MIN,3,3
109,APPLAUSE:129439 | APPLAUSE:7647,Bamberg,208,129439,86709,Hamburg,101,7647,4837,106.000,1.00000000,A,129438,1.000000,A_LE30MIN,2,2
110,APPLAUSE:125522 | APPLAUSE:4908,Bamberg,208,125522,82816,Hamburg,101,4908,3801,60.000,1.00000000,A,125523,1.000000,A_LE30MIN,1,1
111,APPLAUSE:123403 | APPLAUSE:4257,Bamberg,208,123403,80697,Hamburg,101,4257,3305,45.000,0.44803230,A,123402,1.000000,A_LE30MIN,2,2
112,APPLAUSE:127020 | APPLAUSE:5473,Bamberg,208,127020,84314,Hamburg,101,5473,4030,23.000,1.00000000,A,127019,1.000000,A_LE30MIN,1,1
113,APPLAUSE:127891 | APPLAUSE:6423,Bamberg,208,127891,85165,Hamburg,101,6423,4278,9.000,0.04426434,A,127890,1.000000,A_LE30MIN,5,5
114,APPLAUSE:134429 | APPLAUSE:15189,Bamberg,208,134429,91299,Hamburg,101,15189,8452,2394.000,1.00000000,B,15190,1.983333,A_LE30MIN,4,4
115,APPLAUSE:134114 | APPLAUSE:15164,Bamberg,208,134114,90984,Hamburg,101,15164,8427,1197.000,1.00000000,B,15165,1.983333,A_LE30MIN,6,6
116,APPLAUSE:134025 | APPLAUSE:15152,Bamberg,208,134025,90895,Hamburg,101,15152,8415,1067.000,1.00000000,B,15153,1.983333,A_LE30MIN,12,12
117,APPLAUSE:134114 | APPLAUSE:15165,Bamberg,208,134114,90984,Hamburg,101,15165,8428,1000.000,1.00000000,B,15164,1.983333,A_LE30MIN,6,6
118,APPLAUSE:134001 | APPLAUSE:15152,Bamberg,208,134001,90871,Hamburg,101,15152,8415,527.000,1.00000000,B,15153,1.983333,A_LE30MIN,10,10
119,APPLAUSE:134429 | APPLAUSE:15190,Bamberg,208,134429,91299,Hamburg,101,15190,8453,11.000,1.00000000,B,15189,1.983333,A_LE30MIN,4,4
120,APPLAUSE:131342 | APPLAUSE:11147,Bamberg,208,131342,88424,Hamburg,101,11147,6724,2393.000,0.26212056,A,131343,2.000000,A_LE30MIN,4,4
121,APPLAUSE:139453 | APPLAUSE:13889,Castel Gandolfo,501,139453,96323,Hamburg,101,13889,7547,1970.000,0.02189816,A,139452,2.000000,A_LE30MIN,3,3
122,APPLAUSE:139446 | APPLAUSE:13884,Castel Gandolfo,501,139446,96316,Hamburg,101,13884,7544,1921.000,0.42231398,A,139447,2.000000,A_LE30MIN,3,3
123,APPLAUSE:139431 | APPLAUSE:13877,Castel Gandolfo,501,139431,96301,Hamburg,101,13877,7537,1874.000,0.71060374,A,139430,2.000000,A_LE30MIN,5,5
124,APPLAUSE:132462 | APPLAUSE:139447,Bamberg,208,132462,89388,Castel Gandolfo,501,139447,96317,1860.000,0.06337964,B,139446,2.000000,A_LE30MIN,1,1
125,APPLAUSE:139430 | APPLAUSE:13876,Castel Gandolfo,501,139430,96300,Hamburg,101,13876,7536,1806.000,0.71062731,A,139431,2.000000,A_LE30MIN,5,5
126,APPLAUSE:125458 | APPLAUSE:4861,Bamberg,208,125458,82752,Hamburg,101,4861,3766,1800.000,0.00153399,A,125457,2.000000,A_LE30MIN,1,1
127,APPLAUSE:138748 | APPLAUSE:34307,Bamberg,208,138748,95618,South Africa,202,34307,52053,1800.000,0.41716662,B,34308,2.000000,A_LE30MIN,1,1
128,APPLAUSE:135722 | APPLAUSE:15326,Bamberg,208,135722,92592,Hamburg,101,15326,8581,1795.000,1.00000000,B,15327,2.000000,A_LE30MIN,8,8
129,APPLAUSE:135726 | APPLAUSE:15328,Bamberg,208,135726,92596,Hamburg,101,15328,8583,1795.000,1.00000000,B,15329,2.000000,A_LE30MIN,5,5
130,APPLAUSE:135727 | APPLAUSE:15328,Bamberg,208,135727,92597,Hamburg,101,15328,8583,1795.000,1.00000000,B,15329,2.000000,A_LE30MIN,6,6
131,APPLAUSE:137954 | APPLAUSE:15445,Bamberg,208,137954,94824,Hamburg,101,15445,8700,1795.000,0.36302560,B,15446,2.000000,A_LE30MIN,1,1
132,APPLAUSE:139447 | APPLAUSE:13885,Castel Gandolfo,501,139447,96317,Hamburg,101,13885,7545,1749.000,0.41324515,A,139446,2.000000,A_LE30MIN,3,3
133,APPLAUSE:139429 | APPLAUSE:13875,Castel Gandolfo,501,139429,96299,Hamburg,101,13875,7535,1679.000,0.10344803,A,139428,2.000000,A_LE30MIN,4,4
134,APPLAUSE:131343 | APPLAUSE:11149,Bamberg,208,131343,88425,Hamburg,101,11149,6726,1633.000,0.26026275,A,131342,2.000000,A_LE30MIN,4,4
135,APPLAUSE:137954 | APPLAUSE:15446,Bamberg,208,137954,94824,Hamburg,101,15446,8701,1253.000,0.36811366,B,15445,2.000000,A_LE30MIN,1,1
136,APPLAUSE:134110 | APPLAUSE:15162,Bamberg,208,134110,90980,Hamburg,101,15162,8425,1197.000,1.00000000,B,15161,2.000000,A_LE30MIN,7,7
137,APPLAUSE:134029 | APPLAUSE:15156,Bamberg,208,134029,90899,Hamburg,101,15156,8419,1196.000,1.00000000,B,15157,2.000000,A_LE30MIN,7,7
138,APPLAUSE:134110 | APPLAUSE:15161,Bamberg,208,134110,90980,Hamburg,101,15161,8424,1196.000,1.00000000,B,15162,2.000000,A_LE30MIN,7,7
139,APPLAUSE:134114 | APPLAUSE:15163,Bamberg,208,134114,90984,Hamburg,101,15163,8426,1164.000,1.00000000,B,15164,2.000000,A_LE30MIN,6,6
140,APPLAUSE:135726 | APPLAUSE:15327,Bamberg,208,135726,92596,Hamburg,101,15327,8582,1063.000,1.00000000,B,15326,2.000000,A_LE30MIN,6,6
141,APPLAUSE:135727 | APPLAUSE:15327,Bamberg,208,135727,92597,Hamburg,101,15327,8582,1063.000,1.00000000,B,15326,2.000000,A_LE30MIN,7,7
142,APPLAUSE:134029 | APPLAUSE:15157,Bamberg,208,134029,90899,Hamburg,101,15157,8420,869.000,1.00000000,B,15156,2.000000,A_LE30MIN,7,7
143,APPLAUSE:128967 | APPLAUSE:7282,Bamberg,208,128967,86237,Hamburg,101,7282,4611,778.000,1.00000000,B,7281,2.000000,A_LE30MIN,23,23
144,APPLAUSE:135722 | APPLAUSE:15325,Bamberg,208,135722,92592,Hamburg,101,15325,8580,655.000,1.00000000,B,15324,2.000000,A_LE30MIN,8,8
145,APPLAUSE:138748 | APPLAUSE:34308,Bamberg,208,138748,95618,South Africa,202,34308,52054,600.000,0.41394972,B,34307,2.000000,A_LE30MIN,1,1
146,APPLAUSE:138843 | APPLAUSE:34507,Bamberg,208,138843,95713,South Africa,202,34507,52253,540.000,1.00000000,B,34506,2.000000,A_LE30MIN,3,3
147,APPLAUSE:124665 | APPLAUSE:4508,Bamberg,208,124665,81959,Hamburg,101,4508,3548,530.000,0.01592988,A,124664,2.000000,A_LE30MIN,1,1
148,APPLAUSE:139430 | APPLAUSE:13875,Castel Gandolfo,501,139430,96300,Hamburg,101,13875,7535,475.000,0.70928719,A,139431,2.000000,A_LE30MIN,4,4
149,APPLAUSE:139431 | APPLAUSE:13876,Castel Gandolfo,501,139431,96301,Hamburg,101,13876,7536,467.000,0.70769289,A,139430,2.000000,A_LE30MIN,5,5
150,APPLAUSE:139505 | APPLAUSE:13946,Castel Gandolfo,501,139505,96375,Hamburg,101,13946,7595,364.000,0.00339776,A,139506,2.000000,A_LE30MIN,3,3
151,APPLAUSE:138753 | APPLAUSE:34308,Bamberg,208,138753,95623,South Africa,202,34308,52054,360.000,1.00000000,B,34307,2.000000,A_LE30MIN,1,1
152,APPLAUSE:139447 | APPLAUSE:13884,Castel Gandolfo,501,139447,96317,Hamburg,101,13884,7544,353.000,0.42169586,A,139446,2.000000,A_LE30MIN,3,3
153,APPLAUSE:135722 | APPLAUSE:15327,Bamberg,208,135722,92592,Hamburg,101,15327,8582,312.000,1.00000000,B,15326,2.000000,A_LE30MIN,7,7
154,APPLAUSE:135726 | APPLAUSE:15329,Bamberg,208,135726,92596,Hamburg,101,15329,8584,263.000,1.00000000,B,15328,2.000000,A_LE30MIN,4,4
155,APPLAUSE:135727 | APPLAUSE:15329,Bamberg,208,135727,92597,Hamburg,101,15329,8584,263.000,1.00000000,B,15328,2.000000,A_LE30MIN,5,5
156,APPLAUSE:128542 | APPLAUSE:6912,Bamberg,208,128542,85814,Hamburg,101,6912,4427,240.000,1.00000000,A,128553,2.000000,A_LE30MIN,32,32
157,APPLAUSE:128553 | APPLAUSE:6922,Bamberg,208,128553,85825,Hamburg,101,6922,4428,240.000,1.00000000,A,128542,2.000000,A_LE30MIN,23,23
158,APPLAUSE:128553 | APPLAUSE:6926,Bamberg,208,128553,85825,Hamburg,101,6926,4428,240.000,1.00000000,A,128542,2.000000,A_LE30MIN,20,20
159,APPLAUSE:128542 | APPLAUSE:6913,Bamberg,208,128542,85814,Hamburg,101,6913,4427,239.000,1.00000000,A,128553,2.000000,A_LE30MIN,32,32
160,APPLAUSE:128542 | APPLAUSE:6914,Bamberg,208,128542,85814,Hamburg,101,6914,4427,239.000,1.00000000,A,128553,2.000000,A_LE30MIN,32,32
161,APPLAUSE:128542 | APPLAUSE:6915,Bamberg,208,128542,85814,Hamburg,101,6915,4427,239.000,1.00000000,A,128553,2.000000,A_LE30MIN,31,31
162,APPLAUSE:128542 | APPLAUSE:6916,Bamberg,208,128542,85814,Hamburg,101,6916,4427,239.000,1.00000000,A,128553,2.000000,A_LE30MIN,30,30
163,APPLAUSE:128553 | APPLAUSE:6919,Bamberg,208,128553,85825,Hamburg,101,6919,4427,239.000,1.00000000,A,128542,2.000000,A_LE30MIN,27,27
164,APPLAUSE:128553 | APPLAUSE:6920,Bamberg,208,128553,85825,Hamburg,101,6920,4427,239.000,1.00000000,A,128542,2.000000,A_LE30MIN,26,26
165,APPLAUSE:128553 | APPLAUSE:6921,Bamberg,208,128553,85825,Hamburg,101,6921,4427,239.000,1.00000000,A,128542,2.000000,A_LE30MIN,25,25
166,APPLAUSE:128553 | APPLAUSE:6923,Bamberg,208,128553,85825,Hamburg,101,6923,4428,239.000,1.00000000,A,128542,2.000000,A_LE30MIN,22,22
167,APPLAUSE:128553 | APPLAUSE:6924,Bamberg,208,128553,85825,Hamburg,101,6924,4428,239.000,1.00000000,A,128542,2.000000,A_LE30MIN,22,22
168,APPLAUSE:128553 | APPLAUSE:6925,Bamberg,208,128553,85825,Hamburg,101,6925,4428,239.000,1.00000000,A,128542,2.000000,A_LE30MIN,21,21
169,APPLAUSE:128542 | APPLAUSE:6917,Bamberg,208,128542,85814,Hamburg,101,6917,4427,235.000,1.00000000,A,128553,2.000000,A_LE30MIN,29,29
170,APPLAUSE:128553 | APPLAUSE:6918,Bamberg,208,128553,85825,Hamburg,101,6918,4427,184.000,1.00000000,A,128542,2.000000,A_LE30MIN,28,28
171,APPLAUSE:139446 | APPLAUSE:13883,Castel Gandolfo,501,139446,96316,Hamburg,101,13883,7543,181.000,0.41587723,A,139447,2.000000,A_LE30MIN,3,3
172,APPLAUSE:129039 | APPLAUSE:7359,Bamberg,208,129039,86309,Hamburg,101,7359,4627,180.000,1.00000000,B,7358,2.000000,A_LE30MIN,28,28
173,APPLAUSE:129039 | APPLAUSE:7358,Bamberg,208,129039,86309,Hamburg,101,7358,4626,179.000,1.00000000,B,7359,2.000000,A_LE30MIN,27,27
174,APPLAUSE:139432 | APPLAUSE:13878,Castel Gandolfo,501,139432,96302,Hamburg,101,13878,7538,2121.000,0.97397649,A,139433,3.000000,A_LE30MIN,5,5
175,APPLAUSE:139433 | APPLAUSE:13879,Castel Gandolfo,501,139433,96303,Hamburg,101,13879,7539,2009.000,0.99819752,A,139432,3.000000,A_LE30MIN,4,4
176,APPLAUSE:138753 | APPLAUSE:34309,Bamberg,208,138753,95623,South Africa,202,34309,52055,1800.000,0.33344704,B,34310,3.000000,A_LE30MIN,1,1
177,APPLAUSE:138758 | APPLAUSE:34311,Bamberg,208,138758,95628,South Africa,202,34311,52057,1800.000,1.00000000,B,34312,3.000000,A_LE30MIN,1,1
178,APPLAUSE:138758 | APPLAUSE:34312,Bamberg,208,138758,95628,South Africa,202,34312,52058,1560.000,1.00000000,B,34311,3.000000,A_LE30MIN,1,1
179,APPLAUSE:133965 | APPLAUSE:15140,Bamberg,208,133965,90835,Hamburg,101,15140,8403,1196.000,1.00000000,B,15139,3.000000,A_LE30MIN,7,7
180,APPLAUSE:134029 | APPLAUSE:15155,Bamberg,208,134029,90899,Hamburg,101,15155,8418,1196.000,1.00000000,B,15156,3.000000,A_LE30MIN,8,8
181,APPLAUSE:138753 | APPLAUSE:34310,Bamberg,208,138753,95623,South Africa,202,34310,52056,1080.000,0.33351597,B,34309,3.000000,A_LE30MIN,1,1
182,APPLAUSE:129357 | APPLAUSE:7549,Bamberg,208,129357,86627,Hamburg,101,7549,4767,598.000,0.95781799,B,7550,3.000000,A_LE30MIN,2,2
183,APPLAUSE:133965 | APPLAUSE:15139,Bamberg,208,133965,90835,Hamburg,101,15139,8402,595.000,1.00000000,B,15140,3.000000,A_LE30MIN,7,7
184,APPLAUSE:132552 | APPLAUSE:13977,Bamberg,208,132552,89478,Hamburg,101,13977,7615,419.000,1.00000000,B,13978,3.000000,A_LE30MIN,2,2
185,APPLAUSE:132552 | APPLAUSE:13978,Bamberg,208,132552,89478,Hamburg,101,13978,7616,419.000,1.00000000,B,13977,3.000000,A_LE30MIN,2,2
186,APPLAUSE:132570 | APPLAUSE:139511,Bamberg,208,132570,89496,Castel Gandolfo,501,139511,96381,360.000,1.00000000,B,139512,3.000000,A_LE30MIN,14,14
187,APPLAUSE:132570 | APPLAUSE:139512,Bamberg,208,132570,89496,Castel Gandolfo,501,139512,96382,360.000,1.00000000,B,139511,3.000000,A_LE30MIN,15,15
188,APPLAUSE:132570 | APPLAUSE:139514,Bamberg,208,132570,89496,Castel Gandolfo,501,139514,96384,360.000,1.00000000,B,139515,3.000000,A_LE30MIN,15,15
189,APPLAUSE:132570 | APPLAUSE:139515,Bamberg,208,132570,89496,Castel Gandolfo,501,139515,96385,360.000,1.00000000,B,139514,3.000000,A_LE30MIN,15,15
190,APPLAUSE:128541 | APPLAUSE:6907,Bamberg,208,128541,85813,Hamburg,101,6907,4426,240.000,1.00000000,A,128552,3.000000,A_LE30MIN,30,30
191,APPLAUSE:128541 | APPLAUSE:6908,Bamberg,208,128541,85813,Hamburg,101,6908,4426,240.000,1.00000000,A,128552,3.000000,A_LE30MIN,31,31
192,APPLAUSE:128552 | APPLAUSE:6912,Bamberg,208,128552,85824,Hamburg,101,6912,4427,240.000,1.00000000,A,128541,3.000000,A_LE30MIN,32,32
193,APPLAUSE:128541 | APPLAUSE:6905,Bamberg,208,128541,85813,Hamburg,101,6905,4426,239.000,1.00000000,A,128552,3.000000,A_LE30MIN,28,28
194,APPLAUSE:128541 | APPLAUSE:6906,Bamberg,208,128541,85813,Hamburg,101,6906,4426,239.000,1.00000000,A,128552,3.000000,A_LE30MIN,29,29
195,APPLAUSE:128541 | APPLAUSE:6909,Bamberg,208,128541,85813,Hamburg,101,6909,4426,239.000,1.00000000,A,128552,3.000000,A_LE30MIN,32,32
196,APPLAUSE:128541 | APPLAUSE:6910,Bamberg,208,128541,85813,Hamburg,101,6910,4426,239.000,1.00000000,A,128552,3.000000,A_LE30MIN,32,32
197,APPLAUSE:128541 | APPLAUSE:6911,Bamberg,208,128541,85813,Hamburg,101,6911,4426,239.000,1.00000000,A,128552,3.000000,A_LE30MIN,32,32
198,APPLAUSE:128552 | APPLAUSE:6913,Bamberg,208,128552,85824,Hamburg,101,6913,4427,239.000,1.00000000,A,128541,3.000000,A_LE30MIN,32,32
199,APPLAUSE:128552 | APPLAUSE:6914,Bamberg,208,128552,85824,Hamburg,101,6914,4427,239.000,1.00000000,A,128541,3.000000,A_LE30MIN,32,32
200,APPLAUSE:128552 | APPLAUSE:6915,Bamberg,208,128552,85824,Hamburg,101,6915,4427,239.000,1.00000000,A,128541,3.000000,A_LE30MIN,31,31
201,APPLAUSE:128552 | APPLAUSE:6916,Bamberg,208,128552,85824,Hamburg,101,6916,4427,239.000,1.00000000,A,128541,3.000000,A_LE30MIN,30,30
202,APPLAUSE:128552 | APPLAUSE:6917,Bamberg,208,128552,85824,Hamburg,101,6917,4427,235.000,1.00000000,A,128541,3.000000,A_LE30MIN,29,29
203,APPLAUSE:139432 | APPLAUSE:13877,Castel Gandolfo,501,139432,96302,Hamburg,101,13877,7537,220.000,1.00000000,A,139433,3.000000,A_LE30MIN,5,5
204,APPLAUSE:128541 | APPLAUSE:6904,Bamberg,208,128541,85813,Hamburg,101,6904,4426,196.000,1.00000000,A,128552,3.000000,A_LE30MIN,27,27
205,APPLAUSE:134001 | APPLAUSE:15155,Bamberg,208,134001,90871,Hamburg,101,15155,8418,141.000,1.00000000,B,15156,3.000000,A_LE30MIN,7,7
206,APPLAUSE:129357 | APPLAUSE:7550,Bamberg,208,129357,86627,Hamburg,101,7550,4768,119.000,0.95436894,B,7549,3.000000,A_LE30MIN,2,2
207,APPLAUSE:139433 | APPLAUSE:13878,Castel Gandolfo,501,139433,96303,Hamburg,101,13878,7538,92.000,0.97367975,A,139432,3.000000,A_LE30MIN,5,5
208,APPLAUSE:132570 | APPLAUSE:139516,Bamberg,208,132570,89496,Castel Gandolfo,501,139516,96386,60.000,1.00000000,B,139515,3.000000,A_LE30MIN,15,15
209,APPLAUSE:122984 | APPLAUSE:4134,Bamberg,208,122984,80278,Hamburg,101,4134,3196,1090.000,1.00000000,B,4136,3.650000,A_LE30MIN,6,6
210,APPLAUSE:123398 | APPLAUSE:4258,Bamberg,208,123398,80692,Hamburg,101,4258,3306,897.000,1.00000000,B,4257,3.816667,A_LE30MIN,1,2
211,APPLAUSE:123398 | APPLAUSE:4257,Bamberg,208,123398,80692,Hamburg,101,4257,3305,45.000,1.00000000,B,4258,3.816667,A_LE30MIN,1,2
212,APPLAUSE:125753 | APPLAUSE:60199,Bamberg,208,125753,83047,Hamburg,103,60199,18553,898.000,1.00000000,B,60198,3.983333,A_LE30MIN,1,1
213,APPLAUSE:134672 | APPLAUSE:15251,Bamberg,208,134672,91542,Hamburg,101,15251,8514,704.000,0.01834649,B,15252,3.983333,A_LE30MIN,2,2
214,APPLAUSE:129538 | APPLAUSE:7749,Bamberg,208,129538,86808,Hamburg,101,7749,4929,240.000,1.00000000,B,7750,3.983333,A_LE30MIN,11,11
215,APPLAUSE:129538 | APPLAUSE:7750,Bamberg,208,129538,86808,Hamburg,101,7750,4930,240.000,1.00000000,B,7749,3.983333,A_LE30MIN,11,11
216,APPLAUSE:129540 | APPLAUSE:7754,Bamberg,208,129540,86810,Hamburg,101,7754,4934,240.000,0.99755958,B,7753,3.983333,A_LE30MIN,9,9
217,APPLAUSE:125753 | APPLAUSE:60198,Bamberg,208,125753,83047,Hamburg,103,60198,18552,157.000,1.00000000,B,60199,3.983333,A_LE30MIN,1,1
218,APPLAUSE:92138 | APPLAUSE:18461,Hamburg,106,92138,61935,South Africa,203,18461,30571,2923.000,0.09403642,B,18455,4.000000,A_LE30MIN,3,3
219,APPLAUSE:132570 | APPLAUSE:139510,Bamberg,208,132570,89496,Castel Gandolfo,501,139510,96380,360.000,1.00000000,B,139509,4.000000,A_LE30MIN,13,13
220,APPLAUSE:132570 | APPLAUSE:139513,Bamberg,208,132570,89496,Castel Gandolfo,501,139513,96383,360.000,1.00000000,B,139512,4.000000,A_LE30MIN,15,15
221,APPLAUSE:127896 | APPLAUSE:6424,Bamberg,208,127896,85170,Hamburg,101,6424,4279,1522.000,0.77899911,B,6423,4.483333,A_LE30MIN,4,4
222,APPLAUSE:127892 | APPLAUSE:6424,Bamberg,208,127892,85166,Hamburg,101,6424,4279,812.000,0.33526212,B,6423,4.483333,A_LE30MIN,4,4
223,APPLAUSE:127897 | APPLAUSE:6424,Bamberg,208,127897,85171,Hamburg,101,6424,4279,812.000,1.00000000,B,6423,4.483333,A_LE30MIN,4,4
224,APPLAUSE:131192 | APPLAUSE:10671,Bamberg,208,131192,88289,Hamburg,101,10671,6603,30.000,1.00000000,B,10672,4.483333,A_LE30MIN,13,13
225,APPLAUSE:131192 | APPLAUSE:10672,Bamberg,208,131192,88289,Hamburg,101,10672,6604,30.000,1.00000000,B,10671,4.483333,A_LE30MIN,13,13
226,APPLAUSE:139012 | APPLAUSE:12569,Castel Gandolfo,501,139012,95882,Hamburg,101,12569,7051,30.000,0.22127476,B,12570,4.483333,A_LE30MIN,32,32
227,APPLAUSE:139012 | APPLAUSE:12570,Castel Gandolfo,501,139012,95882,Hamburg,101,12570,7052,30.000,0.21708521,B,12569,4.483333,A_LE30MIN,32,32
228,APPLAUSE:127896 | APPLAUSE:6423,Bamberg,208,127896,85170,Hamburg,101,6423,4278,9.000,0.77654578,B,6424,4.483333,A_LE30MIN,3,3
229,APPLAUSE:129175 | APPLAUSE:7459,Bamberg,208,129175,86445,Hamburg,101,7459,4707,264.000,1.00000000,B,7458,4.650000,A_LE30MIN,6,6
230,APPLAUSE:129538 | APPLAUSE:7748,Bamberg,208,129538,86808,Hamburg,101,7748,4928,239.000,1.00000000,B,7747,4.733333,A_LE30MIN,9,9
231,APPLAUSE:129538 | APPLAUSE:7747,Bamberg,208,129538,86808,Hamburg,101,7747,4927,232.000,1.00000000,B,7748,4.733333,A_LE30MIN,11,11
232,APPLAUSE:134509 | APPLAUSE:15212,Bamberg,208,134509,91379,Hamburg,101,15212,8475,2160.000,1.00000000,B,15211,4.983333,A_LE30MIN,4,4
233,APPLAUSE:134510 | APPLAUSE:15212,Bamberg,208,134510,91380,Hamburg,101,15212,8475,2160.000,0.09430721,B,15211,4.983333,A_LE30MIN,4,4
234,APPLAUSE:131797 | APPLAUSE:12757,Bamberg,208,131797,88738,Hamburg,101,12757,7085,1986.000,0.02529030,B,12758,4.983333,A_LE30MIN,2,2
235,APPLAUSE:134021 | APPLAUSE:15151,Bamberg,208,134021,90891,Hamburg,101,15151,8414,1197.000,1.00000000,B,15150,4.983333,A_LE30MIN,12,12
236,APPLAUSE:131797 | APPLAUSE:12758,Bamberg,208,131797,88738,Hamburg,101,12758,7086,1075.000,0.02091626,B,12757,4.983333,A_LE30MIN,2,2
237,APPLAUSE:134509 | APPLAUSE:15213,Bamberg,208,134509,91379,Hamburg,101,15213,8476,782.000,1.00000000,B,15214,4.983333,A_LE30MIN,4,4
238,APPLAUSE:134510 | APPLAUSE:15213,Bamberg,208,134510,91380,Hamburg,101,15213,8476,782.000,0.08746473,B,15214,4.983333,A_LE30MIN,4,4
239,APPLAUSE:132028 | APPLAUSE:13611,Bamberg,208,132028,88955,Hamburg,101,13611,7348,478.000,1.00000000,B,13610,4.983333,A_LE30MIN,5,5
240,APPLAUSE:131792 | APPLAUSE:12757,Bamberg,208,131792,88736,Hamburg,101,12757,7085,168.000,0.00583338,B,12758,4.983333,A_LE30MIN,2,2
241,APPLAUSE:136640 | APPLAUSE:43088,Bamberg,208,136640,93510,Hamburg,102,43088,10721,2381.000,0.56716174,A,136635,5.000000,A_LE30MIN,2,3
242,APPLAUSE:134337 | APPLAUSE:15181,Bamberg,208,134337,91207,Hamburg,101,15181,8444,1795.000,1.00000000,A,134333,5.000000,A_LE30MIN,2,2
243,APPLAUSE:133846 | APPLAUSE:15106,Bamberg,208,133846,90716,Hamburg,101,15106,56052,1764.000,0.07329444,A,133843,5.000000,A_LE30MIN,3,3
244,APPLAUSE:136635 | APPLAUSE:43087,Bamberg,208,136635,93505,Hamburg,102,43087,10720,1563.000,0.66241382,A,136640,5.000000,A_LE30MIN,2,2
245,APPLAUSE:138853 | APPLAUSE:18065,Bamberg,208,138853,95723,South Africa,203,18065,30175,1200.000,0.03587949,A,138851,5.000000,A_LE30MIN,3,3
246,APPLAUSE:135123 | APPLAUSE:15274,Bamberg,208,135123,91993,Hamburg,101,15274,8537,1197.000,0.91665898,A,135127,5.000000,A_LE30MIN,1,1
247,APPLAUSE:135226 | APPLAUSE:15284,Bamberg,208,135226,92096,Hamburg,101,15284,8547,1197.000,1.00000000,A,135230,5.000000,A_LE30MIN,1,2
248,APPLAUSE:135159 | APPLAUSE:15280,Bamberg,208,135159,92029,Hamburg,101,15280,8543,1196.000,0.88276592,A,135163,5.000000,A_LE30MIN,1,2
249,APPLAUSE:135592 | APPLAUSE:91720,Bamberg,208,135592,92462,Hamburg,106,91720,61523,898.000,1.00000000,A,135597,5.000000,A_LE30MIN,1,1
250,APPLAUSE:133902 | APPLAUSE:15125,Bamberg,208,133902,90772,Hamburg,101,15125,8390,720.000,1.00000000,B,15126,5.000000,A_LE30MIN,4,4
251,APPLAUSE:134939 | APPLAUSE:91668,Bamberg,208,134939,91809,Hamburg,106,91668,61479,598.000,0.99600104,A,134935,5.000000,A_LE30MIN,1,1
252,APPLAUSE:134939 | APPLAUSE:91669,Bamberg,208,134939,91809,Hamburg,106,91669,61480,598.000,0.99652811,A,134935,5.000000,A_LE30MIN,1,1
253,APPLAUSE:134940 | APPLAUSE:91668,Bamberg,208,134940,91810,Hamburg,106,91668,61479,598.000,1.00000000,A,134936,5.000000,A_LE30MIN,1,1
254,APPLAUSE:134940 | APPLAUSE:91669,Bamberg,208,134940,91810,Hamburg,106,91669,61480,598.000,1.00000000,A,134936,5.000000,A_LE30MIN,1,2
255,APPLAUSE:134980 | APPLAUSE:91676,Bamberg,208,134980,91850,Hamburg,106,91676,61487,598.000,1.00000000,A,134976,5.000000,A_LE30MIN,2,2
256,APPLAUSE:134980 | APPLAUSE:91677,Bamberg,208,134980,91850,Hamburg,106,91677,61488,577.000,1.00000000,A,134976,5.000000,A_LE30MIN,2,2
257,APPLAUSE:134017 | APPLAUSE:91602,Bamberg,208,134017,90887,Hamburg,106,91602,61413,538.000,1.00000000,A,134021,5.000000,A_LE30MIN,2,2
258,APPLAUSE:136640 | APPLAUSE:43087,Bamberg,208,136640,93510,Hamburg,102,43087,10720,531.000,0.57279988,A,136635,5.000000,A_LE30MIN,2,3
259,APPLAUSE:134944 | APPLAUSE:91671,Bamberg,208,134944,91814,Hamburg,106,91671,61482,515.000,1.00000000,A,134940,5.000000,A_LE30MIN,1,1
260,APPLAUSE:135083 | APPLAUSE:91680,Bamberg,208,135083,91953,Hamburg,106,91680,61491,479.000,1.00000000,A,135087,5.000000,A_LE30MIN,1,1
261,APPLAUSE:135087 | APPLAUSE:91682,Bamberg,208,135087,91957,Hamburg,106,91682,61493,479.000,1.00000000,A,135083,5.000000,A_LE30MIN,2,2
262,APPLAUSE:135091 | APPLAUSE:91684,Bamberg,208,135091,91961,Hamburg,106,91684,61495,479.000,1.00000000,A,135087,5.000000,A_LE30MIN,1,1
263,APPLAUSE:135091 | APPLAUSE:91686,Bamberg,208,135091,91961,Hamburg,106,91686,61497,479.000,1.00000000,A,135087,5.000000,A_LE30MIN,2,2
264,APPLAUSE:135150 | APPLAUSE:91690,Bamberg,208,135150,92020,Hamburg,106,91690,61501,479.000,0.81126508,A,135146,5.000000,A_LE30MIN,1,1
265,APPLAUSE:132028 | APPLAUSE:13612,Bamberg,208,132028,88955,Hamburg,101,13612,7349,478.000,1.00000000,B,13611,5.000000,A_LE30MIN,4,4
266,APPLAUSE:133846 | APPLAUSE:91531,Bamberg,208,133846,90716,Hamburg,106,91531,61342,478.000,1.00000000,A,133843,5.000000,A_LE30MIN,2,2
267,APPLAUSE:134975 | APPLAUSE:91675,Bamberg,208,134975,91845,Hamburg,106,91675,61486,478.000,0.74344523,A,134971,5.000000,A_LE30MIN,1,1
268,APPLAUSE:135086 | APPLAUSE:91683,Bamberg,208,135086,91956,Hamburg,106,91683,61494,478.000,1.00000000,A,135090,5.000000,A_LE30MIN,1,2
269,APPLAUSE:135087 | APPLAUSE:91683,Bamberg,208,135087,91957,Hamburg,106,91683,61494,478.000,1.00000000,A,135083,5.000000,A_LE30MIN,2,2
270,APPLAUSE:135091 | APPLAUSE:91685,Bamberg,208,135091,91961,Hamburg,106,91685,61496,478.000,1.00000000,A,135087,5.000000,A_LE30MIN,2,2
271,APPLAUSE:135150 | APPLAUSE:91689,Bamberg,208,135150,92020,Hamburg,106,91689,61500,478.000,0.78407556,A,135146,5.000000,A_LE30MIN,1,1
272,APPLAUSE:135062 | APPLAUSE:91678,Bamberg,208,135062,91932,Hamburg,106,91678,61489,469.000,0.25793668,A,135058,5.000000,A_LE30MIN,1,1
273,APPLAUSE:133399 | APPLAUSE:91481,Bamberg,208,133399,90269,Hamburg,106,91481,61292,360.000,0.99992384,A,133395,5.000000,A_LE30MIN,1,1
274,APPLAUSE:138851 | APPLAUSE:18065,Bamberg,208,138851,95721,South Africa,203,18065,30175,360.000,0.05096761,A,138849,5.000000,A_LE30MIN,3,3
275,APPLAUSE:133281 | APPLAUSE:91398,Bamberg,208,133281,90151,Hamburg,106,91398,61209,359.000,1.00000000,A,133277,5.000000,A_LE30MIN,2,2
276,APPLAUSE:133281 | APPLAUSE:91399,Bamberg,208,133281,90151,Hamburg,106,91399,61210,359.000,1.00000000,A,133277,5.000000,A_LE30MIN,2,2
277,APPLAUSE:133281 | APPLAUSE:91400,Bamberg,208,133281,90151,Hamburg,106,91400,61211,359.000,1.00000000,A,133277,5.000000,A_LE30MIN,2,2
278,APPLAUSE:133383 | APPLAUSE:91462,Bamberg,208,133383,90253,Hamburg,106,91462,61273,359.000,1.00000000,A,133387,5.000000,A_LE30MIN,2,2
279,APPLAUSE:133387 | APPLAUSE:91464,Bamberg,208,133387,90257,Hamburg,106,91464,61275,359.000,1.00000000,A,133383,5.000000,A_LE30MIN,1,1
280,APPLAUSE:133387 | APPLAUSE:91465,Bamberg,208,133387,90257,Hamburg,106,91465,61276,359.000,1.00000000,A,133383,5.000000,A_LE30MIN,1,1
281,APPLAUSE:133387 | APPLAUSE:91466,Bamberg,208,133387,90257,Hamburg,106,91466,61277,359.000,1.00000000,A,133383,5.000000,A_LE30MIN,1,1
282,APPLAUSE:133387 | APPLAUSE:91467,Bamberg,208,133387,90257,Hamburg,106,91467,61278,359.000,1.00000000,A,133383,5.000000,A_LE30MIN,1,1
283,APPLAUSE:133399 | APPLAUSE:91480,Bamberg,208,133399,90269,Hamburg,106,91480,61291,359.000,0.45230319,A,133395,5.000000,A_LE30MIN,1,1
284,APPLAUSE:133399 | APPLAUSE:91482,Bamberg,208,133399,90269,Hamburg,106,91482,61293,359.000,1.00000000,A,133395,5.000000,A_LE30MIN,1,1
285,APPLAUSE:133399 | APPLAUSE:91483,Bamberg,208,133399,90269,Hamburg,106,91483,61294,359.000,1.00000000,A,133395,5.000000,A_LE30MIN,2,2
286,APPLAUSE:133886 | APPLAUSE:91571,Bamberg,208,133886,90756,Hamburg,106,91571,61382,359.000,1.00000000,A,133890,5.000000,A_LE30MIN,1,1
287,APPLAUSE:133890 | APPLAUSE:91572,Bamberg,208,133890,90760,Hamburg,106,91572,61383,359.000,1.00000000,A,133886,5.000000,A_LE30MIN,1,1
288,APPLAUSE:133890 | APPLAUSE:91574,Bamberg,208,133890,90760,Hamburg,106,91574,61385,359.000,1.00000000,A,133886,5.000000,A_LE30MIN,1,1
289,APPLAUSE:134017 | APPLAUSE:91603,Bamberg,208,134017,90887,Hamburg,106,91603,61414,359.000,1.00000000,A,134021,5.000000,A_LE30MIN,2,2
290,APPLAUSE:134021 | APPLAUSE:91604,Bamberg,208,134021,90891,Hamburg,106,91604,61415,359.000,1.00000000,A,134017,5.000000,A_LE30MIN,2,2
291,APPLAUSE:134021 | APPLAUSE:91605,Bamberg,208,134021,90891,Hamburg,106,91605,61416,359.000,1.00000000,A,134017,5.000000,A_LE30MIN,2,2
292,APPLAUSE:134021 | APPLAUSE:91606,Bamberg,208,134021,90891,Hamburg,106,91606,61417,359.000,1.00000000,A,134017,5.000000,A_LE30MIN,2,2
293,APPLAUSE:134025 | APPLAUSE:91607,Bamberg,208,134025,90895,Hamburg,106,91607,61418,359.000,1.00000000,A,134021,5.000000,A_LE30MIN,2,2
294,APPLAUSE:134025 | APPLAUSE:91608,Bamberg,208,134025,90895,Hamburg,106,91608,61419,359.000,1.00000000,A,134021,5.000000,A_LE30MIN,2,2
295,APPLAUSE:134025 | APPLAUSE:91609,Bamberg,208,134025,90895,Hamburg,106,91609,61420,359.000,1.00000000,A,134021,5.000000,A_LE30MIN,2,2
296,APPLAUSE:134201 | APPLAUSE:91651,Bamberg,208,134201,91071,Hamburg,106,91651,61462,359.000,1.00000000,A,134197,5.000000,A_LE30MIN,1,1
297,APPLAUSE:134197 | APPLAUSE:91649,Bamberg,208,134197,91067,Hamburg,106,91649,61460,346.000,1.00000000,A,134201,5.000000,A_LE30MIN,1,1
298,APPLAUSE:134940 | APPLAUSE:91670,Bamberg,208,134940,91810,Hamburg,106,91670,61481,325.000,1.00000000,A,134936,5.000000,A_LE30MIN,2,2
299,APPLAUSE:135087 | APPLAUSE:91681,Bamberg,208,135087,91957,Hamburg,106,91681,61492,267.000,1.00000000,A,135083,5.000000,A_LE30MIN,1,1
300,APPLAUSE:133383 | APPLAUSE:91463,Bamberg,208,133383,90253,Hamburg,106,91463,61274,263.000,1.00000000,A,133387,5.000000,A_LE30MIN,2,2
301,APPLAUSE:134679 | APPLAUSE:42405,Bamberg,208,134679,91549,Hamburg,102,42405,10387,240.000,1.00000000,A,134683,5.000000,A_LE30MIN,1,1
302,APPLAUSE:133627 | APPLAUSE:41737,Bamberg,208,133627,90497,Hamburg,102,41737,10086,239.000,1.00000000,A,133624,5.000000,A_LE30MIN,2,3
303,APPLAUSE:133628 | APPLAUSE:41737,Bamberg,208,133628,90498,Hamburg,102,41737,10086,239.000,1.00000000,A,133624,5.000000,A_LE30MIN,2,4
304,APPLAUSE:134676 | APPLAUSE:42402,Bamberg,208,134676,91546,Hamburg,102,42402,10384,239.000,0.29373707,A,134680,5.000000,A_LE30MIN,1,1
305,APPLAUSE:134679 | APPLAUSE:42404,Bamberg,208,134679,91549,Hamburg,102,42404,10386,239.000,1.00000000,A,134683,5.000000,A_LE30MIN,1,1
306,APPLAUSE:133277 | APPLAUSE:91397,Bamberg,208,133277,90147,Hamburg,106,91397,61208,210.000,1.00000000,A,133281,5.000000,A_LE30MIN,2,2
307,APPLAUSE:134636 | APPLAUSE:42381,Bamberg,208,134636,91506,Hamburg,102,42381,10375,180.000,0.15854117,A,134632,5.000000,A_LE30MIN,1,1
308,APPLAUSE:134636 | APPLAUSE:42383,Bamberg,208,134636,91506,Hamburg,102,42383,10377,180.000,0.37811442,A,134632,5.000000,A_LE30MIN,1,1
309,APPLAUSE:134636 | APPLAUSE:42384,Bamberg,208,134636,91506,Hamburg,102,42384,10378,180.000,0.40337356,A,134632,5.000000,A_LE30MIN,1,1
310,APPLAUSE:134691 | APPLAUSE:42410,Bamberg,208,134691,91561,Hamburg,102,42410,10392,180.000,1.00000000,A,134687,5.000000,A_LE30MIN,1,1
311,APPLAUSE:134839 | APPLAUSE:42477,Bamberg,208,134839,91709,Hamburg,102,42477,10416,180.000,0.95221051,A,134835,5.000000,A_LE30MIN,1,1
312,APPLAUSE:134844 | APPLAUSE:42479,Bamberg,208,134844,91714,Hamburg,102,42479,10418,180.000,0.19524941,A,134848,5.000000,A_LE30MIN,1,1
313,APPLAUSE:134844 | APPLAUSE:42480,Bamberg,208,134844,91714,Hamburg,102,42480,10419,180.000,0.02173273,A,134848,5.000000,A_LE30MIN,1,1
314,APPLAUSE:134975 | APPLAUSE:42522,Bamberg,208,134975,91845,Hamburg,102,42522,10438,180.000,0.39418627,A,134971,5.000000,A_LE30MIN,1,1
315,APPLAUSE:135058 | APPLAUSE:42542,Bamberg,208,135058,91928,Hamburg,102,42542,10450,180.000,0.96447456,A,135054,5.000000,A_LE30MIN,2,2
316,APPLAUSE:135062 | APPLAUSE:42543,Bamberg,208,135062,91932,Hamburg,102,42543,10451,180.000,0.90219080,A,135058,5.000000,A_LE30MIN,1,1
317,APPLAUSE:133623 | APPLAUSE:41734,Bamberg,208,133623,90493,Hamburg,102,41734,10083,179.000,0.03269905,A,133628,5.000000,A_LE30MIN,1,1
318,APPLAUSE:133624 | APPLAUSE:41734,Bamberg,208,133624,90494,Hamburg,102,41734,10083,179.000,1.00000000,A,133628,5.000000,A_LE30MIN,1,3
319,APPLAUSE:133693 | APPLAUSE:41755,Bamberg,208,133693,90563,Hamburg,102,41755,10104,179.000,1.00000000,A,133697,5.000000,A_LE30MIN,1,1
320,APPLAUSE:133693 | APPLAUSE:41756,Bamberg,208,133693,90563,Hamburg,102,41756,10105,179.000,1.00000000,A,133697,5.000000,A_LE30MIN,1,1
321,APPLAUSE:134631 | APPLAUSE:42380,Bamberg,208,134631,91501,Hamburg,102,42380,10374,179.000,1.00000000,A,134627,5.000000,A_LE30MIN,1,1
322,APPLAUSE:134632 | APPLAUSE:42380,Bamberg,208,134632,91502,Hamburg,102,42380,10374,179.000,0.34719843,A,134628,5.000000,A_LE30MIN,1,1
323,APPLAUSE:134636 | APPLAUSE:42382,Bamberg,208,134636,91506,Hamburg,102,42382,10376,179.000,0.30638364,A,134632,5.000000,A_LE30MIN,1,1
324,APPLAUSE:134679 | APPLAUSE:42403,Bamberg,208,134679,91549,Hamburg,102,42403,10385,179.000,1.00000000,A,134683,5.000000,A_LE30MIN,1,1
325,APPLAUSE:134839 | APPLAUSE:42478,Bamberg,208,134839,91709,Hamburg,102,42478,10417,179.000,1.00000000,A,134835,5.000000,A_LE30MIN,1,1
326,APPLAUSE:134975 | APPLAUSE:42523,Bamberg,208,134975,91845,Hamburg,102,42523,10439,179.000,1.00000000,A,134971,5.000000,A_LE30MIN,1,1
327,APPLAUSE:135058 | APPLAUSE:42541,Bamberg,208,135058,91928,Hamburg,102,42541,10449,179.000,0.93821473,A,135054,5.000000,A_LE30MIN,1,1
328,APPLAUSE:135062 | APPLAUSE:42544,Bamberg,208,135062,91932,Hamburg,102,42544,10452,179.000,0.95656558,A,135058,5.000000,A_LE30MIN,1,1
329,APPLAUSE:138849 | APPLAUSE:18065,Bamberg,208,138849,95719,South Africa,203,18065,30175,120.000,0.03931064,A,138851,5.000000,A_LE30MIN,3,3
330,APPLAUSE:134337 | APPLAUSE:15182,Bamberg,208,134337,91207,Hamburg,101,15182,8445,104.000,1.00000000,A,134333,5.000000,A_LE30MIN,2,2
331,APPLAUSE:133721 | APPLAUSE:41774,Bamberg,208,133721,90591,Hamburg,102,41774,10111,57.000,1.00000000,A,133717,5.000000,A_LE30MIN,2,3
332,APPLAUSE:134728 | APPLAUSE:15253,Bamberg,208,134728,91598,Hamburg,101,15253,8516,2311.000,0.06187789,B,15254,5.983333,A_LE30MIN,3,3
333,APPLAUSE:124520 | APPLAUSE:4488,Bamberg,208,124520,81814,Hamburg,101,4488,3528,897.000,1.00000000,B,4487,5.983333,A_LE30MIN,9,9
334,APPLAUSE:127892 | APPLAUSE:6425,Bamberg,208,127892,85166,Hamburg,101,6425,4280,629.000,0.33648242,B,6424,5.983333,A_LE30MIN,4,4
335,APPLAUSE:127897 | APPLAUSE:6425,Bamberg,208,127897,85171,Hamburg,101,6425,4280,629.000,1.00000000,B,6424,5.983333,A_LE30MIN,4,4
336,APPLAUSE:131906 | APPLAUSE:13541,Bamberg,208,131906,88833,Hamburg,101,13541,7278,119.000,1.00000000,B,13542,5.983333,A_LE30MIN,2,2
337,APPLAUSE:136658 | APPLAUSE:43089,Bamberg,208,136658,93528,Hamburg,102,43089,10722,3401.000,0.08312873,A,136653,6.000000,A_LE30MIN,1,1
338,APPLAUSE:133850 | APPLAUSE:15107,Bamberg,208,133850,90720,Hamburg,101,15107,56053,1795.000,0.05139462,A,133846,6.000000,A_LE30MIN,2,2
339,APPLAUSE:132854 | APPLAUSE:90634,Bamberg,208,132854,89736,Hamburg,106,90634,60445,1496.000,0.45856465,A,132860,6.000000,A_LE30MIN,5,5
340,APPLAUSE:133725 | APPLAUSE:41774,Bamberg,208,133725,90595,Hamburg,102,41774,10111,1378.000,0.23030279,A,133721,6.000000,A_LE30MIN,2,2
341,APPLAUSE:136595 | APPLAUSE:43084,Bamberg,208,136595,93465,Hamburg,102,43084,10717,1263.000,0.23142535,A,136590,6.000000,A_LE30MIN,1,2
342,APPLAUSE:136663 | APPLAUSE:91772,Bamberg,208,136663,93533,Hamburg,106,91772,61569,1197.000,0.66192212,A,136658,6.000000,A_LE30MIN,2,2
343,APPLAUSE:133970 | APPLAUSE:15142,Bamberg,208,133970,90840,Hamburg,101,15142,8405,1196.000,1.00000000,A,133965,6.000000,A_LE30MIN,6,6
344,APPLAUSE:133965 | APPLAUSE:15141,Bamberg,208,133965,90835,Hamburg,101,15141,8404,911.000,1.00000000,A,133970,6.000000,A_LE30MIN,7,7
345,APPLAUSE:136588 | APPLAUSE:91760,Bamberg,208,136588,93458,Hamburg,106,91760,61557,909.000,1.00000000,A,136593,6.000000,A_LE30MIN,1,1
346,APPLAUSE:133725 | APPLAUSE:41775,Bamberg,208,133725,90595,Hamburg,102,41775,10112,897.000,0.23177821,A,133721,6.000000,A_LE30MIN,2,2
347,APPLAUSE:135651 | APPLAUSE:91726,Bamberg,208,135651,92521,Hamburg,106,91726,61529,897.000,0.62081846,A,135656,6.000000,A_LE30MIN,1,1
348,APPLAUSE:135666 | APPLAUSE:91732,Bamberg,208,135666,92536,Hamburg,106,91732,61535,897.000,1.00000000,A,135661,6.000000,A_LE30MIN,1,1
349,APPLAUSE:135666 | APPLAUSE:91733,Bamberg,208,135666,92536,Hamburg,106,91733,61536,897.000,1.00000000,A,135661,6.000000,A_LE30MIN,1,1
350,APPLAUSE:136590 | APPLAUSE:43084,Bamberg,208,136590,93460,Hamburg,102,43084,10717,770.000,0.58901590,A,136585,6.000000,A_LE30MIN,1,2
351,APPLAUSE:135616 | APPLAUSE:91721,Bamberg,208,135616,92486,Hamburg,106,91721,61524,718.000,1.00000000,A,135621,6.000000,A_LE30MIN,1,1
352,APPLAUSE:135616 | APPLAUSE:91722,Bamberg,208,135616,92486,Hamburg,106,91722,61525,718.000,1.00000000,A,135621,6.000000,A_LE30MIN,1,1
353,APPLAUSE:136653 | APPLAUSE:91770,Bamberg,208,136653,93523,Hamburg,106,91770,61567,717.000,1.00000000,A,136658,6.000000,A_LE30MIN,2,2
354,APPLAUSE:135656 | APPLAUSE:91727,Bamberg,208,135656,92526,Hamburg,106,91727,61530,635.000,0.55194438,A,135651,6.000000,A_LE30MIN,1,1
355,APPLAUSE:134526 | APPLAUSE:91664,Bamberg,208,134526,91396,Hamburg,106,91664,61475,599.000,1.00000000,A,134522,6.000000,A_LE30MIN,1,1
356,APPLAUSE:134468 | APPLAUSE:42257,Bamberg,208,134468,91338,Hamburg,102,42257,10316,598.000,1.00000000,A,134465,6.000000,A_LE30MIN,2,2
357,APPLAUSE:134441 | APPLAUSE:91657,Bamberg,208,134441,91311,Hamburg,106,91657,61468,591.000,0.04631508,A,134437,6.000000,A_LE30MIN,1,1
358,APPLAUSE:136603 | APPLAUSE:91764,Bamberg,208,136603,93473,Hamburg,106,91764,61561,585.000,0.94915018,A,136598,6.000000,A_LE30MIN,1,1
359,APPLAUSE:134013 | APPLAUSE:91599,Bamberg,208,134013,90883,Hamburg,106,91599,61410,538.000,1.00000000,A,134017,6.000000,A_LE30MIN,1,1
360,APPLAUSE:134013 | APPLAUSE:91600,Bamberg,208,134013,90883,Hamburg,106,91600,61411,538.000,1.00000000,A,134017,6.000000,A_LE30MIN,1,1
361,APPLAUSE:136698 | APPLAUSE:43092,Bamberg,208,136698,93568,Hamburg,102,43092,10725,537.000,0.08232976,A,136703,6.000000,A_LE30MIN,1,1
362,APPLAUSE:133414 | APPLAUSE:91492,Bamberg,208,133414,90284,Hamburg,106,91492,61303,479.000,1.00000000,A,133410,6.000000,A_LE30MIN,1,1
363,APPLAUSE:133850 | APPLAUSE:91534,Bamberg,208,133850,90720,Hamburg,106,91534,61345,479.000,1.00000000,A,133846,6.000000,A_LE30MIN,1,1
364,APPLAUSE:133850 | APPLAUSE:91533,Bamberg,208,133850,90720,Hamburg,106,91533,61344,478.000,1.00000000,A,133846,6.000000,A_LE30MIN,1,1
365,APPLAUSE:136658 | APPLAUSE:91771,Bamberg,208,136658,93528,Hamburg,106,91771,61568,444.000,1.00000000,A,136663,6.000000,A_LE30MIN,1,2
366,APPLAUSE:136663 | APPLAUSE:91771,Bamberg,208,136663,93533,Hamburg,106,91771,61568,393.000,1.00000000,A,136658,6.000000,A_LE30MIN,1,1
367,APPLAUSE:135091 | APPLAUSE:91687,Bamberg,208,135091,91961,Hamburg,106,91687,61498,362.000,1.00000000,A,135095,6.000000,A_LE30MIN,1,2
368,APPLAUSE:133383 | APPLAUSE:91460,Bamberg,208,133383,90253,Hamburg,106,91460,61271,360.000,1.00000000,A,133379,6.000000,A_LE30MIN,1,1
369,APPLAUSE:133379 | APPLAUSE:91457,Bamberg,208,133379,90249,Hamburg,106,91457,61268,359.000,1.00000000,A,133383,6.000000,A_LE30MIN,1,1
370,APPLAUSE:133379 | APPLAUSE:91458,Bamberg,208,133379,90249,Hamburg,106,91458,61269,359.000,1.00000000,A,133383,6.000000,A_LE30MIN,1,1
371,APPLAUSE:133383 | APPLAUSE:91461,Bamberg,208,133383,90253,Hamburg,106,91461,61272,359.000,1.00000000,A,133379,6.000000,A_LE30MIN,1,2
372,APPLAUSE:133835 | APPLAUSE:91526,Bamberg,208,133835,90705,Hamburg,106,91526,61337,359.000,1.00000000,A,133839,6.000000,A_LE30MIN,1,1
373,APPLAUSE:133835 | APPLAUSE:91528,Bamberg,208,133835,90705,Hamburg,106,91528,61339,359.000,1.00000000,A,133839,6.000000,A_LE30MIN,1,1
374,APPLAUSE:133835 | APPLAUSE:91529,Bamberg,208,133835,90705,Hamburg,106,91529,61340,359.000,1.00000000,A,133839,6.000000,A_LE30MIN,1,1
375,APPLAUSE:133839 | APPLAUSE:91530,Bamberg,208,133839,90709,Hamburg,106,91530,61341,359.000,1.00000000,A,133835,6.000000,A_LE30MIN,1,1
376,APPLAUSE:134468 | APPLAUSE:42258,Bamberg,208,134468,91338,Hamburg,102,42258,10316,299.000,1.00000000,A,134465,6.000000,A_LE30MIN,2,2
377,APPLAUSE:134473 | APPLAUSE:42259,Bamberg,208,134473,91343,Hamburg,102,42259,10316,299.000,0.77356199,A,134468,6.000000,A_LE30MIN,1,1
378,APPLAUSE:136598 | APPLAUSE:91764,Bamberg,208,136598,93468,Hamburg,106,91764,61561,252.000,1.00000000,A,136603,6.000000,A_LE30MIN,1,1
379,APPLAUSE:133631 | APPLAUSE:41739,Bamberg,208,133631,90501,Hamburg,102,41739,10088,239.000,1.00000000,A,133628,6.000000,A_LE30MIN,2,3
380,APPLAUSE:133632 | APPLAUSE:41739,Bamberg,208,133632,90502,Hamburg,102,41739,10088,239.000,1.00000000,A,133628,6.000000,A_LE30MIN,1,2
381,APPLAUSE:133278 | APPLAUSE:91397,Bamberg,208,133278,90148,Hamburg,106,91397,61208,210.000,1.00000000,A,133274,6.000000,A_LE30MIN,1,1
382,APPLAUSE:133889 | APPLAUSE:41975,Bamberg,208,133889,90759,Hamburg,102,41975,10175,180.000,0.92911098,A,133893,6.000000,A_LE30MIN,1,1
383,APPLAUSE:133889 | APPLAUSE:41976,Bamberg,208,133889,90759,Hamburg,102,41976,10176,180.000,0.16832125,A,133893,6.000000,A_LE30MIN,1,1
384,APPLAUSE:134687 | APPLAUSE:42409,Bamberg,208,134687,91557,Hamburg,102,42409,10391,180.000,0.00110967,A,134683,6.000000,A_LE30MIN,1,1
385,APPLAUSE:134619 | APPLAUSE:42373,Bamberg,208,134619,91489,Hamburg,102,42373,10370,179.000,1.00000000,A,134615,6.000000,A_LE30MIN,1,1
386,APPLAUSE:135312 | APPLAUSE:42669,Bamberg,208,135312,92182,Hamburg,102,42669,10487,179.000,0.02278174,A,135316,6.000000,A_LE30MIN,1,1
387,APPLAUSE:133631 | APPLAUSE:41738,Bamberg,208,133631,90501,Hamburg,102,41738,10087,160.000,0.60115588,A,133628,6.000000,A_LE30MIN,2,2
388,APPLAUSE:133632 | APPLAUSE:41738,Bamberg,208,133632,90502,Hamburg,102,41738,10087,160.000,1.00000000,A,133628,6.000000,A_LE30MIN,1,2
389,APPLAUSE:134615 | APPLAUSE:42372,Bamberg,208,134615,91485,Hamburg,102,42372,10369,141.000,1.00000000,A,134619,6.000000,A_LE30MIN,1,1
390,APPLAUSE:134017 | APPLAUSE:91601,Bamberg,208,134017,90887,Hamburg,106,91601,61412,130.000,1.00000000,A,134013,6.000000,A_LE30MIN,1,2
391,APPLAUSE:136658 | APPLAUSE:91770,Bamberg,208,136658,93528,Hamburg,106,91770,61567,120.000,0.96478514,A,136653,6.000000,A_LE30MIN,1,1
392,APPLAUSE:133850 | APPLAUSE:91532,Bamberg,208,133850,90720,Hamburg,106,91532,61343,90.000,1.00000000,A,133846,6.000000,A_LE30MIN,1,1
393,APPLAUSE:133383 | APPLAUSE:91459,Bamberg,208,133383,90253,Hamburg,106,91459,61270,51.000,1.00000000,A,133379,6.000000,A_LE30MIN,1,1
394,APPLAUSE:134013 | APPLAUSE:91601,Bamberg,208,134013,90883,Hamburg,106,91601,61412,48.000,1.00000000,A,134017,6.000000,A_LE30MIN,1,1
395,APPLAUSE:139011 | APPLAUSE:12565,Castel Gandolfo,501,139011,95881,Hamburg,101,12565,7051,40.000,0.21455133,A,139010,6.000000,A_LE30MIN,27,27
396,APPLAUSE:139012 | APPLAUSE:12568,Castel Gandolfo,501,139012,95882,Hamburg,101,12568,7051,40.000,0.22127476,A,139011,6.000000,A_LE30MIN,31,31
397,APPLAUSE:132854 | APPLAUSE:90633,Bamberg,208,132854,89736,Hamburg,106,90633,60444,39.000,1.00000000,A,132860,6.000000,A_LE30MIN,5,5
398,APPLAUSE:135666 | APPLAUSE:91731,Bamberg,208,135666,92536,Hamburg,106,91731,61534,30.000,0.15040225,A,135661,6.000000,A_LE30MIN,1,1
399,APPLAUSE:139010 | APPLAUSE:12562,Castel Gandolfo,501,139010,95880,Hamburg,101,12562,7050,30.000,0.24203993,A,139011,6.000000,A_LE30MIN,22,22
400,APPLAUSE:139010 | APPLAUSE:12563,Castel Gandolfo,501,139010,95880,Hamburg,101,12563,7050,30.000,0.24203993,A,139011,6.000000,A_LE30MIN,23,23
401,APPLAUSE:139011 | APPLAUSE:12566,Castel Gandolfo,501,139011,95881,Hamburg,101,12566,7051,30.000,0.21455133,A,139010,6.000000,A_LE30MIN,28,28
402,APPLAUSE:133846 | APPLAUSE:91532,Bamberg,208,133846,90716,Hamburg,106,91532,61343,29.000,1.00000000,A,133850,6.000000,A_LE30MIN,1,1
403,APPLAUSE:139011 | APPLAUSE:12564,Castel Gandolfo,501,139011,95881,Hamburg,101,12564,7051,17.000,0.21455133,A,139010,6.000000,A_LE30MIN,26,26
404,APPLAUSE:133387 | APPLAUSE:15085,Bamberg,208,133387,90257,Hamburg,101,15085,8364,2363.000,0.09656449,B,15084,6.966667,A_LE30MIN,1,1
405,APPLAUSE:133387 | APPLAUSE:15084,Bamberg,208,133387,90257,Hamburg,101,15084,8363,819.000,0.09721201,B,15085,6.966667,A_LE30MIN,1,1
406,APPLAUSE:133913 | APPLAUSE:41998,Bamberg,208,133913,90783,Hamburg,102,41998,10191,360.000,1.00000000,B,41997,6.983333,A_LE30MIN,2,2
407,APPLAUSE:133913 | APPLAUSE:41997,Bamberg,208,133913,90783,Hamburg,102,41997,10190,299.000,1.00000000,B,41998,6.983333,A_LE30MIN,2,2
408,APPLAUSE:134013 | APPLAUSE:42001,Bamberg,208,134013,90883,Hamburg,102,42001,10194,299.000,0.24805849,B,42000,6.983333,A_LE30MIN,1,1
409,APPLAUSE:136177 | APPLAUSE:42921,Bamberg,208,136177,93047,Hamburg,102,42921,10654,240.000,0.88689701,B,42922,6.983333,A_LE30MIN,4,4
410,APPLAUSE:129039 | APPLAUSE:7360,Bamberg,208,129039,86309,Hamburg,101,7360,4627,180.000,1.00000000,B,7358,6.983333,A_LE30MIN,28,28
411,APPLAUSE:135469 | APPLAUSE:15302,Bamberg,208,135469,92339,Hamburg,101,15302,8561,180.000,0.87713717,B,15301,6.983333,A_LE30MIN,2,2
412,APPLAUSE:135470 | APPLAUSE:15302,Bamberg,208,135470,92340,Hamburg,101,15302,8561,180.000,1.00000000,B,15301,6.983333,A_LE30MIN,2,2
413,APPLAUSE:129039 | APPLAUSE:7357,Bamberg,208,129039,86309,Hamburg,101,7357,4626,179.000,1.00000000,B,7359,6.983333,A_LE30MIN,27,27
414,APPLAUSE:135469 | APPLAUSE:15301,Bamberg,208,135469,92339,Hamburg,101,15301,8560,179.000,0.87487444,B,15302,6.983333,A_LE30MIN,2,2
415,APPLAUSE:135470 | APPLAUSE:15301,Bamberg,208,135470,92340,Hamburg,101,15301,8560,179.000,1.00000000,B,15302,6.983333,A_LE30MIN,2,2
416,APPLAUSE:134013 | APPLAUSE:42000,Bamberg,208,134013,90883,Hamburg,102,42000,10193,141.000,0.24384914,B,42001,6.983333,A_LE30MIN,1,1
417,APPLAUSE:133902 | APPLAUSE:15124,Bamberg,208,133902,90772,Hamburg,101,15124,8389,1795.000,1.00000000,A,133898,7.000000,A_LE30MIN,4,4
418,APPLAUSE:136695 | APPLAUSE:43091,Bamberg,208,136695,93565,Hamburg,102,43091,10724,1795.000,0.17469298,A,136690,7.000000,A_LE30MIN,2,3
419,APPLAUSE:136653 | APPLAUSE:91769,Bamberg,208,136653,93523,Hamburg,106,91769,61566,1197.000,1.00000000,A,136648,7.000000,A_LE30MIN,1,2
420,APPLAUSE:135591 | APPLAUSE:91719,Bamberg,208,135591,92461,Hamburg,106,91719,61522,898.000,0.50355373,A,135586,7.000000,A_LE30MIN,1,1
421,APPLAUSE:135591 | APPLAUSE:91720,Bamberg,208,135591,92461,Hamburg,106,91720,61523,898.000,1.00000000,A,135586,7.000000,A_LE30MIN,1,1
422,APPLAUSE:136653 | APPLAUSE:91768,Bamberg,208,136653,93523,Hamburg,106,91768,61565,669.000,1.00000000,A,136648,7.000000,A_LE30MIN,1,1
423,APPLAUSE:133224 | APPLAUSE:91363,Bamberg,208,133224,90094,Hamburg,106,91363,61174,598.000,0.20272672,A,133227,7.000000,A_LE30MIN,1,1
424,APPLAUSE:133898 | APPLAUSE:91582,Bamberg,208,133898,90768,Hamburg,106,91582,61393,359.000,1.00000000,A,133902,7.000000,A_LE30MIN,1,1
425,APPLAUSE:133685 | APPLAUSE:41753,Bamberg,208,133685,90555,Hamburg,102,41753,10102,180.000,1.00000000,A,133681,7.000000,A_LE30MIN,1,1
426,APPLAUSE:133685 | APPLAUSE:41754,Bamberg,208,133685,90555,Hamburg,102,41754,10103,180.000,1.00000000,A,133681,7.000000,A_LE30MIN,1,1
427,APPLAUSE:133639 | APPLAUSE:41741,Bamberg,208,133639,90509,Hamburg,102,41741,10090,179.000,0.76524805,A,133644,7.000000,A_LE30MIN,2,2
428,APPLAUSE:133639 | APPLAUSE:41742,Bamberg,208,133639,90509,Hamburg,102,41742,10091,179.000,0.96919408,A,133644,7.000000,A_LE30MIN,2,2
429,APPLAUSE:133640 | APPLAUSE:41741,Bamberg,208,133640,90510,Hamburg,102,41741,10090,179.000,1.00000000,A,133644,7.000000,A_LE30MIN,3,3
430,APPLAUSE:133640 | APPLAUSE:41742,Bamberg,208,133640,90510,Hamburg,102,41742,10091,179.000,1.00000000,A,133643,7.000000,A_LE30MIN,3,4
431,APPLAUSE:133643 | APPLAUSE:41744,Bamberg,208,133643,90513,Hamburg,102,41744,10093,179.000,0.15465679,A,133640,7.000000,A_LE30MIN,3,3
432,APPLAUSE:133644 | APPLAUSE:41744,Bamberg,208,133644,90514,Hamburg,102,41744,10093,179.000,1.00000000,A,133640,7.000000,A_LE30MIN,1,3
433,APPLAUSE:136648 | APPLAUSE:91768,Bamberg,208,136648,93518,Hamburg,106,91768,61565,108.000,1.00000000,A,136653,7.000000,A_LE30MIN,1,1
434,APPLAUSE:133639 | APPLAUSE:41743,Bamberg,208,133639,90509,Hamburg,102,41743,10092,6.000,0.23100803,A,133644,7.000000,A_LE30MIN,2,2
435,APPLAUSE:133640 | APPLAUSE:41743,Bamberg,208,133640,90510,Hamburg,102,41743,10092,6.000,1.00000000,A,133644,7.000000,A_LE30MIN,2,3
436,APPLAUSE:138111 | APPLAUSE:43636,Bamberg,208,138111,94981,Hamburg,102,43636,11015,342.000,0.81942669,B,43637,7.066667,A_LE30MIN,2,2
437,APPLAUSE:138111 | APPLAUSE:43637,Bamberg,208,138111,94981,Hamburg,102,43637,11016,119.000,0.81898951,B,43636,7.066667,A_LE30MIN,2,2
438,APPLAUSE:129636 | APPLAUSE:7839,Bamberg,208,129636,86906,Hamburg,101,7839,4955,299.000,1.00000000,B,7838,7.650000,A_LE30MIN,4,4
439,APPLAUSE:129636 | APPLAUSE:7838,Bamberg,208,129636,86906,Hamburg,101,7838,4954,298.000,1.00000000,B,7839,7.650000,A_LE30MIN,4,4
440,APPLAUSE:135506 | APPLAUSE:42704,Bamberg,208,135506,92376,Hamburg,102,42704,10521,20.000,1.00000000,B,42705,7.650000,A_LE30MIN,1,1
441,APPLAUSE:44806 | APPLAUSE:35998,Hamburg,102,44806,11742,South Africa,206,35998,53744,359.000,0.74944438,A,44807,7.966667,A_LE30MIN,6,6
442,APPLAUSE:44807 | APPLAUSE:35998,Hamburg,102,44807,11743,South Africa,206,35998,53744,359.000,0.74736447,A,44806,7.966667,A_LE30MIN,6,6
443,APPLAUSE:138667 | APPLAUSE:44041,Bamberg,208,138667,95537,Hamburg,102,44041,11252,1939.000,0.90069266,B,44040,7.983333,A_LE30MIN,1,1
444,APPLAUSE:138667 | APPLAUSE:44040,Bamberg,208,138667,95537,Hamburg,102,44040,11251,1182.000,0.89574642,B,44041,7.983333,A_LE30MIN,1,1
445,APPLAUSE:135631 | APPLAUSE:42740,Bamberg,208,135631,92501,Hamburg,102,42740,10548,897.000,0.84851346,B,42739,7.983333,A_LE30MIN,6,6
446,APPLAUSE:135631 | APPLAUSE:42739,Bamberg,208,135631,92501,Hamburg,102,42739,10547,120.000,0.84733045,B,42740,7.983333,A_LE30MIN,4,4
447,APPLAUSE:132059 | APPLAUSE:139207,Bamberg,208,132059,88986,Castel Gandolfo,501,139207,96077,3420.000,1.00000000,B,139206,8.000000,A_LE30MIN,1,1
448,APPLAUSE:132060 | APPLAUSE:139207,Bamberg,208,132060,88987,Castel Gandolfo,501,139207,96077,3420.000,1.00000000,B,139206,8.000000,A_LE30MIN,1,1
449,APPLAUSE:137898 | APPLAUSE:92003,Bamberg,208,137898,94768,Hamburg,106,92003,61800,1785.000,0.99994144,A,137906,8.000000,A_LE30MIN,1,1
450,APPLAUSE:135577 | APPLAUSE:91713,Bamberg,208,135577,92447,Hamburg,106,91713,61516,898.000,1.00000000,A,135582,8.000000,A_LE30MIN,2,2
451,APPLAUSE:135582 | APPLAUSE:91715,Bamberg,208,135582,92452,Hamburg,106,91715,61518,898.000,1.00000000,A,135577,8.000000,A_LE30MIN,1,1
452,APPLAUSE:135577 | APPLAUSE:91714,Bamberg,208,135577,92447,Hamburg,106,91714,61517,791.000,1.00000000,A,135582,8.000000,A_LE30MIN,1,2
453,APPLAUSE:136645 | APPLAUSE:43088,Bamberg,208,136645,93515,Hamburg,102,43088,10721,729.000,0.19569572,A,136640,8.000000,A_LE30MIN,2,3
454,APPLAUSE:133635 | APPLAUSE:41740,Bamberg,208,133635,90505,Hamburg,102,41740,10089,239.000,0.94448690,A,133632,8.000000,A_LE30MIN,2,2
455,APPLAUSE:133636 | APPLAUSE:41740,Bamberg,208,133636,90506,Hamburg,102,41740,10089,239.000,1.00000000,A,133640,8.000000,A_LE30MIN,1,2
456,APPLAUSE:138239 | APPLAUSE:43663,Bamberg,208,138239,95109,Hamburg,102,43663,11042,3232.000,0.22157174,B,43664,8.966667,A_LE30MIN,1,1
457,APPLAUSE:132560 | APPLAUSE:13983,Bamberg,208,132560,89486,Hamburg,101,13983,7620,2258.000,0.59942829,B,13984,8.966667,A_LE30MIN,2,2
458,APPLAUSE:136177 | APPLAUSE:42920,Bamberg,208,136177,93047,Hamburg,102,42920,10653,1197.000,0.88675424,B,42921,8.966667,A_LE30MIN,4,4
459,APPLAUSE:129636 | APPLAUSE:7840,Bamberg,208,129636,86906,Hamburg,101,7840,4956,206.000,1.00000000,B,7839,8.966667,A_LE30MIN,4,4
460,APPLAUSE:138682 | APPLAUSE:44044,Bamberg,208,138682,95552,Hamburg,102,44044,11255,3018.000,0.78572152,B,44045,8.983333,A_LE30MIN,2,2
461,APPLAUSE:137906 | APPLAUSE:92005,Bamberg,208,137906,94776,Hamburg,106,92005,61802,1795.000,0.54902554,A,137914,9.000000,A_LE30MIN,1,1
462,APPLAUSE:137906 | APPLAUSE:92004,Bamberg,208,137906,94776,Hamburg,106,92004,61801,1197.000,1.00000000,A,137914,9.000000,A_LE30MIN,1,1
463,APPLAUSE:138103 | APPLAUSE:43635,Bamberg,208,138103,94973,Hamburg,102,43635,11014,1197.000,0.84925470,A,138111,9.000000,A_LE30MIN,1,1
464,APPLAUSE:138103 | APPLAUSE:15455,Bamberg,208,138103,94973,Hamburg,101,15455,8710,1071.000,0.64444923,A,138111,9.000000,A_LE30MIN,3,3
465,APPLAUSE:138111 | APPLAUSE:15456,Bamberg,208,138111,94981,Hamburg,101,15456,8711,565.000,0.34832534,A,138103,9.000000,A_LE30MIN,4,4
466,APPLAUSE:129159 | APPLAUSE:7449,Bamberg,208,129159,86429,Hamburg,101,7449,4697,329.000,1.00000000,B,7450,9.466667,A_LE30MIN,4,4
467,APPLAUSE:129159 | APPLAUSE:7450,Bamberg,208,129159,86429,Hamburg,101,7450,4698,300.000,1.00000000,B,7449,9.466667,A_LE30MIN,4,4
468,APPLAUSE:131192 | APPLAUSE:10670,Bamberg,208,131192,88289,Hamburg,101,10670,6603,30.000,1.00000000,B,10672,9.466667,A_LE30MIN,13,13
469,APPLAUSE:131662 | APPLAUSE:12408,Bamberg,208,131662,88706,Hamburg,101,12408,7016,30.000,0.82423062,B,12410,9.466667,A_LE30MIN,18,18
470,APPLAUSE:131192 | APPLAUSE:10673,Bamberg,208,131192,88289,Hamburg,101,10673,6604,30.000,1.00000000,B,10671,9.483333,A_LE30MIN,13,13
471,APPLAUSE:134555 | APPLAUSE:15225,Bamberg,208,134555,91425,Hamburg,101,15225,8488,2394.000,1.00000000,B,15226,9.966667,A_LE30MIN,3,3
472,APPLAUSE:132462 | APPLAUSE:13885,Bamberg,208,132462,89388,Hamburg,101,13885,7545,1795.000,0.40785876,B,13884,9.966667,A_LE30MIN,2,2
473,APPLAUSE:134555 | APPLAUSE:15226,Bamberg,208,134555,91425,Hamburg,101,15226,8489,586.000,1.00000000,B,15225,9.966667,A_LE30MIN,4,4
474,APPLAUSE:44802 | APPLAUSE:35960,Hamburg,102,44802,11738,South Africa,206,35960,53706,171.000,0.07412616,A,44803,9.966667,A_LE30MIN,3,3
475,APPLAUSE:134457 | APPLAUSE:15198,Bamberg,208,134457,91327,Hamburg,101,15198,8461,2636.000,1.00000000,B,15199,9.983333,A_LE30MIN,4,4
476,APPLAUSE:129175 | APPLAUSE:7460,Bamberg,208,129175,86445,Hamburg,101,7460,4708,299.000,1.00000000,B,7459,9.983333,A_LE30MIN,6,6
477,APPLAUSE:132228 | APPLAUSE:13765,Bamberg,208,132228,89155,Hamburg,101,13765,7486,3660.000,0.97074182,A,132225,10.000000,A_LE30MIN,2,2
478,APPLAUSE:137882 | APPLAUSE:92000,Bamberg,208,137882,94752,Hamburg,106,92000,61797,1795.000,0.94101828,A,137890,10.000000,A_LE30MIN,1,1
479,APPLAUSE:137883 | APPLAUSE:92000,Bamberg,208,137883,94753,Hamburg,106,92000,61797,1795.000,1.00000000,A,137891,10.000000,A_LE30MIN,1,1
480,APPLAUSE:137890 | APPLAUSE:92002,Bamberg,208,137890,94760,Hamburg,106,92002,61799,1795.000,0.15028768,A,137882,10.000000,A_LE30MIN,1,1
481,APPLAUSE:137891 | APPLAUSE:92002,Bamberg,208,137891,94761,Hamburg,106,92002,61799,1795.000,0.17191778,A,137883,10.000000,A_LE30MIN,1,1
482,APPLAUSE:137882 | APPLAUSE:91999,Bamberg,208,137882,94752,Hamburg,106,91999,61796,1457.000,1.00000000,A,137890,10.000000,A_LE30MIN,1,1
483,APPLAUSE:137883 | APPLAUSE:91999,Bamberg,208,137883,94753,Hamburg,106,91999,61796,1457.000,1.00000000,A,137891,10.000000,A_LE30MIN,1,1
484,APPLAUSE:137890 | APPLAUSE:92001,Bamberg,208,137890,94760,Hamburg,106,92001,61798,1351.000,0.78178260,A,137882,10.000000,A_LE30MIN,1,1
485,APPLAUSE:137891 | APPLAUSE:92001,Bamberg,208,137891,94761,Hamburg,106,92001,61798,1351.000,1.00000000,A,137883,10.000000,A_LE30MIN,1,1
486,APPLAUSE:135631 | APPLAUSE:42738,Bamberg,208,135631,92501,Hamburg,102,42738,10547,419.000,0.84733045,B,42740,10.466667,A_LE30MIN,4,4
487,APPLAUSE:135469 | APPLAUSE:15300,Bamberg,208,135469,92339,Hamburg,101,15300,8560,359.000,0.87487444,B,15302,10.466667,A_LE30MIN,2,2
488,APPLAUSE:135470 | APPLAUSE:15300,Bamberg,208,135470,92340,Hamburg,101,15300,8560,359.000,1.00000000,B,15302,10.466667,A_LE30MIN,2,2
489,APPLAUSE:134639 | APPLAUSE:15246,Bamberg,208,134639,91509,Hamburg,101,15246,8509,1795.000,1.00000000,B,15245,10.966667,A_LE30MIN,4,4
490,APPLAUSE:134640 | APPLAUSE:15246,Bamberg,208,134640,91510,Hamburg,101,15246,8509,1795.000,0.13361436,B,15245,10.966667,A_LE30MIN,4,4
491,APPLAUSE:134639 | APPLAUSE:15245,Bamberg,208,134639,91509,Hamburg,101,15245,8508,928.000,1.00000000,B,15246,10.966667,A_LE30MIN,3,3
492,APPLAUSE:134640 | APPLAUSE:15245,Bamberg,208,134640,91510,Hamburg,101,15245,8508,928.000,0.13028750,B,15246,10.966667,A_LE30MIN,3,3
493,APPLAUSE:137450 | APPLAUSE:91907,Bamberg,208,137450,94320,Hamburg,106,91907,61704,2376.000,0.60025149,A,137458,11.000000,A_LE30MIN,1,1
494,APPLAUSE:138845 | APPLAUSE:17981,Bamberg,208,138845,95715,South Africa,203,17981,30091,900.000,0.12106909,A,138847,11.000000,A_LE30MIN,1,1
495,APPLAUSE:133403 | APPLAUSE:91484,Bamberg,208,133403,90273,Hamburg,106,91484,61295,180.000,1.00000000,A,133399,11.000000,A_LE30MIN,1,1
496,APPLAUSE:133633 | APPLAUSE:15090,Bamberg,208,133633,90503,Hamburg,101,15090,8367,1485.000,0.11595369,B,15091,11.466667,A_LE30MIN,1,1
497,APPLAUSE:85993 | APPLAUSE:3317,Bonn,105,85993,58110,Hamburg,101,3317,2483,1227.000,0.53931444,B,3318,11.466667,A_LE30MIN,1,1
498,APPLAUSE:85994 | APPLAUSE:3317,Bonn,105,85994,58110,Hamburg,101,3317,2483,419.000,0.53931444,B,3318,11.466667,A_LE30MIN,1,1
499,APPLAUSE:138099 | APPLAUSE:15454,Bamberg,208,138099,94969,Hamburg,101,15454,8709,1795.000,0.33839397,B,15455,11.966667,A_LE30MIN,1,1
500,APPLAUSE:138107 | APPLAUSE:15455,Bamberg,208,138107,94977,Hamburg,101,15455,8710,1071.000,0.80588323,B,15454,11.966667,A_LE30MIN,2,2
501,APPLAUSE:128987 | APPLAUSE:7324,Bamberg,208,128987,86257,Hamburg,101,7324,4616,180.000,0.00055098,B,7327,11.966667,A_LE30MIN,17,18
502,APPLAUSE:129039 | APPLAUSE:7356,Bamberg,208,129039,86309,Hamburg,101,7356,4626,179.000,1.00000000,B,7359,11.966667,A_LE30MIN,27,27
503,APPLAUSE:129040 | APPLAUSE:7368,Bamberg,208,129040,86310,Hamburg,101,7368,4627,179.000,0.53480880,B,7369,11.966667,A_LE30MIN,21,21
504,APPLAUSE:138099 | APPLAUSE:15455,Bamberg,208,138099,94969,Hamburg,101,15455,8710,124.000,0.33528078,B,15454,11.966667,A_LE30MIN,2,2
505,APPLAUSE:129040 | APPLAUSE:7369,Bamberg,208,129040,86310,Hamburg,101,7369,4628,123.000,0.55207885,B,7368,11.966667,A_LE30MIN,21,21
506,APPLAUSE:129040 | APPLAUSE:7361,Bamberg,208,129040,86310,Hamburg,101,7361,4627,65.000,0.53480880,B,7358,11.983333,A_LE30MIN,27,27
507,APPLAUSE:129039 | APPLAUSE:7361,Bamberg,208,129039,86309,Hamburg,101,7361,4627,54.000,1.00000000,B,7358,11.983333,A_LE30MIN,27,27
508,APPLAUSE:138843 | APPLAUSE:17981,Bamberg,208,138843,95713,South Africa,203,17981,30091,900.000,0.01300412,A,138841,12.000000,A_LE30MIN,1,1
509,APPLAUSE:138841 | APPLAUSE:17975,Bamberg,208,138841,95711,South Africa,203,17975,30085,720.000,0.16447557,A,138843,12.000000,A_LE30MIN,1,1
510,APPLAUSE:131949 | APPLAUSE:13569,Bamberg,208,131949,88876,Hamburg,101,13569,7306,1448.000,1.00000000,B,13568,12.466667,A_LE30MIN,1,1
511,APPLAUSE:136099 | APPLAUSE:15362,Bamberg,208,136099,92969,Hamburg,101,15362,8617,1105.000,0.51210426,B,15363,12.966667,A_LE30MIN,1,1
512,APPLAUSE:132552 | APPLAUSE:13976,Bamberg,208,132552,89478,Hamburg,101,13976,7615,419.000,1.00000000,B,13978,12.966667,A_LE30MIN,2,2
513,APPLAUSE:132552 | APPLAUSE:13979,Bamberg,208,132552,89478,Hamburg,101,13979,7616,419.000,1.00000000,B,13977,12.966667,A_LE30MIN,2,2
514,APPLAUSE:138175 | APPLAUSE:43642,Bamberg,208,138175,95045,Hamburg,102,43642,11021,359.000,1.00000000,B,43641,12.966667,A_LE30MIN,1,1
515,APPLAUSE:132552 | APPLAUSE:13975,Bamberg,208,132552,89478,Hamburg,101,13975,7614,359.000,1.00000000,B,13973,13.950000,A_LE30MIN,2,2
516,APPLAUSE:131192 | APPLAUSE:10669,Bamberg,208,131192,88289,Hamburg,101,10669,6603,30.000,1.00000000,B,10672,14.450000,A_LE30MIN,13,13
517,APPLAUSE:131192 | APPLAUSE:10674,Bamberg,208,131192,88289,Hamburg,101,10674,6604,30.000,1.00000000,B,10671,14.466667,A_LE30MIN,13,13
518,APPLAUSE:131662 | APPLAUSE:12407,Bamberg,208,131662,88706,Hamburg,101,12407,7016,29.000,0.82423062,B,12410,14.466667,A_LE30MIN,18,18
519,APPLAUSE:136177 | APPLAUSE:42919,Bamberg,208,136177,93047,Hamburg,102,42919,10652,120.000,0.88535458,B,42920,15.950000,A_LE30MIN,4,4
520,APPLAUSE:128967 | APPLAUSE:7283,Bamberg,208,128967,86237,Hamburg,101,7283,4611,180.000,1.00000000,B,7281,16.950000,A_LE30MIN,21,21
521,APPLAUSE:128987 | APPLAUSE:7323,Bamberg,208,128987,86257,Hamburg,101,7323,4616,180.000,0.00055098,B,7327,16.950000,A_LE30MIN,17,19
522,APPLAUSE:129040 | APPLAUSE:7367,Bamberg,208,129040,86310,Hamburg,101,7367,4627,179.000,0.53480880,B,7369,16.950000,A_LE30MIN,22,22
523,APPLAUSE:129039 | APPLAUSE:7355,Bamberg,208,129039,86309,Hamburg,101,7355,4626,130.000,1.00000000,B,7359,16.950000,A_LE30MIN,27,27
524,APPLAUSE:128987 | APPLAUSE:7319,Bamberg,208,128987,86257,Hamburg,101,7319,4616,179.000,0.00055098,B,7316,16.966667,A_LE30MIN,17,23
525,APPLAUSE:129040 | APPLAUSE:7362,Bamberg,208,129040,86310,Hamburg,101,7362,4627,179.000,0.53480880,B,7358,16.966667,A_LE30MIN,26,26
526,APPLAUSE:131906 | APPLAUSE:13540,Bamberg,208,131906,88833,Hamburg,101,13540,7277,1795.000,0.76362539,B,13539,18.950000,A_LE30MIN,1,1
527,APPLAUSE:132059 | APPLAUSE:13624,Bamberg,208,132059,88986,Hamburg,101,13624,7361,1318.000,0.78892988,B,13623,18.950000,A_LE30MIN,1,1
528,APPLAUSE:132060 | APPLAUSE:13624,Bamberg,208,132060,88987,Hamburg,101,13624,7361,1318.000,1.00000000,B,13623,18.950000,A_LE30MIN,1,1
529,APPLAUSE:132059 | APPLAUSE:13623,Bamberg,208,132059,88986,Hamburg,101,13623,7360,965.000,0.78976456,B,13624,18.950000,A_LE30MIN,1,1
530,APPLAUSE:132060 | APPLAUSE:13623,Bamberg,208,132060,88987,Hamburg,101,13623,7360,965.000,1.00000000,B,13624,18.950000,A_LE30MIN,1,1
531,APPLAUSE:125117 | APPLAUSE:4661,Bamberg,208,125117,82411,Hamburg,101,4661,3644,60.000,1.00000000,B,4655,19.450000,A_LE30MIN,2,2
532,APPLAUSE:131192 | APPLAUSE:10675,Bamberg,208,131192,88289,Hamburg,101,10675,6604,30.000,1.00000000,B,10671,19.450000,A_LE30MIN,13,13
533,APPLAUSE:131662 | APPLAUSE:12406,Bamberg,208,131662,88706,Hamburg,101,12406,7016,30.000,0.82423062,B,12410,19.450000,A_LE30MIN,18,18
534,APPLAUSE:131192 | APPLAUSE:10668,Bamberg,208,131192,88289,Hamburg,101,10668,6603,29.000,1.00000000,B,10672,19.450000,A_LE30MIN,13,13
535,APPLAUSE:125117 | APPLAUSE:4662,Bamberg,208,125117,82411,Hamburg,101,4662,3644,59.000,1.00000000,B,4655,21.450000,A_LE30MIN,2,2
536,APPLAUSE:123508 | APPLAUSE:4297,Bamberg,208,123508,80802,Hamburg,101,4297,3345,1800.000,0.38725904,B,4299,21.933333,A_LE30MIN,3,3
537,APPLAUSE:123504 | APPLAUSE:4297,Bamberg,208,123504,80798,Hamburg,101,4297,3345,458.000,0.69741198,B,4299,21.933333,A_LE30MIN,2,2
538,APPLAUSE:123510 | APPLAUSE:4297,Bamberg,208,123510,80804,Hamburg,101,4297,3345,458.000,0.34763314,B,4299,21.933333,A_LE30MIN,2,2
539,APPLAUSE:128967 | APPLAUSE:7284,Bamberg,208,128967,86237,Hamburg,101,7284,4611,180.000,1.00000000,B,7281,21.933333,A_LE30MIN,20,20
540,APPLAUSE:128987 | APPLAUSE:7322,Bamberg,208,128987,86257,Hamburg,101,7322,4616,180.000,0.00055098,B,7327,21.933333,A_LE30MIN,17,20
541,APPLAUSE:129040 | APPLAUSE:7366,Bamberg,208,129040,86310,Hamburg,101,7366,4627,180.000,0.53480880,B,7369,21.933333,A_LE30MIN,23,23
542,APPLAUSE:123504 | APPLAUSE:4299,Bamberg,208,123504,80798,Hamburg,101,4299,3347,26.000,0.69366173,B,4297,21.933333,A_LE30MIN,2,2
543,APPLAUSE:123510 | APPLAUSE:4299,Bamberg,208,123510,80804,Hamburg,101,4299,3347,26.000,0.34733705,B,4297,21.933333,A_LE30MIN,2,2
544,APPLAUSE:128987 | APPLAUSE:7320,Bamberg,208,128987,86257,Hamburg,101,7320,4616,179.000,0.00055098,B,7316,21.950000,A_LE30MIN,17,22
545,APPLAUSE:129040 | APPLAUSE:7363,Bamberg,208,129040,86310,Hamburg,101,7363,4627,179.000,0.53480880,B,7358,21.950000,A_LE30MIN,25,25
546,APPLAUSE:127130 | APPLAUSE:5541,Bamberg,208,127130,84411,Hamburg,101,5541,4048,10.000,1.00000000,B,5562,22.766667,A_LE30MIN,92,92
547,APPLAUSE:127130 | APPLAUSE:5540,Bamberg,208,127130,84411,Hamburg,101,5540,4048,10.000,1.00000000,B,5562,23.766667,A_LE30MIN,91,91
548,APPLAUSE:131192 | APPLAUSE:10667,Bamberg,208,131192,88289,Hamburg,101,10667,6603,30.000,1.00000000,B,10672,24.433333,A_LE30MIN,13,13
549,APPLAUSE:131192 | APPLAUSE:10676,Bamberg,208,131192,88289,Hamburg,101,10676,6604,30.000,1.00000000,B,10671,24.433333,A_LE30MIN,13,13
550,APPLAUSE:131662 | APPLAUSE:12405,Bamberg,208,131662,88706,Hamburg,101,12405,7016,30.000,0.82423062,B,12410,24.433333,A_LE30MIN,18,18
551,APPLAUSE:127130 | APPLAUSE:5539,Bamberg,208,127130,84411,Hamburg,101,5539,4048,10.000,1.00000000,B,5562,24.766667,A_LE30MIN,90,90
552,APPLAUSE:127130 | APPLAUSE:5538,Bamberg,208,127130,84411,Hamburg,101,5538,4048,10.000,1.00000000,B,5562,25.766667,A_LE30MIN,89,89
553,APPLAUSE:135469 | APPLAUSE:15303,Bamberg,208,135469,92339,Hamburg,101,15303,8561,359.000,0.87713717,B,15301,25.933333,A_LE30MIN,2,2
554,APPLAUSE:135470 | APPLAUSE:15303,Bamberg,208,135470,92340,Hamburg,101,15303,8561,359.000,1.00000000,B,15301,25.933333,A_LE30MIN,2,2
555,APPLAUSE:135626 | APPLAUSE:42737,Bamberg,208,135626,92496,Hamburg,102,42737,10547,1069.000,1.00000000,B,42740,26.433333,A_LE30MIN,2,2
556,APPLAUSE:127130 | APPLAUSE:5537,Bamberg,208,127130,84411,Hamburg,101,5537,4048,10.000,1.00000000,B,5562,26.766667,A_LE30MIN,88,88
557,APPLAUSE:129040 | APPLAUSE:7365,Bamberg,208,129040,86310,Hamburg,101,7365,4627,180.000,0.53480880,B,7369,26.916667,A_LE30MIN,24,24
558,APPLAUSE:129040 | APPLAUSE:7364,Bamberg,208,129040,86310,Hamburg,101,7364,4627,180.000,0.53480880,B,7358,26.933333,A_LE30MIN,25,25
559,APPLAUSE:128967 | APPLAUSE:7285,Bamberg,208,128967,86237,Hamburg,101,7285,4611,179.000,1.00000000,B,7281,26.933333,A_LE30MIN,19,19
560,APPLAUSE:128987 | APPLAUSE:7321,Bamberg,208,128987,86257,Hamburg,101,7321,4616,179.000,0.00055098,B,7316,26.933333,A_LE30MIN,17,21
561,APPLAUSE:127130 | APPLAUSE:5536,Bamberg,208,127130,84411,Hamburg,101,5536,4048,10.000,1.00000000,B,5562,27.750000,A_LE30MIN,87,87
562,APPLAUSE:127130 | APPLAUSE:5535,Bamberg,208,127130,84411,Hamburg,101,5535,4048,10.000,1.00000000,B,5562,28.750000,A_LE30MIN,86,86
563,APPLAUSE:131192 | APPLAUSE:10666,Bamberg,208,131192,88289,Hamburg,101,10666,6603,30.000,1.00000000,B,10672,29.416667,A_LE30MIN,13,13
564,APPLAUSE:131662 | APPLAUSE:12404,Bamberg,208,131662,88706,Hamburg,101,12404,7016,30.000,0.82423062,B,12410,29.416667,A_LE30MIN,18,18
565,APPLAUSE:127130 | APPLAUSE:5534,Bamberg,208,127130,84411,Hamburg,101,5534,4048,10.000,1.00000000,B,5562,29.750000,A_LE30MIN,85,85
566,APPLAUSE:139471 | APPLAUSE:13896,Castel Gandolfo,501,139471,96341,Hamburg,101,13896,7554,1217.000,0.16735847,B,13897,29.916667,A_LE30MIN,2,3
567,APPLAUSE:123592 | APPLAUSE:4326,Bamberg,208,123592,80886,Hamburg,101,4326,3374,1800.000,1.00000000,A,123590,30.000000,A_LE30MIN,1,1
568,APPLAUSE:127130 | APPLAUSE:5533,Bamberg,208,127130,84411,Hamburg,101,5533,4048,10.000,1.00000000,B,5562,30.750000,B_GT30_LE60MIN,85,85
569,APPLAUSE:131381 | APPLAUSE:11262,Bamberg,208,131381,88463,Hamburg,101,11262,6755,2573.000,0.21550329,B,11263,30.916667,B_GT30_LE60MIN,2,2
570,APPLAUSE:135648 | APPLAUSE:42744,Bamberg,208,135648,92518,Hamburg,102,42744,10550,360.000,0.03247174,B,42745,30.916667,B_GT30_LE60MIN,2,2
571,APPLAUSE:135649 | APPLAUSE:42744,Bamberg,208,135649,92519,Hamburg,102,42744,10550,360.000,0.13637111,B,42745,30.916667,B_GT30_LE60MIN,2,2
572,APPLAUSE:135648 | APPLAUSE:42745,Bamberg,208,135648,92518,Hamburg,102,42745,10551,256.000,0.02966351,B,42744,30.916667,B_GT30_LE60MIN,2,2
573,APPLAUSE:135649 | APPLAUSE:42745,Bamberg,208,135649,92519,Hamburg,102,42745,10551,256.000,0.13559667,B,42744,30.916667,B_GT30_LE60MIN,2,2
574,APPLAUSE:128544 | APPLAUSE:6927,Bamberg,208,128544,85816,Hamburg,101,6927,4428,176.000,1.00000000,B,6921,30.916667,B_GT30_LE60MIN,18,18
575,APPLAUSE:128554 | APPLAUSE:6927,Bamberg,208,128554,85826,Hamburg,101,6927,4428,176.000,1.00000000,B,6921,30.916667,B_GT30_LE60MIN,18,18
576,APPLAUSE:129741 | APPLAUSE:110957,Bamberg,208,129741,87011,Hamburg,111,110957,64925,720.000,0.12306369,A,129747,31.000000,B_GT30_LE60MIN,1,1
577,APPLAUSE:127130 | APPLAUSE:5532,Bamberg,208,127130,84411,Hamburg,101,5532,4048,10.000,1.00000000,B,5562,31.750000,B_GT30_LE60MIN,85,85
578,APPLAUSE:128968 | APPLAUSE:7286,Bamberg,208,128968,86238,Hamburg,101,7286,4611,167.000,1.00000000,B,7281,31.916667,B_GT30_LE60MIN,18,18
579,APPLAUSE:125570 | APPLAUSE:4896,Bamberg,208,125570,82864,Hamburg,101,4896,3795,3660.000,1.00000000,A,125506,32.000000,B_GT30_LE60MIN,1,1
580,APPLAUSE:125781 | APPLAUSE:4955,Bamberg,208,125781,83075,Hamburg,101,4955,3842,1860.000,0.12566665,A,125783,32.000000,B_GT30_LE60MIN,1,1
581,APPLAUSE:130508 | APPLAUSE:8191,Bamberg,208,130508,87725,Hamburg,101,8191,5146,1800.000,0.77853477,A,130498,32.000000,B_GT30_LE60MIN,1,1
582,APPLAUSE:125506 | APPLAUSE:4896,Bamberg,208,125506,82800,Hamburg,101,4896,3795,1563.000,0.99771502,A,125570,32.000000,B_GT30_LE60MIN,1,2
583,APPLAUSE:125783 | APPLAUSE:4955,Bamberg,208,125783,83077,Hamburg,101,4955,3842,720.000,0.11857041,A,125781,32.000000,B_GT30_LE60MIN,1,1
584,APPLAUSE:123672 | APPLAUSE:4350,Bamberg,208,123672,80966,Hamburg,101,4350,3398,678.000,0.28706205,A,123650,32.000000,B_GT30_LE60MIN,1,1
585,APPLAUSE:127130 | APPLAUSE:5531,Bamberg,208,127130,84411,Hamburg,101,5531,4048,10.000,1.00000000,B,5562,32.750000,B_GT30_LE60MIN,84,84
586,APPLAUSE:129084 | APPLAUSE:7401,Bamberg,208,129084,86354,Hamburg,101,7401,4650,1182.000,1.00000000,A,129074,33.000000,B_GT30_LE60MIN,1,1
587,APPLAUSE:127130 | APPLAUSE:5530,Bamberg,208,127130,84411,Hamburg,101,5530,4048,10.000,1.00000000,B,5562,33.733333,B_GT30_LE60MIN,83,83
588,APPLAUSE:131192 | APPLAUSE:10665,Bamberg,208,131192,88289,Hamburg,101,10665,6603,60.000,1.00000000,B,10672,33.900000,B_GT30_LE60MIN,13,13
589,APPLAUSE:132855 | APPLAUSE:90634,Bamberg,208,132855,89736,Hamburg,106,90634,60445,629.000,0.45856465,A,132865,34.000000,B_GT30_LE60MIN,2,2
590,APPLAUSE:127130 | APPLAUSE:5529,Bamberg,208,127130,84411,Hamburg,101,5529,4048,10.000,1.00000000,B,5562,34.733333,B_GT30_LE60MIN,82,82
591,APPLAUSE:127130 | APPLAUSE:5528,Bamberg,208,127130,84411,Hamburg,101,5528,4048,10.000,1.00000000,B,5562,35.733333,B_GT30_LE60MIN,81,81
592,APPLAUSE:128544 | APPLAUSE:6928,Bamberg,208,128544,85816,Hamburg,101,6928,4428,239.000,1.00000000,B,6921,35.916667,B_GT30_LE60MIN,17,17
593,APPLAUSE:128554 | APPLAUSE:6928,Bamberg,208,128554,85826,Hamburg,101,6928,4428,239.000,1.00000000,B,6921,35.916667,B_GT30_LE60MIN,17,17
594,APPLAUSE:127130 | APPLAUSE:5527,Bamberg,208,127130,84411,Hamburg,101,5527,4048,10.000,1.00000000,B,5562,36.733333,B_GT30_LE60MIN,80,80
595,APPLAUSE:135653 | APPLAUSE:42746,Bamberg,208,135653,92523,Hamburg,102,42746,10552,598.000,0.93556450,B,42745,36.900000,B_GT30_LE60MIN,2,2
596,APPLAUSE:135654 | APPLAUSE:42746,Bamberg,208,135654,92524,Hamburg,102,42746,10552,598.000,0.31073952,B,42745,36.900000,B_GT30_LE60MIN,2,2
597,APPLAUSE:128968 | APPLAUSE:7287,Bamberg,208,128968,86238,Hamburg,101,7287,4611,179.000,1.00000000,B,7281,36.900000,B_GT30_LE60MIN,17,17
598,APPLAUSE:127130 | APPLAUSE:5526,Bamberg,208,127130,84411,Hamburg,101,5526,4048,10.000,1.00000000,B,5562,37.733333,B_GT30_LE60MIN,79,79
599,APPLAUSE:127130 | APPLAUSE:5525,Bamberg,208,127130,84411,Hamburg,101,5525,4048,10.000,1.00000000,B,5562,38.733333,B_GT30_LE60MIN,78,78
600,APPLAUSE:129345 | APPLAUSE:7511,Bamberg,208,129345,86615,Hamburg,101,7511,4759,1364.000,0.01268944,B,7510,38.900000,B_GT30_LE60MIN,1,1
601,APPLAUSE:127130 | APPLAUSE:5524,Bamberg,208,127130,84411,Hamburg,101,5524,4048,10.000,1.00000000,B,5562,39.716667,B_GT30_LE60MIN,77,77
602,APPLAUSE:127130 | APPLAUSE:5523,Bamberg,208,127130,84411,Hamburg,101,5523,4048,10.000,1.00000000,B,5562,40.716667,B_GT30_LE60MIN,76,76
603,APPLAUSE:128544 | APPLAUSE:6929,Bamberg,208,128544,85816,Hamburg,101,6929,4428,239.000,1.00000000,B,6921,40.900000,B_GT30_LE60MIN,16,16
604,APPLAUSE:128554 | APPLAUSE:6929,Bamberg,208,128554,85826,Hamburg,101,6929,4428,239.000,1.00000000,B,6921,40.900000,B_GT30_LE60MIN,16,16
605,APPLAUSE:132452 | APPLAUSE:139439,Bamberg,208,132452,89378,Castel Gandolfo,501,139439,96309,2700.000,0.21243556,B,139437,41.000000,B_GT30_LE60MIN,2,2
606,APPLAUSE:127130 | APPLAUSE:5522,Bamberg,208,127130,84411,Hamburg,101,5522,4048,10.000,1.00000000,B,5562,41.716667,B_GT30_LE60MIN,75,75
607,APPLAUSE:128968 | APPLAUSE:7288,Bamberg,208,128968,86238,Hamburg,101,7288,4611,180.000,1.00000000,B,7281,41.883333,B_GT30_LE60MIN,16,16
608,APPLAUSE:127130 | APPLAUSE:5521,Bamberg,208,127130,84411,Hamburg,101,5521,4048,10.000,1.00000000,B,5562,42.716667,B_GT30_LE60MIN,74,74
609,APPLAUSE:130860 | APPLAUSE:8463,Bamberg,208,130860,88035,Hamburg,101,8463,5339,1314.000,1.00000000,B,8465,42.883333,B_GT30_LE60MIN,1,1
610,APPLAUSE:128544 | APPLAUSE:6930,Bamberg,208,128544,85816,Hamburg,101,6930,4428,239.000,1.00000000,B,6921,45.883333,B_GT30_LE60MIN,15,15
611,APPLAUSE:128554 | APPLAUSE:6930,Bamberg,208,128554,85826,Hamburg,101,6930,4428,239.000,1.00000000,B,6921,45.883333,B_GT30_LE60MIN,15,15
612,APPLAUSE:128968 | APPLAUSE:7289,Bamberg,208,128968,86238,Hamburg,101,7289,4611,180.000,1.00000000,B,7281,46.866667,B_GT30_LE60MIN,15,15
613,APPLAUSE:128544 | APPLAUSE:6931,Bamberg,208,128544,85816,Hamburg,101,6931,4428,539.000,1.00000000,B,6921,50.866667,B_GT30_LE60MIN,14,14
614,APPLAUSE:128554 | APPLAUSE:6931,Bamberg,208,128554,85826,Hamburg,101,6931,4428,539.000,1.00000000,B,6921,50.866667,B_GT30_LE60MIN,14,14
615,APPLAUSE:128968 | APPLAUSE:7290,Bamberg,208,128968,86238,Hamburg,101,7290,4611,180.000,1.00000000,B,7281,51.850000,B_GT30_LE60MIN,14,14
616,APPLAUSE:129384 | APPLAUSE:7575,Bamberg,208,129384,86654,Hamburg,101,7575,4793,104.000,0.91394732,B,7573,54.850000,B_GT30_LE60MIN,2,2
617,APPLAUSE:129383 | APPLAUSE:7573,Bamberg,208,129383,86653,Hamburg,101,7573,4791,34.000,1.00000000,B,7575,54.850000,B_GT30_LE60MIN,1,1
618,APPLAUSE:131899 | APPLAUSE:13536,Bamberg,208,131899,88826,Hamburg,101,13536,7273,511.000,0.56894040,B,13535,56.850000,B_GT30_LE60MIN,1,1
619,APPLAUSE:128968 | APPLAUSE:7291,Bamberg,208,128968,86238,Hamburg,101,7291,4611,179.000,1.00000000,B,7281,56.850000,B_GT30_LE60MIN,13,13
620,APPLAUSE:131824 | APPLAUSE:12852,Bamberg,208,131824,88754,Hamburg,101,12852,7107,419.000,0.66605625,B,12857,59.850000,B_GT30_LE60MIN,1,1
621,APPLAUSE:123546 | APPLAUSE:4315,Bamberg,208,123546,80840,Hamburg,101,4315,3363,1800.000,1.00000000,A,123544,60.000000,B_GT30_LE60MIN,4,4
622,APPLAUSE:123566 | APPLAUSE:4315,Bamberg,208,123566,80860,Hamburg,101,4315,3363,1800.000,1.00000000,A,123544,60.000000,B_GT30_LE60MIN,4,4
623,APPLAUSE:131824 | APPLAUSE:12855,Bamberg,208,131824,88754,Hamburg,101,12855,7110,419.000,0.91875001,B,12860,60.850000,C_GT60_LE120MIN,2,2
624,APPLAUSE:132654 | APPLAUSE:14120,Bamberg,208,132654,89580,Hamburg,101,14120,7685,299.000,0.64216043,B,14122,61.833333,C_GT60_LE120MIN,1,1
625,APPLAUSE:125535 | APPLAUSE:4914,Bamberg,208,125535,82829,Hamburg,101,4914,3807,1800.000,0.99998010,A,125588,62.000000,C_GT60_LE120MIN,1,1
626,APPLAUSE:125590 | APPLAUSE:4914,Bamberg,208,125590,82884,Hamburg,101,4914,3807,1800.000,1.00000000,A,125588,62.000000,C_GT60_LE120MIN,1,1
627,APPLAUSE:125588 | APPLAUSE:4914,Bamberg,208,125588,82882,Hamburg,101,4914,3807,1740.000,1.00000000,A,125535,62.000000,C_GT60_LE120MIN,2,2
628,APPLAUSE:131824 | APPLAUSE:12853,Bamberg,208,131824,88754,Hamburg,101,12853,7108,418.000,0.19613974,B,12858,62.833333,C_GT60_LE120MIN,1,1
629,APPLAUSE:129429 | APPLAUSE:7647,Bamberg,208,129429,86699,Hamburg,101,7647,4837,1800.000,0.48307954,A,129440,63.000000,C_GT60_LE120MIN,1,1
630,APPLAUSE:132452 | APPLAUSE:13880,Bamberg,208,132452,89378,Hamburg,101,13880,7540,2273.000,0.43732155,B,13881,68.816667,C_GT60_LE120MIN,2,2
631,APPLAUSE:131943 | APPLAUSE:13567,Bamberg,208,131943,88870,Hamburg,101,13567,7304,1795.000,1.00000000,A,131934,70.000000,C_GT60_LE120MIN,1,1
632,APPLAUSE:139495 | APPLAUSE:13937,Castel Gandolfo,501,139495,96365,Hamburg,101,13937,7587,388.000,0.35906211,A,139492,71.000000,C_GT60_LE120MIN,1,1
633,APPLAUSE:139470 | APPLAUSE:13894,Castel Gandolfo,501,139470,96340,Hamburg,101,13894,7552,1083.000,0.01133295,A,139467,73.033333,C_GT60_LE120MIN,1,1
634,APPLAUSE:139470 | APPLAUSE:13895,Castel Gandolfo,501,139470,96340,Hamburg,101,13895,7553,238.000,0.82876298,A,139467,73.033333,C_GT60_LE120MIN,1,1
635,APPLAUSE:132235 | APPLAUSE:13765,Bamberg,208,132235,89162,Hamburg,101,13765,7486,2039.000,1.00000000,A,132228,77.000000,C_GT60_LE120MIN,1,1
636,APPLAUSE:132801 | APPLAUSE:90566,Bamberg,208,132801,89702,Hamburg,106,90566,60377,1496.000,0.27538666,A,132805,77.000000,C_GT60_LE120MIN,3,3
637,APPLAUSE:130390 | APPLAUSE:8166,Bamberg,208,130390,87617,Hamburg,101,8166,5121,1558.000,1.00000000,B,8167,83.783333,C_GT60_LE120MIN,1,1
638,APPLAUSE:130261 | APPLAUSE:8146,Bamberg,208,130261,87525,Hamburg,101,8146,5101,1496.000,0.99281899,B,8147,89.933333,C_GT60_LE120MIN,1,1
639,APPLAUSE:125569 | APPLAUSE:4896,Bamberg,208,125569,82863,Hamburg,101,4896,3795,3660.000,0.00142548,A,125506,94.000000,C_GT60_LE120MIN,1,1
640,APPLAUSE:132028 | APPLAUSE:13613,Bamberg,208,132028,88955,Hamburg,101,13613,7350,1541.000,0.32489639,B,13606,95.750000,C_GT60_LE120MIN,1,1
641,APPLAUSE:132023 | APPLAUSE:13606,Bamberg,208,132023,88950,Hamburg,101,13606,7343,514.000,0.02917829,B,13613,95.750000,C_GT60_LE120MIN,1,1
642,APPLAUSE:132627 | APPLAUSE:14092,Bamberg,208,132627,89553,Hamburg,101,14092,7673,1796.000,0.65354123,B,14109,99.733333,C_GT60_LE120MIN,1,1
643,APPLAUSE:130184 | APPLAUSE:8126,Bamberg,208,130184,87448,Hamburg,101,8126,5081,1800.000,0.99668721,B,8128,102.216667,C_GT60_LE120MIN,1,1
