raw_match_row,population,v078_catalog_recurrence_class,selection_role,physical_plate_id,archive_family,archive_id,archive_names,institutes,representative_exposure_start_utc,seconds_from_science_epoch,coverage_class,edge_distance_arcsec,scan_id,filename_scan,expected_file_size,fits_checksum,solution_id,solution_num,v078_plate_recurrence_class,v078_nearest_separation_arcsec
292800,DIAGNOSTIC_179,WIDE_5_TO_15_ARCSEC_CONTEXT_ONLY,CONTEXTUAL_3_TO_15_ARCSEC_CONTROL,6282,HAMBURG,101,Lippert-Astrograph (Hamburg),Hamburger Sternwarte,1948-03-03T18:26:17+00:00,-181448561.5,COVERED_INTERIOR,0.0,8084,DR4/scans/HAM-LA/LA06708_x.fits,1067690880,7RaAAOT30OY97OY9,10381,1,WIDE_GT5_LE15,9.859961443855122
292800,DIAGNOSTIC_179,WIDE_5_TO_15_ARCSEC_CONTEXT_ONLY,SENSITIVITY_NEGATIVE_HAMBURG_BEFORE,7619,HAMBURG,101,Lippert-Astrograph (Hamburg),Hamburger Sternwarte,1953-09-16T00:35:23+00:00,-6725615.5,COVERED_INTERIOR,0.0,9870,DR4/scans/HAM-LA/LA08095_x.fits,427155840,caBhdYBfcaBfcYBf,14428,1,NO_SOURCE_WITHIN_15_ARCSEC,
292800,DIAGNOSTIC_179,WIDE_5_TO_15_ARCSEC_CONTEXT_ONLY,SENSITIVITY_NEGATIVE_HAMBURG_AFTER,7687,HAMBURG,101,Lippert-Astrograph (Hamburg),Hamburger Sternwarte,1953-12-02T21:53:18+00:00,3859.5,COVERED_INTERIOR,0.0,10000,DR4/scans/HAM-LA/LA08167_x.fits,1312346880,PeNSSZKPPdKPPZKP,14628,1,NO_SOURCE_WITHIN_15_ARCSEC,
292800,DIAGNOSTIC_179,WIDE_5_TO_15_ARCSEC_CONTEXT_ONLY,SENSITIVITY_NEGATIVE_BAMBERG_BEFORE,89097,BAMBERG,208,"Astrograph, Bamberg Northern Sky Patrol","Dr. Karl Remeis-Sternwarte, Bamberg",1953-03-05T19:49:00+00:00,-23504398.5,COVERED_INTERIOR,0.0,113642,DR4/scans/Bamberg-North/012160_1953_h.fits,174444480,8KLaAJJY2JJa8JJY,110998,1,NO_SOURCE_WITHIN_15_ARCSEC,
292800,DIAGNOSTIC_179,WIDE_5_TO_15_ARCSEC_CONTEXT_ONLY,SENSITIVITY_NEGATIVE_BAMBERG_AFTER,89595,BAMBERG,208,"Astrograph, Bamberg Northern Sky Patrol","Dr. Karl Remeis-Sternwarte, Bamberg",1953-12-04T18:50:00+00:00,165661.5,COVERED_INTERIOR,0.0,114131,DR4/scans/Bamberg-North/012688_1953_h.fits,174888000,SFRMUCPMSCPMSCPM,111428,1,NO_SOURCE_WITHIN_15_ARCSEC,
293118,PRIMARY_424,WIDE_5_TO_15_ARCSEC_CONTEXT_ONLY,CONTEXTUAL_3_TO_15_ARCSEC_CONTROL,91972,BAMBERG,208,"Astrograph, Bamberg Northern Sky Patrol","Dr. Karl Remeis-Sternwarte, Bamberg",1959-10-06T03:02:00+00:00,184313581.5,COVERED_INTERIOR,0.0,116503,DR4/scans/Bamberg-North/015063_1959_h.fits,174888000,9AabD9VZ9AZaC9ZY,113720,1,WIDE_GT5_LE15,6.653310856680312
293118,PRIMARY_424,WIDE_5_TO_15_ARCSEC_CONTEXT_ONLY,SENSITIVITY_NEGATIVE_HAMBURG_BEFORE,7679,HAMBURG,101,Lippert-Astrograph (Hamburg),Hamburger Sternwarte,1953-11-25T21:12:01+00:00,-603417.5,COVERED_INTERIOR,0.0,9986,DR4/scans/HAM-LA/LA08157_x.fits,427155840,nTlgqSkgnSkgnSkg,14588,1,NO_SOURCE_WITHIN_15_ARCSEC,
293118,PRIMARY_424,WIDE_5_TO_15_ARCSEC_CONTEXT_ONLY,SENSITIVITY_NEGATIVE_HAMBURG_AFTER,7687,HAMBURG,101,Lippert-Astrograph (Hamburg),Hamburger Sternwarte,1953-12-02T21:53:18+00:00,3859.5,COVERED_INTERIOR,0.0,10000,DR4/scans/HAM-LA/LA08167_x.fits,1312346880,PeNSSZKPPdKPPZKP,14628,1,NO_SOURCE_WITHIN_15_ARCSEC,
293118,PRIMARY_424,WIDE_5_TO_15_ARCSEC_CONTEXT_ONLY,SENSITIVITY_NEGATIVE_BAMBERG_BEFORE,89097,BAMBERG,208,"Astrograph, Bamberg Northern Sky Patrol","Dr. Karl Remeis-Sternwarte, Bamberg",1953-03-05T19:49:00+00:00,-23504398.5,COVERED_INTERIOR,0.0,113642,DR4/scans/Bamberg-North/012160_1953_h.fits,174444480,8KLaAJJY2JJa8JJY,110998,1,NO_SOURCE_WITHIN_15_ARCSEC,
293118,PRIMARY_424,WIDE_5_TO_15_ARCSEC_CONTEXT_ONLY,SENSITIVITY_NEGATIVE_BAMBERG_AFTER,90160,BAMBERG,208,"Astrograph, Bamberg Northern Sky Patrol","Dr. Karl Remeis-Sternwarte, Bamberg",1958-12-02T00:05:00+00:00,157691761.5,COVERED_INTERIOR,0.0,114694,DR4/scans/Bamberg-North/013251_1958_h.fits,174444480,1eHe4cHc1cHc1cHc,112089,1,NO_SOURCE_WITHIN_15_ARCSEC,
293327,DIAGNOSTIC_179,STRICT_RECURRENCE_ON_1_PHYSICAL_PLATE,POSITIVE_STRICT_RECURRENCE_CONTROL,5146,HAMBURG,101,Lippert-Astrograph (Hamburg),Hamburger Sternwarte,1938-12-16T23:22:19+00:00,-472166799.5,COVERED_INTERIOR,0.0,6332,DR4/scans/HAM-LA/LA05466_x.fits,1306978560,AJieDHiZAHibAHiZ,8012,1,STRICT_LE3,2.950995482718595
293327,DIAGNOSTIC_179,STRICT_RECURRENCE_ON_1_PHYSICAL_PLATE,CONTEXTUAL_3_TO_15_ARCSEC_CONTROL,2113,HAMBURG,101,Lippert-Astrograph (Hamburg),Hamburger Sternwarte,1928-08-28T01:31:55+00:00,-797282223.5,COVERED_INTERIOR,0.0,2369,DR4/scans/HAM-LA/LA02355_x.fits,1312349760,YdZAabX3TbX9YbX9,2759,1,DIAGNOSTIC_GT3_LE5,4.38425775450283
293327,DIAGNOSTIC_179,STRICT_RECURRENCE_ON_1_PHYSICAL_PLATE,SENSITIVITY_NEGATIVE_HAMBURG_BEFORE,7679,HAMBURG,101,Lippert-Astrograph (Hamburg),Hamburger Sternwarte,1953-11-25T21:12:01+00:00,-603417.5,COVERED_INTERIOR,0.0,9986,DR4/scans/HAM-LA/LA08157_x.fits,427155840,nTlgqSkgnSkgnSkg,14588,1,NO_SOURCE_WITHIN_15_ARCSEC,
293327,DIAGNOSTIC_179,STRICT_RECURRENCE_ON_1_PHYSICAL_PLATE,SENSITIVITY_NEGATIVE_HAMBURG_AFTER,7688,HAMBURG,101,Lippert-Astrograph (Hamburg),Hamburger Sternwarte,1953-12-05T20:44:39+00:00,258940.5,COVERED_INTERIOR,0.0,10002,DR4/scans/HAM-LA/LA08168_x.fits,427161600,ZdIFfd9CZdGCdd9C,14604,1,NO_SOURCE_WITHIN_15_ARCSEC,
293327,DIAGNOSTIC_179,STRICT_RECURRENCE_ON_1_PHYSICAL_PLATE,SENSITIVITY_NEGATIVE_BAMBERG_BEFORE,89097,BAMBERG,208,"Astrograph, Bamberg Northern Sky Patrol","Dr. Karl Remeis-Sternwarte, Bamberg",1953-03-05T19:49:00+00:00,-23504398.5,COVERED_INTERIOR,0.0,113642,DR4/scans/Bamberg-North/012160_1953_h.fits,174444480,8KLaAJJY2JJa8JJY,110998,1,NO_SOURCE_WITHIN_15_ARCSEC,
293327,DIAGNOSTIC_179,STRICT_RECURRENCE_ON_1_PHYSICAL_PLATE,SENSITIVITY_NEGATIVE_BAMBERG_AFTER,89595,BAMBERG,208,"Astrograph, Bamberg Northern Sky Patrol","Dr. Karl Remeis-Sternwarte, Bamberg",1953-12-04T18:50:00+00:00,165661.5,COVERED_INTERIOR,0.0,114131,DR4/scans/Bamberg-North/012688_1953_h.fits,174888000,SFRMUCPMSCPMSCPM,111428,1,NO_SOURCE_WITHIN_15_ARCSEC,
293328,PRIMARY_424,DIAGNOSTIC_RECURRENCE_ONLY,CONTEXTUAL_3_TO_15_ARCSEC_CONTROL,83743,BAMBERG,208,"Astrograph, Bamberg Northern Sky Patrol","Dr. Karl Remeis-Sternwarte, Bamberg",1933-10-23T23:42:00+00:00,-634597618.5,COVERED_INTERIOR,0.0,108559,DR4/scans/Bamberg-North/006804_1933_h.fits,174444480,aO8AdL54aL59aL59,107879,1,DIAGNOSTIC_GT3_LE5,3.9085756183219456
293328,PRIMARY_424,DIAGNOSTIC_RECURRENCE_ONLY,SENSITIVITY_NEGATIVE_HAMBURG_BEFORE,7679,HAMBURG,101,Lippert-Astrograph (Hamburg),Hamburger Sternwarte,1953-11-25T21:12:01+00:00,-603417.5,COVERED_INTERIOR,0.0,9986,DR4/scans/HAM-LA/LA08157_x.fits,427155840,nTlgqSkgnSkgnSkg,14588,1,NO_SOURCE_WITHIN_15_ARCSEC,
293328,PRIMARY_424,DIAGNOSTIC_RECURRENCE_ONLY,SENSITIVITY_NEGATIVE_HAMBURG_AFTER,7687,HAMBURG,101,Lippert-Astrograph (Hamburg),Hamburger Sternwarte,1953-12-02T21:53:18+00:00,3859.5,COVERED_INTERIOR,0.0,10000,DR4/scans/HAM-LA/LA08167_x.fits,1312346880,PeNSSZKPPdKPPZKP,14628,1,NO_SOURCE_WITHIN_15_ARCSEC,
293328,PRIMARY_424,DIAGNOSTIC_RECURRENCE_ONLY,SENSITIVITY_NEGATIVE_BAMBERG_BEFORE,89097,BAMBERG,208,"Astrograph, Bamberg Northern Sky Patrol","Dr. Karl Remeis-Sternwarte, Bamberg",1953-03-05T19:49:00+00:00,-23504398.5,COVERED_INTERIOR,0.0,113642,DR4/scans/Bamberg-North/012160_1953_h.fits,174444480,8KLaAJJY2JJa8JJY,110998,1,NO_SOURCE_WITHIN_15_ARCSEC,
293328,PRIMARY_424,DIAGNOSTIC_RECURRENCE_ONLY,SENSITIVITY_NEGATIVE_BAMBERG_AFTER,89595,BAMBERG,208,"Astrograph, Bamberg Northern Sky Patrol","Dr. Karl Remeis-Sternwarte, Bamberg",1953-12-04T18:50:00+00:00,165661.5,COVERED_INTERIOR,0.0,114131,DR4/scans/Bamberg-North/012688_1953_h.fits,174888000,SFRMUCPMSCPMSCPM,111428,1,NO_SOURCE_WITHIN_15_ARCSEC,
293343,PRIMARY_424,DIAGNOSTIC_RECURRENCE_ONLY,CONTEXTUAL_3_TO_15_ARCSEC_CONTROL,53653,BAMBERG,206,Zeiss Objective (South Africa),"Dr. Karl Remeis-Sternwarte, Bamberg",1965-02-04T18:15:00+00:00,352675561.5,COVERED_INTERIOR,0.0,60366,DR4/scans/Bamberg-South/011634_1965_h.fits,176094720,faUhiURZfZRffZRZ,37315,1,DIAGNOSTIC_GT3_LE5,3.0030012016529555
293343,PRIMARY_424,DIAGNOSTIC_RECURRENCE_ONLY,SENSITIVITY_NEGATIVE_HAMBURG_BEFORE,7665,HAMBURG,101,Lippert-Astrograph (Hamburg),Hamburger Sternwarte,1953-11-10T22:11:59+00:00,-1895819.5,COVERED_INTERIOR,0.0,9959,DR4/scans/HAM-LA/LA08142_x.fits,428077440,AbbaAZaYAaaaAYaW,14552,1,NO_SOURCE_WITHIN_15_ARCSEC,
293343,PRIMARY_424,DIAGNOSTIC_RECURRENCE_ONLY,SENSITIVITY_NEGATIVE_HAMBURG_AFTER,7691,HAMBURG,101,Lippert-Astrograph (Hamburg),Hamburger Sternwarte,1953-12-28T18:42:18+00:00,2238799.5,COVERED_INTERIOR,0.0,10008,DR4/scans/HAM-LA/LA08171_x.fits,427161600,2hTl4eRk2eRk2eRk,14612,1,NO_SOURCE_WITHIN_15_ARCSEC,
293343,PRIMARY_424,DIAGNOSTIC_RECURRENCE_ONLY,SENSITIVITY_NEGATIVE_BAMBERG_BEFORE,89097,BAMBERG,208,"Astrograph, Bamberg Northern Sky Patrol","Dr. Karl Remeis-Sternwarte, Bamberg",1953-03-05T19:49:00+00:00,-23504398.5,COVERED_INTERIOR,0.0,113642,DR4/scans/Bamberg-North/012160_1953_h.fits,174444480,8KLaAJJY2JJa8JJY,110998,1,NO_SOURCE_WITHIN_15_ARCSEC,
293343,PRIMARY_424,DIAGNOSTIC_RECURRENCE_ONLY,SENSITIVITY_NEGATIVE_BAMBERG_AFTER,90160,BAMBERG,208,"Astrograph, Bamberg Northern Sky Patrol","Dr. Karl Remeis-Sternwarte, Bamberg",1958-12-02T00:05:00+00:00,157691761.5,COVERED_INTERIOR,0.0,114694,DR4/scans/Bamberg-North/013251_1958_h.fits,174444480,1eHe4cHc1cHc1cHc,112089,1,NO_SOURCE_WITHIN_15_ARCSEC,
293349,PRIMARY_424,STRICT_RECURRENCE_ON_1_PHYSICAL_PLATE,POSITIVE_STRICT_RECURRENCE_CONTROL,53484,BAMBERG,206,Zeiss Objective (South Africa),"Dr. Karl Remeis-Sternwarte, Bamberg",1964-11-26T23:23:00+00:00,346646041.5,COVERED_INTERIOR,0.0,60247,DR4/scans/Bamberg-South/011465_1964_h.fits,175919040,SJPkS9PiSGPiS9Pi,37144,1,STRICT_LE3,1.3369953985317862
293349,PRIMARY_424,STRICT_RECURRENCE_ON_1_PHYSICAL_PLATE,CONTEXTUAL_3_TO_15_ARCSEC_CONTROL,19280,HAMBURG,103,1m-Spiegelteleskop (Hamburg),Hamburger Sternwarte,1939-02-13T19:36:18+00:00,-467082760.5,COVERED_INTERIOR,0.0,22189,DR4/scans/HAM-ST/S05639_y.fits,415598400,9d3SHa1Q9a1QEa1Q,54957,1,DIAGNOSTIC_GT3_LE5,3.5476109887440295
293349,PRIMARY_424,STRICT_RECURRENCE_ON_1_PHYSICAL_PLATE,SENSITIVITY_NEGATIVE_HAMBURG_BEFORE,7665,HAMBURG,101,Lippert-Astrograph (Hamburg),Hamburger Sternwarte,1953-11-10T22:11:59+00:00,-1895819.5,COVERED_INTERIOR,0.0,9959,DR4/scans/HAM-LA/LA08142_x.fits,428077440,AbbaAZaYAaaaAYaW,14552,1,NO_SOURCE_WITHIN_15_ARCSEC,
293349,PRIMARY_424,STRICT_RECURRENCE_ON_1_PHYSICAL_PLATE,SENSITIVITY_NEGATIVE_HAMBURG_AFTER,7804,HAMBURG,101,Lippert-Astrograph (Hamburg),Hamburger Sternwarte,1954-03-30T19:42:55+00:00,10191236.5,COVERED_INTERIOR,0.0,10186,DR4/scans/HAM-LA/LA08287_x.fits,429632640,laQpnVNnlZNnlZNn,14871,1,NO_SOURCE_WITHIN_15_ARCSEC,
293349,PRIMARY_424,STRICT_RECURRENCE_ON_1_PHYSICAL_PLATE,SENSITIVITY_NEGATIVE_BAMBERG_BEFORE,89097,BAMBERG,208,"Astrograph, Bamberg Northern Sky Patrol","Dr. Karl Remeis-Sternwarte, Bamberg",1953-03-05T19:49:00+00:00,-23504398.5,COVERED_INTERIOR,0.0,113642,DR4/scans/Bamberg-North/012160_1953_h.fits,174444480,8KLaAJJY2JJa8JJY,110998,1,NO_SOURCE_WITHIN_15_ARCSEC,
293349,PRIMARY_424,STRICT_RECURRENCE_ON_1_PHYSICAL_PLATE,SENSITIVITY_NEGATIVE_BAMBERG_AFTER,89595,BAMBERG,208,"Astrograph, Bamberg Northern Sky Patrol","Dr. Karl Remeis-Sternwarte, Bamberg",1953-12-04T18:50:00+00:00,165661.5,COVERED_INTERIOR,0.0,114131,DR4/scans/Bamberg-North/012688_1953_h.fits,174888000,SFRMUCPMSCPMSCPM,111428,1,NO_SOURCE_WITHIN_15_ARCSEC,
293470,PRIMARY_424,STRICT_RECURRENCE_ON_1_PHYSICAL_PLATE,POSITIVE_STRICT_RECURRENCE_CONTROL,80726,BAMBERG,208,"Astrograph, Bamberg Northern Sky Patrol","Dr. Karl Remeis-Sternwarte, Bamberg",1931-12-31T19:43:00+00:00,-691808758.5,COVERED_INTERIOR,0.0,105655,DR4/scans/Bamberg-North/003789_1931_h.fits,174156480,4LWI5IVH4IVH4IVH,106186,1,STRICT_LE3,0.9439609932386882
293470,PRIMARY_424,STRICT_RECURRENCE_ON_1_PHYSICAL_PLATE,CONTEXTUAL_3_TO_15_ARCSEC_CONTROL,8369,HAMBURG,101,Lippert-Astrograph (Hamburg),Hamburger Sternwarte,1959-02-28T18:58:09+00:00,165362950.5,COVERED_INTERIOR,0.0,10960,DR4/scans/HAM-LA/LA08860_x.fits,425269440,JOUfLLSZJLSdJLSZ,15812,1,DIAGNOSTIC_GT3_LE5,3.1047043914748707
293470,PRIMARY_424,STRICT_RECURRENCE_ON_1_PHYSICAL_PLATE,SENSITIVITY_NEGATIVE_HAMBURG_BEFORE,7526,HAMBURG,101,Lippert-Astrograph (Hamburg),Hamburger Sternwarte,1953-04-10T20:04:33+00:00,-20393065.5,COVERED_INTERIOR,0.0,9698,DR4/scans/HAM-LA/LA08001_y.fits,426130560,0mbT3jZT0jaT0jYT,14192,1,NO_SOURCE_WITHIN_15_ARCSEC,
293470,PRIMARY_424,STRICT_RECURRENCE_ON_1_PHYSICAL_PLATE,SENSITIVITY_NEGATIVE_HAMBURG_AFTER,8285,HAMBURG,101,Lippert-Astrograph (Hamburg),Hamburger Sternwarte,1956-03-03T19:41:51+00:00,71016772.5,COVERED_INTERIOR,0.0,10815,DR4/scans/HAM-LA/LA08773_x.fits,430007040,WPFJZMEJWMEJWMEJ,15613,1,NO_SOURCE_WITHIN_15_ARCSEC,
293470,PRIMARY_424,STRICT_RECURRENCE_ON_1_PHYSICAL_PLATE,SENSITIVITY_NEGATIVE_BAMBERG_BEFORE,89097,BAMBERG,208,"Astrograph, Bamberg Northern Sky Patrol","Dr. Karl Remeis-Sternwarte, Bamberg",1953-03-05T19:49:00+00:00,-23504398.5,COVERED_INTERIOR,0.0,113642,DR4/scans/Bamberg-North/012160_1953_h.fits,174444480,8KLaAJJY2JJa8JJY,110998,1,NO_SOURCE_WITHIN_15_ARCSEC,
293470,PRIMARY_424,STRICT_RECURRENCE_ON_1_PHYSICAL_PLATE,SENSITIVITY_NEGATIVE_BAMBERG_AFTER,90160,BAMBERG,208,"Astrograph, Bamberg Northern Sky Patrol","Dr. Karl Remeis-Sternwarte, Bamberg",1958-12-02T00:05:00+00:00,157691761.5,COVERED_INTERIOR,0.0,114694,DR4/scans/Bamberg-North/013251_1958_h.fits,174444480,1eHe4cHc1cHc1cHc,112089,1,NO_SOURCE_WITHIN_15_ARCSEC,
293565,DIAGNOSTIC_179,STRICT_RECURRENCE_ON_1_PHYSICAL_PLATE,POSITIVE_STRICT_RECURRENCE_CONTROL,5367,HAMBURG,101,Lippert-Astrograph (Hamburg),Hamburger Sternwarte,1939-11-17T21:19:56+00:00,-443143742.5,COVERED_INTERIOR,0.0,6637,DR4/scans/HAM-LA/LA05690_x.fits,430951680,8GH389F18EF189F1,8411,1,STRICT_LE3,0.7150165843016589
293565,DIAGNOSTIC_179,STRICT_RECURRENCE_ON_1_PHYSICAL_PLATE,CONTEXTUAL_3_TO_15_ARCSEC_CONTROL,7637,HAMBURG,101,Lippert-Astrograph (Hamburg),Hamburger Sternwarte,1953-10-11T23:26:34+00:00,-4483344.5,COVERED_INTERIOR,0.0,9905,DR4/scans/HAM-LA/LA08113_x.fits,427155840,inUFllU9ilUEilU9,14482,1,DIAGNOSTIC_GT3_LE5,4.290680802282548
293565,DIAGNOSTIC_179,STRICT_RECURRENCE_ON_1_PHYSICAL_PLATE,SENSITIVITY_NEGATIVE_HAMBURG_BEFORE,7679,HAMBURG,101,Lippert-Astrograph (Hamburg),Hamburger Sternwarte,1953-11-25T21:12:01+00:00,-603417.5,COVERED_INTERIOR,0.0,9986,DR4/scans/HAM-LA/LA08157_x.fits,427155840,nTlgqSkgnSkgnSkg,14588,1,NO_SOURCE_WITHIN_15_ARCSEC,
293565,DIAGNOSTIC_179,STRICT_RECURRENCE_ON_1_PHYSICAL_PLATE,SENSITIVITY_NEGATIVE_HAMBURG_AFTER,7688,HAMBURG,101,Lippert-Astrograph (Hamburg),Hamburger Sternwarte,1953-12-05T20:44:39+00:00,258940.5,COVERED_INTERIOR,0.0,10002,DR4/scans/HAM-LA/LA08168_x.fits,427161600,ZdIFfd9CZdGCdd9C,14604,1,NO_SOURCE_WITHIN_15_ARCSEC,
293565,DIAGNOSTIC_179,STRICT_RECURRENCE_ON_1_PHYSICAL_PLATE,SENSITIVITY_NEGATIVE_BAMBERG_BEFORE,89097,BAMBERG,208,"Astrograph, Bamberg Northern Sky Patrol","Dr. Karl Remeis-Sternwarte, Bamberg",1953-03-05T19:49:00+00:00,-23504398.5,COVERED_INTERIOR,0.0,113642,DR4/scans/Bamberg-North/012160_1953_h.fits,174444480,8KLaAJJY2JJa8JJY,110998,1,NO_SOURCE_WITHIN_15_ARCSEC,
293565,DIAGNOSTIC_179,STRICT_RECURRENCE_ON_1_PHYSICAL_PLATE,SENSITIVITY_NEGATIVE_BAMBERG_AFTER,90160,BAMBERG,208,"Astrograph, Bamberg Northern Sky Patrol","Dr. Karl Remeis-Sternwarte, Bamberg",1958-12-02T00:05:00+00:00,157691761.5,COVERED_INTERIOR,0.0,114694,DR4/scans/Bamberg-North/013251_1958_h.fits,174444480,1eHe4cHc1cHc1cHc,112089,1,NO_SOURCE_WITHIN_15_ARCSEC,
293614,DIAGNOSTIC_179,STRICT_RECURRENCE_ON_1_PHYSICAL_PLATE,POSITIVE_STRICT_RECURRENCE_CONTROL,49487,OTHER,301,Tartu Old Observatory,"Tartu Observatory, University of Tartu, Estonia",1952-12-08T22:36:00+00:00,-31011178.5,COVERED_INTERIOR,0.0,43262,DR4/scans/Tartu/plaat0948.fits,79237440,9GOkA9Ok9GOkA9Ok,62212,1,STRICT_LE3,2.854579672650736
293614,DIAGNOSTIC_179,STRICT_RECURRENCE_ON_1_PHYSICAL_PLATE,CONTEXTUAL_3_TO_15_ARCSEC_CONTROL,53610,BAMBERG,206,Zeiss Objective (South Africa),"Dr. Karl Remeis-Sternwarte, Bamberg",1965-01-24T18:29:00+00:00,351726001.5,COVERED_INTERIOR,0.0,60328,DR4/scans/Bamberg-South/011591_1965_h.fits,176094720,WCcMY9cJWCcJW9cJ,37274,1,DIAGNOSTIC_GT3_LE5,3.187097330944799
293614,DIAGNOSTIC_179,STRICT_RECURRENCE_ON_1_PHYSICAL_PLATE,SENSITIVITY_NEGATIVE_HAMBURG_BEFORE,7665,HAMBURG,101,Lippert-Astrograph (Hamburg),Hamburger Sternwarte,1953-11-10T22:11:59+00:00,-1895819.5,COVERED_INTERIOR,0.0,9959,DR4/scans/HAM-LA/LA08142_x.fits,428077440,AbbaAZaYAaaaAYaW,14552,1,NO_SOURCE_WITHIN_15_ARCSEC,
293614,DIAGNOSTIC_179,STRICT_RECURRENCE_ON_1_PHYSICAL_PLATE,SENSITIVITY_NEGATIVE_HAMBURG_AFTER,7691,HAMBURG,101,Lippert-Astrograph (Hamburg),Hamburger Sternwarte,1953-12-28T18:42:18+00:00,2238799.5,COVERED_INTERIOR,0.0,10008,DR4/scans/HAM-LA/LA08171_x.fits,427161600,2hTl4eRk2eRk2eRk,14612,1,NO_SOURCE_WITHIN_15_ARCSEC,
293614,DIAGNOSTIC_179,STRICT_RECURRENCE_ON_1_PHYSICAL_PLATE,SENSITIVITY_NEGATIVE_BAMBERG_BEFORE,89097,BAMBERG,208,"Astrograph, Bamberg Northern Sky Patrol","Dr. Karl Remeis-Sternwarte, Bamberg",1953-03-05T19:49:00+00:00,-23504398.5,COVERED_INTERIOR,0.0,113642,DR4/scans/Bamberg-North/012160_1953_h.fits,174444480,8KLaAJJY2JJa8JJY,110998,1,NO_SOURCE_WITHIN_15_ARCSEC,
293614,DIAGNOSTIC_179,STRICT_RECURRENCE_ON_1_PHYSICAL_PLATE,SENSITIVITY_NEGATIVE_BAMBERG_AFTER,90160,BAMBERG,208,"Astrograph, Bamberg Northern Sky Patrol","Dr. Karl Remeis-Sternwarte, Bamberg",1958-12-02T00:05:00+00:00,157691761.5,COVERED_INTERIOR,0.0,114694,DR4/scans/Bamberg-North/013251_1958_h.fits,174444480,1eHe4cHc1cHc1cHc,112089,1,NO_SOURCE_WITHIN_15_ARCSEC,
293628,DIAGNOSTIC_179,STRICT_RECURRENCE_ON_1_PHYSICAL_PLATE,POSITIVE_STRICT_RECURRENCE_CONTROL,25593,HAMBURG,104,Hamburger Schmidt-Spiegel (Calar Alto),Hamburger Sternwarte,1985-11-07T01:24:00+00:00,1007613301.5,COVERED_INTERIOR,0.0,28118,DR4/scans/HAM-HS/HS01218_x.fits,1020948480,YkQNYiOMYiOMYiOM,47283,1,STRICT_LE3,2.194074819043385
293628,DIAGNOSTIC_179,STRICT_RECURRENCE_ON_1_PHYSICAL_PLATE,CONTEXTUAL_3_TO_15_ARCSEC_CONTROL,24940,HAMBURG,104,Hamburger Schmidt-Spiegel (Calar Alto),Hamburger Sternwarte,1981-11-23T23:14:00+00:00,882843901.5,COVERED_INTERIOR,0.0,27429,DR4/scans/HAM-HS/HS00360_x.fits,1020948480,UGAjW95hUGAhU93h,46434,1,DIAGNOSTIC_GT3_LE5,3.175773558661926
293628,DIAGNOSTIC_179,STRICT_RECURRENCE_ON_1_PHYSICAL_PLATE,SENSITIVITY_NEGATIVE_HAMBURG_BEFORE,7679,HAMBURG,101,Lippert-Astrograph (Hamburg),Hamburger Sternwarte,1953-11-25T21:12:01+00:00,-603417.5,COVERED_INTERIOR,0.0,9986,DR4/scans/HAM-LA/LA08157_x.fits,427155840,nTlgqSkgnSkgnSkg,14588,1,NO_SOURCE_WITHIN_15_ARCSEC,
293628,DIAGNOSTIC_179,STRICT_RECURRENCE_ON_1_PHYSICAL_PLATE,SENSITIVITY_NEGATIVE_HAMBURG_AFTER,7688,HAMBURG,101,Lippert-Astrograph (Hamburg),Hamburger Sternwarte,1953-12-05T20:44:39+00:00,258940.5,COVERED_INTERIOR,0.0,10002,DR4/scans/HAM-LA/LA08168_x.fits,427161600,ZdIFfd9CZdGCdd9C,14604,1,NO_SOURCE_WITHIN_15_ARCSEC,
293628,DIAGNOSTIC_179,STRICT_RECURRENCE_ON_1_PHYSICAL_PLATE,SENSITIVITY_NEGATIVE_BAMBERG_BEFORE,89097,BAMBERG,208,"Astrograph, Bamberg Northern Sky Patrol","Dr. Karl Remeis-Sternwarte, Bamberg",1953-03-05T19:49:00+00:00,-23504398.5,COVERED_INTERIOR,0.0,113642,DR4/scans/Bamberg-North/012160_1953_h.fits,174444480,8KLaAJJY2JJa8JJY,110998,1,NO_SOURCE_WITHIN_15_ARCSEC,
293628,DIAGNOSTIC_179,STRICT_RECURRENCE_ON_1_PHYSICAL_PLATE,SENSITIVITY_NEGATIVE_BAMBERG_AFTER,89595,BAMBERG,208,"Astrograph, Bamberg Northern Sky Patrol","Dr. Karl Remeis-Sternwarte, Bamberg",1953-12-04T18:50:00+00:00,165661.5,COVERED_INTERIOR,0.0,114131,DR4/scans/Bamberg-North/012688_1953_h.fits,174888000,SFRMUCPMSCPMSCPM,111428,1,NO_SOURCE_WITHIN_15_ARCSEC,
293672,PRIMARY_424,DIAGNOSTIC_RECURRENCE_ONLY,CONTEXTUAL_3_TO_15_ARCSEC_CONTROL,7810,HAMBURG,101,Lippert-Astrograph (Hamburg),Hamburger Sternwarte,1954-04-06T19:53:18+00:00,10796659.5,COVERED_INTERIOR,0.0,10190,DR4/scans/HAM-LA/LA08293_x.fits,427711680,TY9oVX7mTX7mTX7m,14878,1,DIAGNOSTIC_GT3_LE5,3.091873870839642
293672,PRIMARY_424,DIAGNOSTIC_RECURRENCE_ONLY,SENSITIVITY_NEGATIVE_HAMBURG_BEFORE,7679,HAMBURG,101,Lippert-Astrograph (Hamburg),Hamburger Sternwarte,1953-11-25T21:12:01+00:00,-603417.5,COVERED_INTERIOR,0.0,9986,DR4/scans/HAM-LA/LA08157_x.fits,427155840,nTlgqSkgnSkgnSkg,14588,1,NO_SOURCE_WITHIN_15_ARCSEC,
293672,PRIMARY_424,DIAGNOSTIC_RECURRENCE_ONLY,SENSITIVITY_NEGATIVE_HAMBURG_AFTER,7688,HAMBURG,101,Lippert-Astrograph (Hamburg),Hamburger Sternwarte,1953-12-05T20:44:39+00:00,258940.5,COVERED_INTERIOR,0.0,10002,DR4/scans/HAM-LA/LA08168_x.fits,427161600,ZdIFfd9CZdGCdd9C,14604,1,NO_SOURCE_WITHIN_15_ARCSEC,
293672,PRIMARY_424,DIAGNOSTIC_RECURRENCE_ONLY,SENSITIVITY_NEGATIVE_BAMBERG_BEFORE,89097,BAMBERG,208,"Astrograph, Bamberg Northern Sky Patrol","Dr. Karl Remeis-Sternwarte, Bamberg",1953-03-05T19:49:00+00:00,-23504398.5,COVERED_INTERIOR,0.0,113642,DR4/scans/Bamberg-North/012160_1953_h.fits,174444480,8KLaAJJY2JJa8JJY,110998,1,NO_SOURCE_WITHIN_15_ARCSEC,
293672,PRIMARY_424,DIAGNOSTIC_RECURRENCE_ONLY,SENSITIVITY_NEGATIVE_BAMBERG_AFTER,89595,BAMBERG,208,"Astrograph, Bamberg Northern Sky Patrol","Dr. Karl Remeis-Sternwarte, Bamberg",1953-12-04T18:50:00+00:00,165661.5,COVERED_INTERIOR,0.0,114131,DR4/scans/Bamberg-North/012688_1953_h.fits,174888000,SFRMUCPMSCPMSCPM,111428,1,NO_SOURCE_WITHIN_15_ARCSEC,
293710,PRIMARY_424,STRICT_RECURRENCE_ON_1_PHYSICAL_PLATE,POSITIVE_STRICT_RECURRENCE_CONTROL,406,HAMBURG,101,Lippert-Astrograph (Hamburg),Hamburger Sternwarte,1918-12-24T22:26:37+00:00,-1102630941.5,COVERED_INTERIOR,0.0,400,DR4/scans/HAM-LA/LA00578_x.fits,1027598400,HiUqIhUnHhUnHhUn,421,1,STRICT_LE3,2.370832156635015
293710,PRIMARY_424,STRICT_RECURRENCE_ON_1_PHYSICAL_PLATE,CONTEXTUAL_3_TO_15_ARCSEC_CONTROL,80418,BAMBERG,208,"Astrograph, Bamberg Northern Sky Patrol","Dr. Karl Remeis-Sternwarte, Bamberg",1931-10-08T03:29:00+00:00,-699124798.5,COVERED_INTERIOR,0.0,105353,DR4/scans/Bamberg-North/003481_1931_h.fits,423414720,WNCKYLAHWLAHWLAH,106035,1,DIAGNOSTIC_GT3_LE5,4.852065684861436
293710,PRIMARY_424,STRICT_RECURRENCE_ON_1_PHYSICAL_PLATE,SENSITIVITY_NEGATIVE_HAMBURG_BEFORE,7679,HAMBURG,101,Lippert-Astrograph (Hamburg),Hamburger Sternwarte,1953-11-25T21:12:01+00:00,-603417.5,COVERED_INTERIOR,0.0,9986,DR4/scans/HAM-LA/LA08157_x.fits,427155840,nTlgqSkgnSkgnSkg,14588,1,NO_SOURCE_WITHIN_15_ARCSEC,
293710,PRIMARY_424,STRICT_RECURRENCE_ON_1_PHYSICAL_PLATE,SENSITIVITY_NEGATIVE_HAMBURG_AFTER,7688,HAMBURG,101,Lippert-Astrograph (Hamburg),Hamburger Sternwarte,1953-12-05T20:44:39+00:00,258940.5,COVERED_INTERIOR,0.0,10002,DR4/scans/HAM-LA/LA08168_x.fits,427161600,ZdIFfd9CZdGCdd9C,14604,1,NO_SOURCE_WITHIN_15_ARCSEC,
293710,PRIMARY_424,STRICT_RECURRENCE_ON_1_PHYSICAL_PLATE,SENSITIVITY_NEGATIVE_BAMBERG_BEFORE,89097,BAMBERG,208,"Astrograph, Bamberg Northern Sky Patrol","Dr. Karl Remeis-Sternwarte, Bamberg",1953-03-05T19:49:00+00:00,-23504398.5,COVERED_INTERIOR,0.0,113642,DR4/scans/Bamberg-North/012160_1953_h.fits,174444480,8KLaAJJY2JJa8JJY,110998,1,NO_SOURCE_WITHIN_15_ARCSEC,
293710,PRIMARY_424,STRICT_RECURRENCE_ON_1_PHYSICAL_PLATE,SENSITIVITY_NEGATIVE_BAMBERG_AFTER,89595,BAMBERG,208,"Astrograph, Bamberg Northern Sky Patrol","Dr. Karl Remeis-Sternwarte, Bamberg",1953-12-04T18:50:00+00:00,165661.5,COVERED_INTERIOR,0.0,114131,DR4/scans/Bamberg-North/012688_1953_h.fits,174888000,SFRMUCPMSCPMSCPM,111428,1,NO_SOURCE_WITHIN_15_ARCSEC,
293841,PRIMARY_424,DIAGNOSTIC_RECURRENCE_ONLY,CONTEXTUAL_3_TO_15_ARCSEC_CONTROL,24966,HAMBURG,104,Hamburger Schmidt-Spiegel (Calar Alto),Hamburger Sternwarte,1981-12-02T00:42:00+00:00,883540381.5,COVERED_INTERIOR,0.0,27458,DR4/scans/HAM-HS/HS00422_x.fits,1020948480,kUdAmRa6kRaAkRa3,46450,1,DIAGNOSTIC_GT3_LE5,4.856225593694534
293841,PRIMARY_424,DIAGNOSTIC_RECURRENCE_ONLY,SENSITIVITY_NEGATIVE_HAMBURG_BEFORE,7679,HAMBURG,101,Lippert-Astrograph (Hamburg),Hamburger Sternwarte,1953-11-25T21:12:01+00:00,-603417.5,COVERED_INTERIOR,0.0,9986,DR4/scans/HAM-LA/LA08157_x.fits,427155840,nTlgqSkgnSkgnSkg,14588,1,NO_SOURCE_WITHIN_15_ARCSEC,
293841,PRIMARY_424,DIAGNOSTIC_RECURRENCE_ONLY,SENSITIVITY_NEGATIVE_HAMBURG_AFTER,7687,HAMBURG,101,Lippert-Astrograph (Hamburg),Hamburger Sternwarte,1953-12-02T21:53:18+00:00,3859.5,COVERED_INTERIOR,0.0,10000,DR4/scans/HAM-LA/LA08167_x.fits,1312346880,PeNSSZKPPdKPPZKP,14628,1,NO_SOURCE_WITHIN_15_ARCSEC,
293841,PRIMARY_424,DIAGNOSTIC_RECURRENCE_ONLY,SENSITIVITY_NEGATIVE_BAMBERG_BEFORE,89544,BAMBERG,208,"Astrograph, Bamberg Northern Sky Patrol","Dr. Karl Remeis-Sternwarte, Bamberg",1953-11-18T04:08:00+00:00,-1269658.5,COVERED_INTERIOR,0.0,114080,DR4/scans/Bamberg-North/012637_1953_h.fits,174444480,T9miT9lhT9lhT9lh,111370,1,NO_SOURCE_WITHIN_15_ARCSEC,
293841,PRIMARY_424,DIAGNOSTIC_RECURRENCE_ONLY,SENSITIVITY_NEGATIVE_BAMBERG_AFTER,90160,BAMBERG,208,"Astrograph, Bamberg Northern Sky Patrol","Dr. Karl Remeis-Sternwarte, Bamberg",1958-12-02T00:05:00+00:00,157691761.5,COVERED_INTERIOR,0.0,114694,DR4/scans/Bamberg-North/013251_1958_h.fits,174444480,1eHe4cHc1cHc1cHc,112089,1,NO_SOURCE_WITHIN_15_ARCSEC,
293892,PRIMARY_424,STRICT_RECURRENCE_ON_1_PHYSICAL_PLATE,POSITIVE_STRICT_RECURRENCE_CONTROL,53425,BAMBERG,206,Zeiss Objective (South Africa),"Dr. Karl Remeis-Sternwarte, Bamberg",1964-11-09T00:11:00+00:00,345093721.5,COVERED_INTERIOR,0.0,60226,DR4/scans/Bamberg-South/011406_1964_h.fits,176094720,jHagl9WZjEafj9WZ,37094,1,STRICT_LE3,2.6237077536869426
293892,PRIMARY_424,STRICT_RECURRENCE_ON_1_PHYSICAL_PLATE,CONTEXTUAL_3_TO_15_ARCSEC_CONTROL,5171,HAMBURG,101,Lippert-Astrograph (Hamburg),Hamburger Sternwarte,1939-01-16T19:43:41+00:00,-469501517.5,COVERED_INTERIOR,0.0,6367,DR4/scans/HAM-LA/LA05491_y.fits,1314996480,aVIYaSHYaSHYaSHY,8086,1,DIAGNOSTIC_GT3_LE5,3.1208681499210154
293892,PRIMARY_424,STRICT_RECURRENCE_ON_1_PHYSICAL_PLATE,SENSITIVITY_NEGATIVE_HAMBURG_BEFORE,7665,HAMBURG,101,Lippert-Astrograph (Hamburg),Hamburger Sternwarte,1953-11-10T22:11:59+00:00,-1895819.5,COVERED_INTERIOR,0.0,9959,DR4/scans/HAM-LA/LA08142_x.fits,428077440,AbbaAZaYAaaaAYaW,14552,1,NO_SOURCE_WITHIN_15_ARCSEC,
293892,PRIMARY_424,STRICT_RECURRENCE_ON_1_PHYSICAL_PLATE,SENSITIVITY_NEGATIVE_HAMBURG_AFTER,7736,HAMBURG,101,Lippert-Astrograph (Hamburg),Hamburger Sternwarte,1954-02-01T17:53:27+00:00,5259868.5,COVERED_INTERIOR,0.0,10085,DR4/scans/HAM-LA/LA08217_x.fits,427161600,b5WCc2TBb2TBb2TB,14719,1,NO_SOURCE_WITHIN_15_ARCSEC,
293892,PRIMARY_424,STRICT_RECURRENCE_ON_1_PHYSICAL_PLATE,SENSITIVITY_NEGATIVE_BAMBERG_BEFORE,89097,BAMBERG,208,"Astrograph, Bamberg Northern Sky Patrol","Dr. Karl Remeis-Sternwarte, Bamberg",1953-03-05T19:49:00+00:00,-23504398.5,COVERED_INTERIOR,0.0,113642,DR4/scans/Bamberg-North/012160_1953_h.fits,174444480,8KLaAJJY2JJa8JJY,110998,1,NO_SOURCE_WITHIN_15_ARCSEC,
293892,PRIMARY_424,STRICT_RECURRENCE_ON_1_PHYSICAL_PLATE,SENSITIVITY_NEGATIVE_BAMBERG_AFTER,90160,BAMBERG,208,"Astrograph, Bamberg Northern Sky Patrol","Dr. Karl Remeis-Sternwarte, Bamberg",1958-12-02T00:05:00+00:00,157691761.5,COVERED_INTERIOR,0.0,114694,DR4/scans/Bamberg-North/013251_1958_h.fits,174444480,1eHe4cHc1cHc1cHc,112089,1,NO_SOURCE_WITHIN_15_ARCSEC,
293903,PRIMARY_424,STRICT_RECURRENCE_ON_1_PHYSICAL_PLATE,POSITIVE_STRICT_RECURRENCE_CONTROL,65025,HAMBURG,111,Schmidtsches Spiegelteleskop (Hamburg),Hamburger Sternwarte,1939-02-21T05:09:00+00:00,-466443598.5,COVERED_INTERIOR,0.0,73141,DR4/scans/HAM-SS/SS00265_x.fits,138810240,9kbjAiaj4iaj9iaj,83403,1,STRICT_LE3,2.8883295654432404
293903,PRIMARY_424,STRICT_RECURRENCE_ON_1_PHYSICAL_PLATE,CONTEXTUAL_3_TO_15_ARCSEC_CONTROL,6108,HAMBURG,101,Lippert-Astrograph (Hamburg),Hamburger Sternwarte,1947-03-23T20:08:09+00:00,-211336849.5,COVERED_INTERIOR,0.0,7824,DR4/scans/HAM-LA/LA06511_x.fits,197536320,nOA0oO40nO90nO90,9915,1,DIAGNOSTIC_GT3_LE5,3.1284189940311644
293903,PRIMARY_424,STRICT_RECURRENCE_ON_1_PHYSICAL_PLATE,SENSITIVITY_NEGATIVE_HAMBURG_BEFORE,7665,HAMBURG,101,Lippert-Astrograph (Hamburg),Hamburger Sternwarte,1953-11-10T22:11:59+00:00,-1895819.5,COVERED_INTERIOR,0.0,9959,DR4/scans/HAM-LA/LA08142_x.fits,428077440,AbbaAZaYAaaaAYaW,14552,1,NO_SOURCE_WITHIN_15_ARCSEC,
293903,PRIMARY_424,STRICT_RECURRENCE_ON_1_PHYSICAL_PLATE,SENSITIVITY_NEGATIVE_HAMBURG_AFTER,7863,HAMBURG,101,Lippert-Astrograph (Hamburg),Hamburger Sternwarte,1954-08-27T01:22:03+00:00,23085184.5,COVERED_INTERIOR,0.0,10240,DR4/scans/HAM-LA/LA08347_x.fits,427161600,ahYcdZVaafVaaZVa,14921,1,NO_SOURCE_WITHIN_15_ARCSEC,
293903,PRIMARY_424,STRICT_RECURRENCE_ON_1_PHYSICAL_PLATE,SENSITIVITY_NEGATIVE_BAMBERG_BEFORE,89097,BAMBERG,208,"Astrograph, Bamberg Northern Sky Patrol","Dr. Karl Remeis-Sternwarte, Bamberg",1953-03-05T19:49:00+00:00,-23504398.5,COVERED_INTERIOR,0.0,113642,DR4/scans/Bamberg-North/012160_1953_h.fits,174444480,8KLaAJJY2JJa8JJY,110998,1,NO_SOURCE_WITHIN_15_ARCSEC,
293903,PRIMARY_424,STRICT_RECURRENCE_ON_1_PHYSICAL_PLATE,SENSITIVITY_NEGATIVE_BAMBERG_AFTER,89595,BAMBERG,208,"Astrograph, Bamberg Northern Sky Patrol","Dr. Karl Remeis-Sternwarte, Bamberg",1953-12-04T18:50:00+00:00,165661.5,COVERED_INTERIOR,0.0,114131,DR4/scans/Bamberg-North/012688_1953_h.fits,174888000,SFRMUCPMSCPMSCPM,111428,1,NO_SOURCE_WITHIN_15_ARCSEC,
293964,DIAGNOSTIC_179,STRICT_RECURRENCE_ON_1_PHYSICAL_PLATE,POSITIVE_STRICT_RECURRENCE_CONTROL,407,HAMBURG,101,Lippert-Astrograph (Hamburg),Hamburger Sternwarte,1918-12-31T23:51:07+00:00,-1102021071.5,COVERED_INTERIOR,0.0,403,DR4/scans/HAM-LA/LA00579_y.fits,1602362880,SgnaSekXSekaSekW,436,1,STRICT_LE3,1.2630415565050794
293964,DIAGNOSTIC_179,STRICT_RECURRENCE_ON_1_PHYSICAL_PLATE,CONTEXTUAL_3_TO_15_ARCSEC_CONTROL,49486,OTHER,301,Tartu Old Observatory,"Tartu Observatory, University of Tartu, Estonia",1952-12-08T21:30:00+00:00,-31015138.5,COVERED_INTERIOR,0.0,43261,DR4/scans/Tartu/plaat0947.fits,79240320,j5D7k4D4j4D4j4D4,62206,1,DIAGNOSTIC_GT3_LE5,4.324814971630863
293964,DIAGNOSTIC_179,STRICT_RECURRENCE_ON_1_PHYSICAL_PLATE,SENSITIVITY_NEGATIVE_HAMBURG_BEFORE,7679,HAMBURG,101,Lippert-Astrograph (Hamburg),Hamburger Sternwarte,1953-11-25T21:12:01+00:00,-603417.5,COVERED_INTERIOR,0.0,9986,DR4/scans/HAM-LA/LA08157_x.fits,427155840,nTlgqSkgnSkgnSkg,14588,1,NO_SOURCE_WITHIN_15_ARCSEC,
293964,DIAGNOSTIC_179,STRICT_RECURRENCE_ON_1_PHYSICAL_PLATE,SENSITIVITY_NEGATIVE_HAMBURG_AFTER,7688,HAMBURG,101,Lippert-Astrograph (Hamburg),Hamburger Sternwarte,1953-12-05T20:44:39+00:00,258940.5,COVERED_INTERIOR,0.0,10002,DR4/scans/HAM-LA/LA08168_x.fits,427161600,ZdIFfd9CZdGCdd9C,14604,1,NO_SOURCE_WITHIN_15_ARCSEC,
293964,DIAGNOSTIC_179,STRICT_RECURRENCE_ON_1_PHYSICAL_PLATE,SENSITIVITY_NEGATIVE_BAMBERG_BEFORE,89097,BAMBERG,208,"Astrograph, Bamberg Northern Sky Patrol","Dr. Karl Remeis-Sternwarte, Bamberg",1953-03-05T19:49:00+00:00,-23504398.5,COVERED_INTERIOR,0.0,113642,DR4/scans/Bamberg-North/012160_1953_h.fits,174444480,8KLaAJJY2JJa8JJY,110998,1,NO_SOURCE_WITHIN_15_ARCSEC,
293964,DIAGNOSTIC_179,STRICT_RECURRENCE_ON_1_PHYSICAL_PLATE,SENSITIVITY_NEGATIVE_BAMBERG_AFTER,89595,BAMBERG,208,"Astrograph, Bamberg Northern Sky Patrol","Dr. Karl Remeis-Sternwarte, Bamberg",1953-12-04T18:50:00+00:00,165661.5,COVERED_INTERIOR,0.0,114131,DR4/scans/Bamberg-North/012688_1953_h.fits,174888000,SFRMUCPMSCPMSCPM,111428,1,NO_SOURCE_WITHIN_15_ARCSEC,
293985,DIAGNOSTIC_179,DIAGNOSTIC_RECURRENCE_ONLY,CONTEXTUAL_3_TO_15_ARCSEC_CONTROL,405,HAMBURG,101,Lippert-Astrograph (Hamburg),Hamburger Sternwarte,1918-12-24T22:26:07+00:00,-1102630971.5,COVERED_INTERIOR,0.0,398,DR4/scans/HAM-LA/LA00577_x.fits,1611489600,YTZAbSZ6ZSZAaSZ3,420,1,DIAGNOSTIC_GT3_LE5,3.0913727438804584
293985,DIAGNOSTIC_179,DIAGNOSTIC_RECURRENCE_ONLY,SENSITIVITY_NEGATIVE_HAMBURG_BEFORE,7665,HAMBURG,101,Lippert-Astrograph (Hamburg),Hamburger Sternwarte,1953-11-10T22:11:59+00:00,-1895819.5,COVERED_INTERIOR,0.0,9959,DR4/scans/HAM-LA/LA08142_x.fits,428077440,AbbaAZaYAaaaAYaW,14552,1,NO_SOURCE_WITHIN_15_ARCSEC,
293985,DIAGNOSTIC_179,DIAGNOSTIC_RECURRENCE_ONLY,SENSITIVITY_NEGATIVE_HAMBURG_AFTER,7691,HAMBURG,101,Lippert-Astrograph (Hamburg),Hamburger Sternwarte,1953-12-28T18:42:18+00:00,2238799.5,COVERED_INTERIOR,0.0,10008,DR4/scans/HAM-LA/LA08171_x.fits,427161600,2hTl4eRk2eRk2eRk,14612,1,NO_SOURCE_WITHIN_15_ARCSEC,
293985,DIAGNOSTIC_179,DIAGNOSTIC_RECURRENCE_ONLY,SENSITIVITY_NEGATIVE_BAMBERG_BEFORE,89097,BAMBERG,208,"Astrograph, Bamberg Northern Sky Patrol","Dr. Karl Remeis-Sternwarte, Bamberg",1953-03-05T19:49:00+00:00,-23504398.5,COVERED_INTERIOR,0.0,113642,DR4/scans/Bamberg-North/012160_1953_h.fits,174444480,8KLaAJJY2JJa8JJY,110998,1,NO_SOURCE_WITHIN_15_ARCSEC,
293985,DIAGNOSTIC_179,DIAGNOSTIC_RECURRENCE_ONLY,SENSITIVITY_NEGATIVE_BAMBERG_AFTER,89595,BAMBERG,208,"Astrograph, Bamberg Northern Sky Patrol","Dr. Karl Remeis-Sternwarte, Bamberg",1953-12-04T18:50:00+00:00,165661.5,COVERED_INTERIOR,0.0,114131,DR4/scans/Bamberg-North/012688_1953_h.fits,174888000,SFRMUCPMSCPMSCPM,111428,1,NO_SOURCE_WITHIN_15_ARCSEC,
293995,DIAGNOSTIC_179,STRICT_RECURRENCE_ON_1_PHYSICAL_PLATE,POSITIVE_STRICT_RECURRENCE_CONTROL,18509,HAMBURG,103,1m-Spiegelteleskop (Hamburg),Hamburger Sternwarte,1933-03-27T20:28:47+00:00,-652753211.5,COVERED_INTERIOR,0.0,21463,DR4/scans/HAM-ST/S04887_y.fits,416111040,BcIcBaFbBaFbBaFb,54158,1,STRICT_LE3,2.0201288766143444
293995,DIAGNOSTIC_179,STRICT_RECURRENCE_ON_1_PHYSICAL_PLATE,CONTEXTUAL_3_TO_15_ARCSEC_CONTROL,5562,HAMBURG,101,Lippert-Astrograph (Hamburg),Hamburger Sternwarte,1941-01-26T19:43:13+00:00,-405479145.5,COVERED_INTERIOR,0.0,6921,DR4/scans/HAM-LA/LA05888_y.fits,426124800,82I4A2I312I382I3,8742,1,DIAGNOSTIC_GT3_LE5,3.5132543498533977
293995,DIAGNOSTIC_179,STRICT_RECURRENCE_ON_1_PHYSICAL_PLATE,SENSITIVITY_NEGATIVE_HAMBURG_BEFORE,7665,HAMBURG,101,Lippert-Astrograph (Hamburg),Hamburger Sternwarte,1953-11-10T22:11:59+00:00,-1895819.5,COVERED_INTERIOR,0.0,9959,DR4/scans/HAM-LA/LA08142_x.fits,428077440,AbbaAZaYAaaaAYaW,14552,1,NO_SOURCE_WITHIN_15_ARCSEC,
293995,DIAGNOSTIC_179,STRICT_RECURRENCE_ON_1_PHYSICAL_PLATE,SENSITIVITY_NEGATIVE_HAMBURG_AFTER,7804,HAMBURG,101,Lippert-Astrograph (Hamburg),Hamburger Sternwarte,1954-03-30T19:42:55+00:00,10191236.5,COVERED_INTERIOR,0.0,10186,DR4/scans/HAM-LA/LA08287_x.fits,429632640,laQpnVNnlZNnlZNn,14871,1,NO_SOURCE_WITHIN_15_ARCSEC,
293995,DIAGNOSTIC_179,STRICT_RECURRENCE_ON_1_PHYSICAL_PLATE,SENSITIVITY_NEGATIVE_BAMBERG_BEFORE,89097,BAMBERG,208,"Astrograph, Bamberg Northern Sky Patrol","Dr. Karl Remeis-Sternwarte, Bamberg",1953-03-05T19:49:00+00:00,-23504398.5,COVERED_INTERIOR,0.0,113642,DR4/scans/Bamberg-North/012160_1953_h.fits,174444480,8KLaAJJY2JJa8JJY,110998,1,NO_SOURCE_WITHIN_15_ARCSEC,
293995,DIAGNOSTIC_179,STRICT_RECURRENCE_ON_1_PHYSICAL_PLATE,SENSITIVITY_NEGATIVE_BAMBERG_AFTER,90160,BAMBERG,208,"Astrograph, Bamberg Northern Sky Patrol","Dr. Karl Remeis-Sternwarte, Bamberg",1958-12-02T00:05:00+00:00,157691761.5,COVERED_INTERIOR,0.0,114694,DR4/scans/Bamberg-North/013251_1958_h.fits,174444480,1eHe4cHc1cHc1cHc,112089,1,NO_SOURCE_WITHIN_15_ARCSEC,
294052,PRIMARY_424,DIAGNOSTIC_RECURRENCE_ONLY,CONTEXTUAL_3_TO_15_ARCSEC_CONTROL,53685,BAMBERG,206,Zeiss Objective (South Africa),"Dr. Karl Remeis-Sternwarte, Bamberg",1965-02-18T18:02:00+00:00,353884381.5,COVERED_INTERIOR,0.0,60386,DR4/scans/Bamberg-South/011666_1965_h.fits,176094720,9FnJDDmI9DmIADmI,37346,1,DIAGNOSTIC_GT3_LE5,3.0882679184058976
294052,PRIMARY_424,DIAGNOSTIC_RECURRENCE_ONLY,SENSITIVITY_NEGATIVE_HAMBURG_BEFORE,7665,HAMBURG,101,Lippert-Astrograph (Hamburg),Hamburger Sternwarte,1953-11-10T22:11:59+00:00,-1895819.5,COVERED_INTERIOR,0.0,9959,DR4/scans/HAM-LA/LA08142_x.fits,428077440,AbbaAZaYAaaaAYaW,14552,1,NO_SOURCE_WITHIN_15_ARCSEC,
294052,PRIMARY_424,DIAGNOSTIC_RECURRENCE_ONLY,SENSITIVITY_NEGATIVE_HAMBURG_AFTER,7689,HAMBURG,101,Lippert-Astrograph (Hamburg),Hamburger Sternwarte,1953-12-05T21:34:01+00:00,261902.5,COVERED_INTERIOR,0.0,10005,DR4/scans/HAM-LA/LA08169_y.fits,1320575040,YL7dZL6cYL6cYL6c,14642,1,NO_SOURCE_WITHIN_15_ARCSEC,
294052,PRIMARY_424,DIAGNOSTIC_RECURRENCE_ONLY,SENSITIVITY_NEGATIVE_BAMBERG_BEFORE,89097,BAMBERG,208,"Astrograph, Bamberg Northern Sky Patrol","Dr. Karl Remeis-Sternwarte, Bamberg",1953-03-05T19:49:00+00:00,-23504398.5,COVERED_INTERIOR,0.0,113642,DR4/scans/Bamberg-North/012160_1953_h.fits,174444480,8KLaAJJY2JJa8JJY,110998,1,NO_SOURCE_WITHIN_15_ARCSEC,
294052,PRIMARY_424,DIAGNOSTIC_RECURRENCE_ONLY,SENSITIVITY_NEGATIVE_BAMBERG_AFTER,89595,BAMBERG,208,"Astrograph, Bamberg Northern Sky Patrol","Dr. Karl Remeis-Sternwarte, Bamberg",1953-12-04T18:50:00+00:00,165661.5,COVERED_INTERIOR,0.0,114131,DR4/scans/Bamberg-North/012688_1953_h.fits,174888000,SFRMUCPMSCPMSCPM,111428,1,NO_SOURCE_WITHIN_15_ARCSEC,
294096,DIAGNOSTIC_179,STRICT_RECURRENCE_ON_1_PHYSICAL_PLATE,POSITIVE_STRICT_RECURRENCE_CONTROL,19280,HAMBURG,103,1m-Spiegelteleskop (Hamburg),Hamburger Sternwarte,1939-02-13T19:36:18+00:00,-467082760.5,COVERED_INTERIOR,0.0,22189,DR4/scans/HAM-ST/S05639_y.fits,415598400,9d3SHa1Q9a1QEa1Q,54957,1,STRICT_LE3,2.112033873885207
294096,DIAGNOSTIC_179,STRICT_RECURRENCE_ON_1_PHYSICAL_PLATE,CONTEXTUAL_3_TO_15_ARCSEC_CONTROL,19294,HAMBURG,103,1m-Spiegelteleskop (Hamburg),Hamburger Sternwarte,1939-02-22T21:35:30+00:00,-466298008.5,COVERED_INTERIOR,0.0,22202,DR4/scans/HAM-ST/S05652_y.fits,415854720,lERdn9PdlEPdl9Pd,54968,1,DIAGNOSTIC_GT3_LE5,3.4053006838473414
294096,DIAGNOSTIC_179,STRICT_RECURRENCE_ON_1_PHYSICAL_PLATE,SENSITIVITY_NEGATIVE_HAMBURG_BEFORE,7665,HAMBURG,101,Lippert-Astrograph (Hamburg),Hamburger Sternwarte,1953-11-10T22:11:59+00:00,-1895819.5,COVERED_INTERIOR,0.0,9959,DR4/scans/HAM-LA/LA08142_x.fits,428077440,AbbaAZaYAaaaAYaW,14552,1,NO_SOURCE_WITHIN_15_ARCSEC,
294096,DIAGNOSTIC_179,STRICT_RECURRENCE_ON_1_PHYSICAL_PLATE,SENSITIVITY_NEGATIVE_HAMBURG_AFTER,7804,HAMBURG,101,Lippert-Astrograph (Hamburg),Hamburger Sternwarte,1954-03-30T19:42:55+00:00,10191236.5,COVERED_INTERIOR,0.0,10186,DR4/scans/HAM-LA/LA08287_x.fits,429632640,laQpnVNnlZNnlZNn,14871,1,NO_SOURCE_WITHIN_15_ARCSEC,
294096,DIAGNOSTIC_179,STRICT_RECURRENCE_ON_1_PHYSICAL_PLATE,SENSITIVITY_NEGATIVE_BAMBERG_BEFORE,89097,BAMBERG,208,"Astrograph, Bamberg Northern Sky Patrol","Dr. Karl Remeis-Sternwarte, Bamberg",1953-03-05T19:49:00+00:00,-23504398.5,COVERED_INTERIOR,0.0,113642,DR4/scans/Bamberg-North/012160_1953_h.fits,174444480,8KLaAJJY2JJa8JJY,110998,1,NO_SOURCE_WITHIN_15_ARCSEC,
294096,DIAGNOSTIC_179,STRICT_RECURRENCE_ON_1_PHYSICAL_PLATE,SENSITIVITY_NEGATIVE_BAMBERG_AFTER,90160,BAMBERG,208,"Astrograph, Bamberg Northern Sky Patrol","Dr. Karl Remeis-Sternwarte, Bamberg",1958-12-02T00:05:00+00:00,157691761.5,COVERED_INTERIOR,0.0,114694,DR4/scans/Bamberg-North/013251_1958_h.fits,174444480,1eHe4cHc1cHc1cHc,112089,1,NO_SOURCE_WITHIN_15_ARCSEC,
294130,PRIMARY_424,STRICT_RECURRENCE_ON_1_PHYSICAL_PLATE,POSITIVE_STRICT_RECURRENCE_CONTROL,53602,BAMBERG,206,Zeiss Objective (South Africa),"Dr. Karl Remeis-Sternwarte, Bamberg",1965-01-19T18:22:00+00:00,351293581.5,COVERED_INTERIOR,0.0,60320,DR4/scans/Bamberg-South/011583_1965_h.fits,175919040,MheeMZcbMfcbMZcb,37257,1,STRICT_LE3,2.995854814418249
294130,PRIMARY_424,STRICT_RECURRENCE_ON_1_PHYSICAL_PLATE,CONTEXTUAL_3_TO_15_ARCSEC_CONTROL,86917,BAMBERG,208,"Astrograph, Bamberg Northern Sky Patrol","Dr. Karl Remeis-Sternwarte, Bamberg",1938-02-25T19:45:00+00:00,-497581438.5,COVERED_INTERIOR,0.0,111636,DR4/scans/Bamberg-North/009979_1938_h.fits,408816000,iPfCjNd9iNdAiNd9,109780,1,DIAGNOSTIC_GT3_LE5,3.0469973401479136
294130,PRIMARY_424,STRICT_RECURRENCE_ON_1_PHYSICAL_PLATE,SENSITIVITY_NEGATIVE_HAMBURG_BEFORE,7665,HAMBURG,101,Lippert-Astrograph (Hamburg),Hamburger Sternwarte,1953-11-10T22:11:59+00:00,-1895819.5,COVERED_INTERIOR,0.0,9959,DR4/scans/HAM-LA/LA08142_x.fits,428077440,AbbaAZaYAaaaAYaW,14552,1,NO_SOURCE_WITHIN_15_ARCSEC,
294130,PRIMARY_424,STRICT_RECURRENCE_ON_1_PHYSICAL_PLATE,SENSITIVITY_NEGATIVE_HAMBURG_AFTER,7703,HAMBURG,101,Lippert-Astrograph (Hamburg),Hamburger Sternwarte,1954-01-24T17:34:02+00:00,4567503.5,COVERED_INTERIOR,0.0,10030,DR4/scans/HAM-LA/LA08184_x.fits,427161600,9Hf4DGe49Ge4CGe4,14655,1,NO_SOURCE_WITHIN_15_ARCSEC,
294130,PRIMARY_424,STRICT_RECURRENCE_ON_1_PHYSICAL_PLATE,SENSITIVITY_NEGATIVE_BAMBERG_BEFORE,89097,BAMBERG,208,"Astrograph, Bamberg Northern Sky Patrol","Dr. Karl Remeis-Sternwarte, Bamberg",1953-03-05T19:49:00+00:00,-23504398.5,COVERED_INTERIOR,0.0,113642,DR4/scans/Bamberg-North/012160_1953_h.fits,174444480,8KLaAJJY2JJa8JJY,110998,1,NO_SOURCE_WITHIN_15_ARCSEC,
294130,PRIMARY_424,STRICT_RECURRENCE_ON_1_PHYSICAL_PLATE,SENSITIVITY_NEGATIVE_BAMBERG_AFTER,89595,BAMBERG,208,"Astrograph, Bamberg Northern Sky Patrol","Dr. Karl Remeis-Sternwarte, Bamberg",1953-12-04T18:50:00+00:00,165661.5,COVERED_INTERIOR,0.0,114131,DR4/scans/Bamberg-North/012688_1953_h.fits,174888000,SFRMUCPMSCPMSCPM,111428,1,NO_SOURCE_WITHIN_15_ARCSEC,
294166,DIAGNOSTIC_179,STRICT_RECURRENCE_ON_1_PHYSICAL_PLATE,POSITIVE_STRICT_RECURRENCE_CONTROL,406,HAMBURG,101,Lippert-Astrograph (Hamburg),Hamburger Sternwarte,1918-12-24T22:26:37+00:00,-1102630941.5,COVERED_INTERIOR,0.0,400,DR4/scans/HAM-LA/LA00578_x.fits,1027598400,HiUqIhUnHhUnHhUn,421,1,STRICT_LE3,1.3829083860746245
294166,DIAGNOSTIC_179,STRICT_RECURRENCE_ON_1_PHYSICAL_PLATE,CONTEXTUAL_3_TO_15_ARCSEC_CONTROL,5565,HAMBURG,101,Lippert-Astrograph (Hamburg),Hamburger Sternwarte,1941-01-27T19:08:52+00:00,-405394806.5,COVERED_INTERIOR,0.0,6926,DR4/scans/HAM-LA/LA05892_x.fits,427155840,3Dak69Yh3Aah39Yh,8748,1,WIDE_GT5_LE15,7.826786607915126
294166,DIAGNOSTIC_179,STRICT_RECURRENCE_ON_1_PHYSICAL_PLATE,SENSITIVITY_NEGATIVE_HAMBURG_BEFORE,7679,HAMBURG,101,Lippert-Astrograph (Hamburg),Hamburger Sternwarte,1953-11-25T21:12:01+00:00,-603417.5,COVERED_INTERIOR,0.0,9986,DR4/scans/HAM-LA/LA08157_x.fits,427155840,nTlgqSkgnSkgnSkg,14588,1,NO_SOURCE_WITHIN_15_ARCSEC,
294166,DIAGNOSTIC_179,STRICT_RECURRENCE_ON_1_PHYSICAL_PLATE,SENSITIVITY_NEGATIVE_HAMBURG_AFTER,7687,HAMBURG,101,Lippert-Astrograph (Hamburg),Hamburger Sternwarte,1953-12-02T21:53:18+00:00,3859.5,COVERED_INTERIOR,0.0,10000,DR4/scans/HAM-LA/LA08167_x.fits,1312346880,PeNSSZKPPdKPPZKP,14628,1,NO_SOURCE_WITHIN_15_ARCSEC,
294166,DIAGNOSTIC_179,STRICT_RECURRENCE_ON_1_PHYSICAL_PLATE,SENSITIVITY_NEGATIVE_BAMBERG_BEFORE,89544,BAMBERG,208,"Astrograph, Bamberg Northern Sky Patrol","Dr. Karl Remeis-Sternwarte, Bamberg",1953-11-18T04:08:00+00:00,-1269658.5,COVERED_INTERIOR,0.0,114080,DR4/scans/Bamberg-North/012637_1953_h.fits,174444480,T9miT9lhT9lhT9lh,111370,1,NO_SOURCE_WITHIN_15_ARCSEC,
294166,DIAGNOSTIC_179,STRICT_RECURRENCE_ON_1_PHYSICAL_PLATE,SENSITIVITY_NEGATIVE_BAMBERG_AFTER,90160,BAMBERG,208,"Astrograph, Bamberg Northern Sky Patrol","Dr. Karl Remeis-Sternwarte, Bamberg",1958-12-02T00:05:00+00:00,157691761.5,COVERED_INTERIOR,0.0,114694,DR4/scans/Bamberg-North/013251_1958_h.fits,174444480,1eHe4cHc1cHc1cHc,112089,1,NO_SOURCE_WITHIN_15_ARCSEC,
294179,PRIMARY_424,DIAGNOSTIC_RECURRENCE_ONLY,CONTEXTUAL_3_TO_15_ARCSEC_CONTROL,5514,HAMBURG,101,Lippert-Astrograph (Hamburg),Hamburger Sternwarte,1940-04-06T20:05:14+00:00,-430965824.5,COVERED_INTERIOR,0.0,6852,DR4/scans/HAM-LA/LA05839_x.fits,432230400,ck0aeh0Xch0ach0W,8656,1,DIAGNOSTIC_GT3_LE5,3.80677260087392
294179,PRIMARY_424,DIAGNOSTIC_RECURRENCE_ONLY,SENSITIVITY_NEGATIVE_HAMBURG_BEFORE,7672,HAMBURG,101,Lippert-Astrograph (Hamburg),Hamburger Sternwarte,1953-11-24T20:37:03+00:00,-691915.5,COVERED_INTERIOR,0.0,9972,DR4/scans/HAM-LA/LA08149_x.fits,427155840,YAiQa7fOZAfOa5fO,14576,1,NO_SOURCE_WITHIN_15_ARCSEC,
294179,PRIMARY_424,DIAGNOSTIC_RECURRENCE_ONLY,SENSITIVITY_NEGATIVE_HAMBURG_AFTER,7688,HAMBURG,101,Lippert-Astrograph (Hamburg),Hamburger Sternwarte,1953-12-05T20:44:39+00:00,258940.5,COVERED_INTERIOR,0.0,10002,DR4/scans/HAM-LA/LA08168_x.fits,427161600,ZdIFfd9CZdGCdd9C,14604,1,NO_SOURCE_WITHIN_15_ARCSEC,
294179,PRIMARY_424,DIAGNOSTIC_RECURRENCE_ONLY,SENSITIVITY_NEGATIVE_BAMBERG_BEFORE,89097,BAMBERG,208,"Astrograph, Bamberg Northern Sky Patrol","Dr. Karl Remeis-Sternwarte, Bamberg",1953-03-05T19:49:00+00:00,-23504398.5,COVERED_INTERIOR,0.0,113642,DR4/scans/Bamberg-North/012160_1953_h.fits,174444480,8KLaAJJY2JJa8JJY,110998,1,NO_SOURCE_WITHIN_15_ARCSEC,
294179,PRIMARY_424,DIAGNOSTIC_RECURRENCE_ONLY,SENSITIVITY_NEGATIVE_BAMBERG_AFTER,89595,BAMBERG,208,"Astrograph, Bamberg Northern Sky Patrol","Dr. Karl Remeis-Sternwarte, Bamberg",1953-12-04T18:50:00+00:00,165661.5,COVERED_INTERIOR,0.0,114131,DR4/scans/Bamberg-North/012688_1953_h.fits,174888000,SFRMUCPMSCPMSCPM,111428,1,NO_SOURCE_WITHIN_15_ARCSEC,
