scan_id,filename_scan,physical_plate_id,archive_id,expected_file_size,fits_checksum,candidate_ids,selection_roles,candidate_count_using_scan,filename_scan_raw,scan_basename,normalized_repository_relative_scan,scan_reference_source,plate_page_url,plate_page_cached,plate_page_refetched_v079b,plate_page_exact_basename_present,resolved_scan_url,url_resolution_method,range_probe_ok,range_probe_http_status,range_probe_content_range,range_probe_content_length,range_probe_reported_total_bytes,range_probe_expected_size_match,range_probe_error,url_resolution_status,local_path,actual_file_size,sha256,download_status,download_attempts
398,DR4/scans/HAM-LA/LA00577_x.fits,405,101,1611489600,YTZAbSZ6ZSZAaSZ3,293985,CONTEXTUAL_3_TO_15_ARCSEC_CONTROL,1,DR4/scans/HAM-LA/LA00577_x.fits,LA00577_x.fits,DR4/scans/HAM-LA/LA00577_x.fits,FROZEN_REPOSITORY_RELATIVE_FILENAME_SCAN,https://www.plate-archive.org/objects/dr.4/plates/101_405/,True,False,True,https://www.plate-archive.org/files/DR4/scans/HAM-LA/LA00577_x.fits,DIRECT_FROM_FROZEN_DR4_SCAN_FILENAME_PLUS_RANGE_PROBE,True,206,bytes 0-2879/1611489600,2880,1611489600,True,,RESOLVED,work/pair17_pixel_followup_v079/scans/398/LA00577_x.fits,1611489600,f43028523f843957374521cc3808a30ab2c55626484118d79e3e15789dd7deef,COMPLETE,1
400,DR4/scans/HAM-LA/LA00578_x.fits,406,101,1027598400,HiUqIhUnHhUnHhUn,293710;294166,POSITIVE_STRICT_RECURRENCE_CONTROL,2,DR4/scans/HAM-LA/LA00578_x.fits,LA00578_x.fits,DR4/scans/HAM-LA/LA00578_x.fits,FROZEN_REPOSITORY_RELATIVE_FILENAME_SCAN,https://www.plate-archive.org/objects/dr.4/plates/101_406/,True,False,True,https://www.plate-archive.org/files/DR4/scans/HAM-LA/LA00578_x.fits,DIRECT_FROM_FROZEN_DR4_SCAN_FILENAME_PLUS_RANGE_PROBE,True,206,bytes 0-2879/1027598400,2880,1027598400,True,,RESOLVED,work/pair17_pixel_followup_v079/scans/400/LA00578_x.fits,1027598400,6bc2a1943a859f448877b4f8191f3e87f6232dd5a211c0a15e7f237b481a52c3,COMPLETE,1
403,DR4/scans/HAM-LA/LA00579_y.fits,407,101,1602362880,SgnaSekXSekaSekW,293964,POSITIVE_STRICT_RECURRENCE_CONTROL,1,DR4/scans/HAM-LA/LA00579_y.fits,LA00579_y.fits,DR4/scans/HAM-LA/LA00579_y.fits,FROZEN_REPOSITORY_RELATIVE_FILENAME_SCAN,https://www.plate-archive.org/objects/dr.4/plates/101_407/,True,False,True,https://www.plate-archive.org/files/DR4/scans/HAM-LA/LA00579_y.fits,DIRECT_FROM_FROZEN_DR4_SCAN_FILENAME_PLUS_RANGE_PROBE,True,206,bytes 0-2879/1602362880,2880,1602362880,True,,RESOLVED,work/pair17_pixel_followup_v079/scans/403/LA00579_y.fits,1602362880,e5065847e37f76b1e74deb89cc48ef0d4050c83f6487724832317289a0ea239e,COMPLETE,1
2369,DR4/scans/HAM-LA/LA02355_x.fits,2113,101,1312349760,YdZAabX3TbX9YbX9,293327,CONTEXTUAL_3_TO_15_ARCSEC_CONTROL,1,DR4/scans/HAM-LA/LA02355_x.fits,LA02355_x.fits,DR4/scans/HAM-LA/LA02355_x.fits,FROZEN_REPOSITORY_RELATIVE_FILENAME_SCAN,https://www.plate-archive.org/objects/dr.4/plates/101_2113/,True,False,True,https://www.plate-archive.org/files/DR4/scans/HAM-LA/LA02355_x.fits,DIRECT_FROM_FROZEN_DR4_SCAN_FILENAME_PLUS_RANGE_PROBE,True,206,bytes 0-2879/1312349760,2880,1312349760,True,,RESOLVED,work/pair17_pixel_followup_v079/scans/2369/LA02355_x.fits,1312349760,5bc14149c242bb1c6811e32d0ce4b715ba7dffede681dae0ea1d304a2ab5b87b,COMPLETE,1
6332,DR4/scans/HAM-LA/LA05466_x.fits,5146,101,1306978560,AJieDHiZAHibAHiZ,293327,POSITIVE_STRICT_RECURRENCE_CONTROL,1,DR4/scans/HAM-LA/LA05466_x.fits,LA05466_x.fits,DR4/scans/HAM-LA/LA05466_x.fits,FROZEN_REPOSITORY_RELATIVE_FILENAME_SCAN,https://www.plate-archive.org/objects/dr.4/plates/101_5146/,True,False,True,https://www.plate-archive.org/files/DR4/scans/HAM-LA/LA05466_x.fits,DIRECT_FROM_FROZEN_DR4_SCAN_FILENAME_PLUS_RANGE_PROBE,True,206,bytes 0-2879/1306978560,2880,1306978560,True,,RESOLVED,work/pair17_pixel_followup_v079/scans/6332/LA05466_x.fits,1306978560,7af9c4515db1cc98ae383b51db47d621af6914ad30ccc9cc9103468f085af5df,COMPLETE,1
6367,DR4/scans/HAM-LA/LA05491_y.fits,5171,101,1314996480,aVIYaSHYaSHYaSHY,293892,CONTEXTUAL_3_TO_15_ARCSEC_CONTROL,1,DR4/scans/HAM-LA/LA05491_y.fits,LA05491_y.fits,DR4/scans/HAM-LA/LA05491_y.fits,FROZEN_REPOSITORY_RELATIVE_FILENAME_SCAN,https://www.plate-archive.org/objects/dr.4/plates/101_5171/,True,False,True,https://www.plate-archive.org/files/DR4/scans/HAM-LA/LA05491_y.fits,DIRECT_FROM_FROZEN_DR4_SCAN_FILENAME_PLUS_RANGE_PROBE,True,206,bytes 0-2879/1314996480,2880,1314996480,True,,RESOLVED,work/pair17_pixel_followup_v079/scans/6367/LA05491_y.fits,1314996480,2be764dd51eaa374203894974e97ab75f150a2df18bd82a24ae9c217678182b9,COMPLETE,1
6637,DR4/scans/HAM-LA/LA05690_x.fits,5367,101,430951680,8GH389F18EF189F1,293565,POSITIVE_STRICT_RECURRENCE_CONTROL,1,DR4/scans/HAM-LA/LA05690_x.fits,LA05690_x.fits,DR4/scans/HAM-LA/LA05690_x.fits,FROZEN_REPOSITORY_RELATIVE_FILENAME_SCAN,https://www.plate-archive.org/objects/dr.4/plates/101_5367/,True,False,True,https://www.plate-archive.org/files/DR4/scans/HAM-LA/LA05690_x.fits,DIRECT_FROM_FROZEN_DR4_SCAN_FILENAME_PLUS_RANGE_PROBE,True,206,bytes 0-2879/430951680,2880,430951680,True,,RESOLVED,work/pair17_pixel_followup_v079/scans/6637/LA05690_x.fits,430951680,918af3d925950ac1b6018f16de81f5721be161fe91bb80a26e351734d3a512b1,COMPLETE,1
6852,DR4/scans/HAM-LA/LA05839_x.fits,5514,101,432230400,ck0aeh0Xch0ach0W,294179,CONTEXTUAL_3_TO_15_ARCSEC_CONTROL,1,DR4/scans/HAM-LA/LA05839_x.fits,LA05839_x.fits,DR4/scans/HAM-LA/LA05839_x.fits,FROZEN_REPOSITORY_RELATIVE_FILENAME_SCAN,https://www.plate-archive.org/objects/dr.4/plates/101_5514/,True,False,True,https://www.plate-archive.org/files/DR4/scans/HAM-LA/LA05839_x.fits,DIRECT_FROM_FROZEN_DR4_SCAN_FILENAME_PLUS_RANGE_PROBE,True,206,bytes 0-2879/432230400,2880,432230400,True,,RESOLVED,work/pair17_pixel_followup_v079/scans/6852/LA05839_x.fits,432230400,66e92cdba676db20a82adc4077683c0e73b7cfacfe8d13fff7e95d425dd7f7f4,COMPLETE,1
6921,DR4/scans/HAM-LA/LA05888_y.fits,5562,101,426124800,82I4A2I312I382I3,293995,CONTEXTUAL_3_TO_15_ARCSEC_CONTROL,1,DR4/scans/HAM-LA/LA05888_y.fits,LA05888_y.fits,DR4/scans/HAM-LA/LA05888_y.fits,FROZEN_REPOSITORY_RELATIVE_FILENAME_SCAN,https://www.plate-archive.org/objects/dr.4/plates/101_5562/,True,False,True,https://www.plate-archive.org/files/DR4/scans/HAM-LA/LA05888_y.fits,DIRECT_FROM_FROZEN_DR4_SCAN_FILENAME_PLUS_RANGE_PROBE,True,206,bytes 0-2879/426124800,2880,426124800,True,,RESOLVED,work/pair17_pixel_followup_v079/scans/6921/LA05888_y.fits,426124800,6bd658ed270459a5f78766ae74ff2e584a58bc69415f6710221b465a47f3de86,COMPLETE,1
6926,DR4/scans/HAM-LA/LA05892_x.fits,5565,101,427155840,3Dak69Yh3Aah39Yh,294166,CONTEXTUAL_3_TO_15_ARCSEC_CONTROL,1,DR4/scans/HAM-LA/LA05892_x.fits,LA05892_x.fits,DR4/scans/HAM-LA/LA05892_x.fits,FROZEN_REPOSITORY_RELATIVE_FILENAME_SCAN,https://www.plate-archive.org/objects/dr.4/plates/101_5565/,True,False,True,https://www.plate-archive.org/files/DR4/scans/HAM-LA/LA05892_x.fits,DIRECT_FROM_FROZEN_DR4_SCAN_FILENAME_PLUS_RANGE_PROBE,True,206,bytes 0-2879/427155840,2880,427155840,True,,RESOLVED,work/pair17_pixel_followup_v079/scans/6926/LA05892_x.fits,427155840,da4d53131442764137ad01f073356f5153e5db40d9a474bcdd7236761aaa668f,COMPLETE,1
7824,DR4/scans/HAM-LA/LA06511_x.fits,6108,101,197536320,nOA0oO40nO90nO90,293903,CONTEXTUAL_3_TO_15_ARCSEC_CONTROL,1,DR4/scans/HAM-LA/LA06511_x.fits,LA06511_x.fits,DR4/scans/HAM-LA/LA06511_x.fits,FROZEN_REPOSITORY_RELATIVE_FILENAME_SCAN,https://www.plate-archive.org/objects/dr.4/plates/101_6108/,True,False,True,https://www.plate-archive.org/files/DR4/scans/HAM-LA/LA06511_x.fits,DIRECT_FROM_FROZEN_DR4_SCAN_FILENAME_PLUS_RANGE_PROBE,True,206,bytes 0-2879/197536320,2880,197536320,True,,RESOLVED,work/pair17_pixel_followup_v079/scans/7824/LA06511_x.fits,197536320,f8db4ca70c49226697dc8888803a288b051600df03e15e4543a0e45ea72425f1,COMPLETE,1
8084,DR4/scans/HAM-LA/LA06708_x.fits,6282,101,1067690880,7RaAAOT30OY97OY9,292800,CONTEXTUAL_3_TO_15_ARCSEC_CONTROL,1,DR4/scans/HAM-LA/LA06708_x.fits,LA06708_x.fits,DR4/scans/HAM-LA/LA06708_x.fits,FROZEN_REPOSITORY_RELATIVE_FILENAME_SCAN,https://www.plate-archive.org/objects/dr.4/plates/101_6282/,True,False,True,https://www.plate-archive.org/files/DR4/scans/HAM-LA/LA06708_x.fits,DIRECT_FROM_FROZEN_DR4_SCAN_FILENAME_PLUS_RANGE_PROBE,True,206,bytes 0-2879/1067690880,2880,1067690880,True,,RESOLVED,work/pair17_pixel_followup_v079/scans/8084/LA06708_x.fits,1067690880,4a9bafe7508271aa144161e59d6c893ad117039ca20ebe1ba87a569d854d43e5,COMPLETE,1
9698,DR4/scans/HAM-LA/LA08001_y.fits,7526,101,426130560,0mbT3jZT0jaT0jYT,293470,SENSITIVITY_NEGATIVE_HAMBURG_BEFORE,1,DR4/scans/HAM-LA/LA08001_y.fits,LA08001_y.fits,DR4/scans/HAM-LA/LA08001_y.fits,FROZEN_REPOSITORY_RELATIVE_FILENAME_SCAN,https://www.plate-archive.org/objects/dr.4/plates/101_7526/,True,False,True,https://www.plate-archive.org/files/DR4/scans/HAM-LA/LA08001_y.fits,DIRECT_FROM_FROZEN_DR4_SCAN_FILENAME_PLUS_RANGE_PROBE,True,206,bytes 0-2879/426130560,2880,426130560,True,,RESOLVED,work/pair17_pixel_followup_v079/scans/9698/LA08001_y.fits,426130560,544746a22112090a45bb9495326b39c9679f2463771b741c5154777aa956cbc5,COMPLETE,1
9870,DR4/scans/HAM-LA/LA08095_x.fits,7619,101,427155840,caBhdYBfcaBfcYBf,292800,SENSITIVITY_NEGATIVE_HAMBURG_BEFORE,1,DR4/scans/HAM-LA/LA08095_x.fits,LA08095_x.fits,DR4/scans/HAM-LA/LA08095_x.fits,FROZEN_REPOSITORY_RELATIVE_FILENAME_SCAN,https://www.plate-archive.org/objects/dr.4/plates/101_7619/,True,False,True,https://www.plate-archive.org/files/DR4/scans/HAM-LA/LA08095_x.fits,DIRECT_FROM_FROZEN_DR4_SCAN_FILENAME_PLUS_RANGE_PROBE,True,206,bytes 0-2879/427155840,2880,427155840,True,,RESOLVED,work/pair17_pixel_followup_v079/scans/9870/LA08095_x.fits,427155840,c66e36923c5d7398a49c2756365394bda8e874b18f5bc35ed54ab2c32579499d,COMPLETE,1
9905,DR4/scans/HAM-LA/LA08113_x.fits,7637,101,427155840,inUFllU9ilUEilU9,293565,CONTEXTUAL_3_TO_15_ARCSEC_CONTROL,1,DR4/scans/HAM-LA/LA08113_x.fits,LA08113_x.fits,DR4/scans/HAM-LA/LA08113_x.fits,FROZEN_REPOSITORY_RELATIVE_FILENAME_SCAN,https://www.plate-archive.org/objects/dr.4/plates/101_7637/,True,False,True,https://www.plate-archive.org/files/DR4/scans/HAM-LA/LA08113_x.fits,DIRECT_FROM_FROZEN_DR4_SCAN_FILENAME_PLUS_RANGE_PROBE,True,206,bytes 0-2879/427155840,2880,427155840,True,,RESOLVED,work/pair17_pixel_followup_v079/scans/9905/LA08113_x.fits,427155840,64537a9d2fb2064b75a534818dc7defde217cd96bbd187212f8f8a3633b39b6c,COMPLETE,1
9959,DR4/scans/HAM-LA/LA08142_x.fits,7665,101,428077440,AbbaAZaYAaaaAYaW,293343;293349;293614;293892;293903;293985;293995;294052;294096;294130,SENSITIVITY_NEGATIVE_HAMBURG_BEFORE,10,DR4/scans/HAM-LA/LA08142_x.fits,LA08142_x.fits,DR4/scans/HAM-LA/LA08142_x.fits,FROZEN_REPOSITORY_RELATIVE_FILENAME_SCAN,https://www.plate-archive.org/objects/dr.4/plates/101_7665/,True,False,True,https://www.plate-archive.org/files/DR4/scans/HAM-LA/LA08142_x.fits,DIRECT_FROM_FROZEN_DR4_SCAN_FILENAME_PLUS_RANGE_PROBE,True,206,bytes 0-2879/428077440,2880,428077440,True,,RESOLVED,work/pair17_pixel_followup_v079/scans/9959/LA08142_x.fits,428077440,8a43ad5b877e581545c9779d9ef955b6a052abaaab6ac3d53130f23f9d003ca6,COMPLETE,1
9972,DR4/scans/HAM-LA/LA08149_x.fits,7672,101,427155840,YAiQa7fOZAfOa5fO,294179,SENSITIVITY_NEGATIVE_HAMBURG_BEFORE,1,DR4/scans/HAM-LA/LA08149_x.fits,LA08149_x.fits,DR4/scans/HAM-LA/LA08149_x.fits,FROZEN_REPOSITORY_RELATIVE_FILENAME_SCAN,https://www.plate-archive.org/objects/dr.4/plates/101_7672/,True,False,True,https://www.plate-archive.org/files/DR4/scans/HAM-LA/LA08149_x.fits,DIRECT_FROM_FROZEN_DR4_SCAN_FILENAME_PLUS_RANGE_PROBE,True,206,bytes 0-2879/427155840,2880,427155840,True,,RESOLVED,work/pair17_pixel_followup_v079/scans/9972/LA08149_x.fits,427155840,a3e72364b1e3ed082872e34e03af2f9b926a3abc8716bafed52297f7227e2f24,COMPLETE,1
9986,DR4/scans/HAM-LA/LA08157_x.fits,7679,101,427155840,nTlgqSkgnSkgnSkg,293118;293327;293328;293565;293628;293672;293710;293841;293964;294166,SENSITIVITY_NEGATIVE_HAMBURG_BEFORE,10,DR4/scans/HAM-LA/LA08157_x.fits,LA08157_x.fits,DR4/scans/HAM-LA/LA08157_x.fits,FROZEN_REPOSITORY_RELATIVE_FILENAME_SCAN,https://www.plate-archive.org/objects/dr.4/plates/101_7679/,True,False,True,https://www.plate-archive.org/files/DR4/scans/HAM-LA/LA08157_x.fits,DIRECT_FROM_FROZEN_DR4_SCAN_FILENAME_PLUS_RANGE_PROBE,True,206,bytes 0-2879/427155840,2880,427155840,True,,RESOLVED,work/pair17_pixel_followup_v079/scans/9986/LA08157_x.fits,427155840,88e8975d647b125fe00cb525eaa5b94bae8201ac4bf4185cd65c1dc1a6e192b1,COMPLETE,1
10000,DR4/scans/HAM-LA/LA08167_x.fits,7687,101,1312346880,PeNSSZKPPdKPPZKP,292800;293118;293328;293841;294166,SENSITIVITY_NEGATIVE_HAMBURG_AFTER,5,DR4/scans/HAM-LA/LA08167_x.fits,LA08167_x.fits,DR4/scans/HAM-LA/LA08167_x.fits,FROZEN_REPOSITORY_RELATIVE_FILENAME_SCAN,https://www.plate-archive.org/objects/dr.4/plates/101_7687/,True,False,True,https://www.plate-archive.org/files/DR4/scans/HAM-LA/LA08167_x.fits,DIRECT_FROM_FROZEN_DR4_SCAN_FILENAME_PLUS_RANGE_PROBE,True,206,bytes 0-2879/1312346880,2880,1312346880,True,,RESOLVED,work/pair17_pixel_followup_v079/scans/10000/LA08167_x.fits,1312346880,4e97f6c1571510900fa9aacf46eeaea778230c605fd16f4d3239aada59df6259,COMPLETE,1
10002,DR4/scans/HAM-LA/LA08168_x.fits,7688,101,427161600,ZdIFfd9CZdGCdd9C,293327;293565;293628;293672;293710;293964;294179,SENSITIVITY_NEGATIVE_HAMBURG_AFTER,7,DR4/scans/HAM-LA/LA08168_x.fits,LA08168_x.fits,DR4/scans/HAM-LA/LA08168_x.fits,FROZEN_REPOSITORY_RELATIVE_FILENAME_SCAN,https://www.plate-archive.org/objects/dr.4/plates/101_7688/,True,False,True,https://www.plate-archive.org/files/DR4/scans/HAM-LA/LA08168_x.fits,DIRECT_FROM_FROZEN_DR4_SCAN_FILENAME_PLUS_RANGE_PROBE,True,206,bytes 0-2879/427161600,2880,427161600,True,,RESOLVED,work/pair17_pixel_followup_v079/scans/10002/LA08168_x.fits,427161600,74037efee309c46e51931e990eecea2d8a0f97d346188ca3a5d70f10a8bc89d7,COMPLETE,1
10005,DR4/scans/HAM-LA/LA08169_y.fits,7689,101,1320575040,YL7dZL6cYL6cYL6c,294052,SENSITIVITY_NEGATIVE_HAMBURG_AFTER,1,DR4/scans/HAM-LA/LA08169_y.fits,LA08169_y.fits,DR4/scans/HAM-LA/LA08169_y.fits,FROZEN_REPOSITORY_RELATIVE_FILENAME_SCAN,https://www.plate-archive.org/objects/dr.4/plates/101_7689/,True,False,True,https://www.plate-archive.org/files/DR4/scans/HAM-LA/LA08169_y.fits,DIRECT_FROM_FROZEN_DR4_SCAN_FILENAME_PLUS_RANGE_PROBE,True,206,bytes 0-2879/1320575040,2880,1320575040,True,,RESOLVED,work/pair17_pixel_followup_v079/scans/10005/LA08169_y.fits,1320575040,1cc9bc3b73fc633818b473fb9b971dbb68e43d400d061387f8b47adda8f862ad,COMPLETE,1
10008,DR4/scans/HAM-LA/LA08171_x.fits,7691,101,427161600,2hTl4eRk2eRk2eRk,293343;293614;293985,SENSITIVITY_NEGATIVE_HAMBURG_AFTER,3,DR4/scans/HAM-LA/LA08171_x.fits,LA08171_x.fits,DR4/scans/HAM-LA/LA08171_x.fits,FROZEN_REPOSITORY_RELATIVE_FILENAME_SCAN,https://www.plate-archive.org/objects/dr.4/plates/101_7691/,True,False,True,https://www.plate-archive.org/files/DR4/scans/HAM-LA/LA08171_x.fits,DIRECT_FROM_FROZEN_DR4_SCAN_FILENAME_PLUS_RANGE_PROBE,True,206,bytes 0-2879/427161600,2880,427161600,True,,RESOLVED,work/pair17_pixel_followup_v079/scans/10008/LA08171_x.fits,427161600,4a538ec21b91b9ddfe5062077dc46f49da2645c2a4fca7a1d9e328209339f7cf,COMPLETE,1
10030,DR4/scans/HAM-LA/LA08184_x.fits,7703,101,427161600,9Hf4DGe49Ge4CGe4,294130,SENSITIVITY_NEGATIVE_HAMBURG_AFTER,1,DR4/scans/HAM-LA/LA08184_x.fits,LA08184_x.fits,DR4/scans/HAM-LA/LA08184_x.fits,FROZEN_REPOSITORY_RELATIVE_FILENAME_SCAN,https://www.plate-archive.org/objects/dr.4/plates/101_7703/,True,False,True,https://www.plate-archive.org/files/DR4/scans/HAM-LA/LA08184_x.fits,DIRECT_FROM_FROZEN_DR4_SCAN_FILENAME_PLUS_RANGE_PROBE,True,206,bytes 0-2879/427161600,2880,427161600,True,,RESOLVED,work/pair17_pixel_followup_v079/scans/10030/LA08184_x.fits,427161600,80e652cdbafdd95b374e2a6fff28b0b189d9a8628667690f974a1fdcea9880a9,COMPLETE,1
10085,DR4/scans/HAM-LA/LA08217_x.fits,7736,101,427161600,b5WCc2TBb2TBb2TB,293892,SENSITIVITY_NEGATIVE_HAMBURG_AFTER,1,DR4/scans/HAM-LA/LA08217_x.fits,LA08217_x.fits,DR4/scans/HAM-LA/LA08217_x.fits,FROZEN_REPOSITORY_RELATIVE_FILENAME_SCAN,https://www.plate-archive.org/objects/dr.4/plates/101_7736/,True,False,True,https://www.plate-archive.org/files/DR4/scans/HAM-LA/LA08217_x.fits,DIRECT_FROM_FROZEN_DR4_SCAN_FILENAME_PLUS_RANGE_PROBE,True,206,bytes 0-2879/427161600,2880,427161600,True,,RESOLVED,work/pair17_pixel_followup_v079/scans/10085/LA08217_x.fits,427161600,670eec06ad2b2fcc985319169ba5280181afa9e715479c446ee6190583c4aadc,COMPLETE,1
10186,DR4/scans/HAM-LA/LA08287_x.fits,7804,101,429632640,laQpnVNnlZNnlZNn,293349;293995;294096,SENSITIVITY_NEGATIVE_HAMBURG_AFTER,3,DR4/scans/HAM-LA/LA08287_x.fits,LA08287_x.fits,DR4/scans/HAM-LA/LA08287_x.fits,FROZEN_REPOSITORY_RELATIVE_FILENAME_SCAN,https://www.plate-archive.org/objects/dr.4/plates/101_7804/,True,False,True,https://www.plate-archive.org/files/DR4/scans/HAM-LA/LA08287_x.fits,DIRECT_FROM_FROZEN_DR4_SCAN_FILENAME_PLUS_RANGE_PROBE,True,206,bytes 0-2879/429632640,2880,429632640,True,,RESOLVED,work/pair17_pixel_followup_v079/scans/10186/LA08287_x.fits,429632640,1b8d7aad8f3d6f954dad959e74142acd85d4318344a1945d112608a36caa964d,COMPLETE,1
10190,DR4/scans/HAM-LA/LA08293_x.fits,7810,101,427711680,TY9oVX7mTX7mTX7m,293672,CONTEXTUAL_3_TO_15_ARCSEC_CONTROL,1,DR4/scans/HAM-LA/LA08293_x.fits,LA08293_x.fits,DR4/scans/HAM-LA/LA08293_x.fits,FROZEN_REPOSITORY_RELATIVE_FILENAME_SCAN,https://www.plate-archive.org/objects/dr.4/plates/101_7810/,True,False,True,https://www.plate-archive.org/files/DR4/scans/HAM-LA/LA08293_x.fits,DIRECT_FROM_FROZEN_DR4_SCAN_FILENAME_PLUS_RANGE_PROBE,True,206,bytes 0-2879/427711680,2880,427711680,True,,RESOLVED,work/pair17_pixel_followup_v079/scans/10190/LA08293_x.fits,427711680,4f8699d2be19ec5b54f7565b3730cffa0ca7cfe899c39809874232932449a764,COMPLETE,1
10240,DR4/scans/HAM-LA/LA08347_x.fits,7863,101,427161600,ahYcdZVaafVaaZVa,293903,SENSITIVITY_NEGATIVE_HAMBURG_AFTER,1,DR4/scans/HAM-LA/LA08347_x.fits,LA08347_x.fits,DR4/scans/HAM-LA/LA08347_x.fits,FROZEN_REPOSITORY_RELATIVE_FILENAME_SCAN,https://www.plate-archive.org/objects/dr.4/plates/101_7863/,True,False,True,https://www.plate-archive.org/files/DR4/scans/HAM-LA/LA08347_x.fits,DIRECT_FROM_FROZEN_DR4_SCAN_FILENAME_PLUS_RANGE_PROBE,True,206,bytes 0-2879/427161600,2880,427161600,True,,RESOLVED,work/pair17_pixel_followup_v079/scans/10240/LA08347_x.fits,427161600,15f1ead1866150a2a204fac36dfe0557c2aa84b23fb4ef1d809616e4109c3830,COMPLETE,1
10815,DR4/scans/HAM-LA/LA08773_x.fits,8285,101,430007040,WPFJZMEJWMEJWMEJ,293470,SENSITIVITY_NEGATIVE_HAMBURG_AFTER,1,DR4/scans/HAM-LA/LA08773_x.fits,LA08773_x.fits,DR4/scans/HAM-LA/LA08773_x.fits,FROZEN_REPOSITORY_RELATIVE_FILENAME_SCAN,https://www.plate-archive.org/objects/dr.4/plates/101_8285/,True,False,True,https://www.plate-archive.org/files/DR4/scans/HAM-LA/LA08773_x.fits,DIRECT_FROM_FROZEN_DR4_SCAN_FILENAME_PLUS_RANGE_PROBE,True,206,bytes 0-2879/430007040,2880,430007040,True,,RESOLVED,work/pair17_pixel_followup_v079/scans/10815/LA08773_x.fits,430007040,aab2cf028f4c1f0accb6925ae8e63ff960c838eec6ac209bad5fa8c2cb9c3d06,COMPLETE,1
10960,DR4/scans/HAM-LA/LA08860_x.fits,8369,101,425269440,JOUfLLSZJLSdJLSZ,293470,CONTEXTUAL_3_TO_15_ARCSEC_CONTROL,1,DR4/scans/HAM-LA/LA08860_x.fits,LA08860_x.fits,DR4/scans/HAM-LA/LA08860_x.fits,FROZEN_REPOSITORY_RELATIVE_FILENAME_SCAN,https://www.plate-archive.org/objects/dr.4/plates/101_8369/,True,False,True,https://www.plate-archive.org/files/DR4/scans/HAM-LA/LA08860_x.fits,DIRECT_FROM_FROZEN_DR4_SCAN_FILENAME_PLUS_RANGE_PROBE,True,206,bytes 0-2879/425269440,2880,425269440,True,,RESOLVED,work/pair17_pixel_followup_v079/scans/10960/LA08860_x.fits,425269440,da238740630198c318ec065b70d2f6d3302a5517732b0abc1e09d09b19a48848,COMPLETE,1
21463,DR4/scans/HAM-ST/S04887_y.fits,18509,103,416111040,BcIcBaFbBaFbBaFb,293995,POSITIVE_STRICT_RECURRENCE_CONTROL,1,DR4/scans/HAM-ST/S04887_y.fits,S04887_y.fits,DR4/scans/HAM-ST/S04887_y.fits,FROZEN_REPOSITORY_RELATIVE_FILENAME_SCAN,https://www.plate-archive.org/objects/dr.4/plates/103_18509/,True,False,True,https://www.plate-archive.org/files/DR4/scans/HAM-ST/S04887_y.fits,DIRECT_FROM_FROZEN_DR4_SCAN_FILENAME_PLUS_RANGE_PROBE,True,206,bytes 0-2879/416111040,2880,416111040,True,,RESOLVED,work/pair17_pixel_followup_v079/scans/21463/S04887_y.fits,416111040,f63f36c3b9160e4b53756fb03bf64fb7971966d948a60b2acbbdb4cbd7111ce2,COMPLETE,1
22189,DR4/scans/HAM-ST/S05639_y.fits,19280,103,415598400,9d3SHa1Q9a1QEa1Q,293349;294096,CONTEXTUAL_3_TO_15_ARCSEC_CONTROL;POSITIVE_STRICT_RECURRENCE_CONTROL,2,DR4/scans/HAM-ST/S05639_y.fits,S05639_y.fits,DR4/scans/HAM-ST/S05639_y.fits,FROZEN_REPOSITORY_RELATIVE_FILENAME_SCAN,https://www.plate-archive.org/objects/dr.4/plates/103_19280/,True,False,True,https://www.plate-archive.org/files/DR4/scans/HAM-ST/S05639_y.fits,DIRECT_FROM_FROZEN_DR4_SCAN_FILENAME_PLUS_RANGE_PROBE,True,206,bytes 0-2879/415598400,2880,415598400,True,,RESOLVED,work/pair17_pixel_followup_v079/scans/22189/S05639_y.fits,415598400,fa12c17effb01725cd81020e44fdd09a9c87906ca4e8c475694e57c8b0d396e2,COMPLETE,1
22202,DR4/scans/HAM-ST/S05652_y.fits,19294,103,415854720,lERdn9PdlEPdl9Pd,294096,CONTEXTUAL_3_TO_15_ARCSEC_CONTROL,1,DR4/scans/HAM-ST/S05652_y.fits,S05652_y.fits,DR4/scans/HAM-ST/S05652_y.fits,FROZEN_REPOSITORY_RELATIVE_FILENAME_SCAN,https://www.plate-archive.org/objects/dr.4/plates/103_19294/,True,False,True,https://www.plate-archive.org/files/DR4/scans/HAM-ST/S05652_y.fits,DIRECT_FROM_FROZEN_DR4_SCAN_FILENAME_PLUS_RANGE_PROBE,True,206,bytes 0-2879/415854720,2880,415854720,True,,RESOLVED,work/pair17_pixel_followup_v079/scans/22202/S05652_y.fits,415854720,a8abafc399826bec995d6fad7ed0fa7494b1bad5300a2b1e309a1fccc65f86e1,COMPLETE,1
27429,DR4/scans/HAM-HS/HS00360_x.fits,24940,104,1020948480,UGAjW95hUGAhU93h,293628,CONTEXTUAL_3_TO_15_ARCSEC_CONTROL,1,DR4/scans/HAM-HS/HS00360_x.fits,HS00360_x.fits,DR4/scans/HAM-HS/HS00360_x.fits,FROZEN_REPOSITORY_RELATIVE_FILENAME_SCAN,https://www.plate-archive.org/objects/dr.4/plates/104_24940/,True,False,True,https://www.plate-archive.org/files/DR4/scans/HAM-HS/HS00360_x.fits,DIRECT_FROM_FROZEN_DR4_SCAN_FILENAME_PLUS_RANGE_PROBE,True,206,bytes 0-2879/1020948480,2880,1020948480,True,,RESOLVED,work/pair17_pixel_followup_v079/scans/27429/HS00360_x.fits,1020948480,4aefb7c006c8a0f941e83f15a85cc01f1aa52a3c361fdeca09e23290d016c890,COMPLETE,1
27458,DR4/scans/HAM-HS/HS00422_x.fits,24966,104,1020948480,kUdAmRa6kRaAkRa3,293841,CONTEXTUAL_3_TO_15_ARCSEC_CONTROL,1,DR4/scans/HAM-HS/HS00422_x.fits,HS00422_x.fits,DR4/scans/HAM-HS/HS00422_x.fits,FROZEN_REPOSITORY_RELATIVE_FILENAME_SCAN,https://www.plate-archive.org/objects/dr.4/plates/104_24966/,True,False,True,https://www.plate-archive.org/files/DR4/scans/HAM-HS/HS00422_x.fits,DIRECT_FROM_FROZEN_DR4_SCAN_FILENAME_PLUS_RANGE_PROBE,True,206,bytes 0-2879/1020948480,2880,1020948480,True,,RESOLVED,work/pair17_pixel_followup_v079/scans/27458/HS00422_x.fits,1020948480,7dc4cc508ac602b30947b6c72ac29f7d1d3d27834f8d963842549c5215819ce4,COMPLETE,1
28118,DR4/scans/HAM-HS/HS01218_x.fits,25593,104,1020948480,YkQNYiOMYiOMYiOM,293628,POSITIVE_STRICT_RECURRENCE_CONTROL,1,DR4/scans/HAM-HS/HS01218_x.fits,HS01218_x.fits,DR4/scans/HAM-HS/HS01218_x.fits,FROZEN_REPOSITORY_RELATIVE_FILENAME_SCAN,https://www.plate-archive.org/objects/dr.4/plates/104_25593/,True,False,True,https://www.plate-archive.org/files/DR4/scans/HAM-HS/HS01218_x.fits,DIRECT_FROM_FROZEN_DR4_SCAN_FILENAME_PLUS_RANGE_PROBE,True,206,bytes 0-2879/1020948480,2880,1020948480,True,,RESOLVED,work/pair17_pixel_followup_v079/scans/28118/HS01218_x.fits,1020948480,51661f952f31c2652b9d66ed770be6b9b6f0e0d6e1b1538b00cd2c0bb8cfff76,COMPLETE,1
43261,DR4/scans/Tartu/plaat0947.fits,49486,301,79240320,j5D7k4D4j4D4j4D4,293964,CONTEXTUAL_3_TO_15_ARCSEC_CONTROL,1,DR4/scans/Tartu/plaat0947.fits,plaat0947.fits,DR4/scans/Tartu/plaat0947.fits,FROZEN_REPOSITORY_RELATIVE_FILENAME_SCAN,https://www.plate-archive.org/objects/dr.4/plates/301_49486/,True,False,True,https://www.plate-archive.org/files/DR4/scans/Tartu/plaat0947.fits,DIRECT_FROM_FROZEN_DR4_SCAN_FILENAME_PLUS_RANGE_PROBE,True,206,bytes 0-2879/79240320,2880,79240320,True,,RESOLVED,work/pair17_pixel_followup_v079/scans/43261/plaat0947.fits,79240320,abaa9c594b8152dc1cdf6c8eb04e7b1c9d032226a5745153c3a51501db30f576,COMPLETE,1
43262,DR4/scans/Tartu/plaat0948.fits,49487,301,79237440,9GOkA9Ok9GOkA9Ok,293614,POSITIVE_STRICT_RECURRENCE_CONTROL,1,DR4/scans/Tartu/plaat0948.fits,plaat0948.fits,DR4/scans/Tartu/plaat0948.fits,FROZEN_REPOSITORY_RELATIVE_FILENAME_SCAN,https://www.plate-archive.org/objects/dr.4/plates/301_49487/,True,False,True,https://www.plate-archive.org/files/DR4/scans/Tartu/plaat0948.fits,DIRECT_FROM_FROZEN_DR4_SCAN_FILENAME_PLUS_RANGE_PROBE,True,206,bytes 0-2879/79237440,2880,79237440,True,,RESOLVED,work/pair17_pixel_followup_v079/scans/43262/plaat0948.fits,79237440,015c998c28cef9a009b2ea3bb5131d728fedeed8a3cbf9535999d6ff1ef25ac9,COMPLETE,1
60226,DR4/scans/Bamberg-South/011406_1964_h.fits,53425,206,176094720,jHagl9WZjEafj9WZ,293892,POSITIVE_STRICT_RECURRENCE_CONTROL,1,DR4/scans/Bamberg-South/011406_1964_h.fits,011406_1964_h.fits,DR4/scans/Bamberg-South/011406_1964_h.fits,FROZEN_REPOSITORY_RELATIVE_FILENAME_SCAN,https://www.plate-archive.org/objects/dr.4/plates/206_53425/,True,False,True,https://www.plate-archive.org/files/DR4/scans/Bamberg-South/011406_1964_h.fits,DIRECT_FROM_FROZEN_DR4_SCAN_FILENAME_PLUS_RANGE_PROBE,True,206,bytes 0-2879/176094720,2880,176094720,True,,RESOLVED,work/pair17_pixel_followup_v079/scans/60226/011406_1964_h.fits,176094720,0bcb73409069739da7822989abdd23ed2ceb93a88fd11e1730cdbb8bb8fe8531,COMPLETE,1
60247,DR4/scans/Bamberg-South/011465_1964_h.fits,53484,206,175919040,SJPkS9PiSGPiS9Pi,293349,POSITIVE_STRICT_RECURRENCE_CONTROL,1,DR4/scans/Bamberg-South/011465_1964_h.fits,011465_1964_h.fits,DR4/scans/Bamberg-South/011465_1964_h.fits,FROZEN_REPOSITORY_RELATIVE_FILENAME_SCAN,https://www.plate-archive.org/objects/dr.4/plates/206_53484/,True,False,True,https://www.plate-archive.org/files/DR4/scans/Bamberg-South/011465_1964_h.fits,DIRECT_FROM_FROZEN_DR4_SCAN_FILENAME_PLUS_RANGE_PROBE,True,206,bytes 0-2879/175919040,2880,175919040,True,,RESOLVED,work/pair17_pixel_followup_v079/scans/60247/011465_1964_h.fits,175919040,0d83abacb94ed1160b6d2677e8e10141c142f515ed8ee137d4c9072b385788e2,COMPLETE,1
60320,DR4/scans/Bamberg-South/011583_1965_h.fits,53602,206,175919040,MheeMZcbMfcbMZcb,294130,POSITIVE_STRICT_RECURRENCE_CONTROL,1,DR4/scans/Bamberg-South/011583_1965_h.fits,011583_1965_h.fits,DR4/scans/Bamberg-South/011583_1965_h.fits,FROZEN_REPOSITORY_RELATIVE_FILENAME_SCAN,https://www.plate-archive.org/objects/dr.4/plates/206_53602/,True,False,True,https://www.plate-archive.org/files/DR4/scans/Bamberg-South/011583_1965_h.fits,DIRECT_FROM_FROZEN_DR4_SCAN_FILENAME_PLUS_RANGE_PROBE,True,206,bytes 0-2879/175919040,2880,175919040,True,,RESOLVED,work/pair17_pixel_followup_v079/scans/60320/011583_1965_h.fits,175919040,01603013809f3cc02da9657e170ff002ff021a03d4e3f8e7a8c304112dbf1e00,COMPLETE,1
60328,DR4/scans/Bamberg-South/011591_1965_h.fits,53610,206,176094720,WCcMY9cJWCcJW9cJ,293614,CONTEXTUAL_3_TO_15_ARCSEC_CONTROL,1,DR4/scans/Bamberg-South/011591_1965_h.fits,011591_1965_h.fits,DR4/scans/Bamberg-South/011591_1965_h.fits,FROZEN_REPOSITORY_RELATIVE_FILENAME_SCAN,https://www.plate-archive.org/objects/dr.4/plates/206_53610/,True,False,True,https://www.plate-archive.org/files/DR4/scans/Bamberg-South/011591_1965_h.fits,DIRECT_FROM_FROZEN_DR4_SCAN_FILENAME_PLUS_RANGE_PROBE,True,206,bytes 0-2879/176094720,2880,176094720,True,,RESOLVED,work/pair17_pixel_followup_v079/scans/60328/011591_1965_h.fits,176094720,769c6cc52c357be9d7bcd2c07deccfba4dbb88d16f38d0c19d66583775e6e369,COMPLETE,1
60366,DR4/scans/Bamberg-South/011634_1965_h.fits,53653,206,176094720,faUhiURZfZRffZRZ,293343,CONTEXTUAL_3_TO_15_ARCSEC_CONTROL,1,DR4/scans/Bamberg-South/011634_1965_h.fits,011634_1965_h.fits,DR4/scans/Bamberg-South/011634_1965_h.fits,FROZEN_REPOSITORY_RELATIVE_FILENAME_SCAN,https://www.plate-archive.org/objects/dr.4/plates/206_53653/,True,False,True,https://www.plate-archive.org/files/DR4/scans/Bamberg-South/011634_1965_h.fits,DIRECT_FROM_FROZEN_DR4_SCAN_FILENAME_PLUS_RANGE_PROBE,True,206,bytes 0-2879/176094720,2880,176094720,True,,RESOLVED,work/pair17_pixel_followup_v079/scans/60366/011634_1965_h.fits,176094720,4cd79fe1a0c6f4f5ff53ecca8f316eb426afa0f51a47ee13ed63edee19a0db45,COMPLETE,1
60386,DR4/scans/Bamberg-South/011666_1965_h.fits,53685,206,176094720,9FnJDDmI9DmIADmI,294052,CONTEXTUAL_3_TO_15_ARCSEC_CONTROL,1,DR4/scans/Bamberg-South/011666_1965_h.fits,011666_1965_h.fits,DR4/scans/Bamberg-South/011666_1965_h.fits,FROZEN_REPOSITORY_RELATIVE_FILENAME_SCAN,https://www.plate-archive.org/objects/dr.4/plates/206_53685/,True,False,True,https://www.plate-archive.org/files/DR4/scans/Bamberg-South/011666_1965_h.fits,DIRECT_FROM_FROZEN_DR4_SCAN_FILENAME_PLUS_RANGE_PROBE,True,206,bytes 0-2879/176094720,2880,176094720,True,,RESOLVED,work/pair17_pixel_followup_v079/scans/60386/011666_1965_h.fits,176094720,c2dd8bff6cff1f5b8260796657a32184b9b03147e34c024980b5d642772541b3,COMPLETE,1
73141,DR4/scans/HAM-SS/SS00265_x.fits,65025,111,138810240,9kbjAiaj4iaj9iaj,293903,POSITIVE_STRICT_RECURRENCE_CONTROL,1,DR4/scans/HAM-SS/SS00265_x.fits,SS00265_x.fits,DR4/scans/HAM-SS/SS00265_x.fits,FROZEN_REPOSITORY_RELATIVE_FILENAME_SCAN,https://www.plate-archive.org/objects/dr.4/plates/111_65025/,True,False,True,https://www.plate-archive.org/files/DR4/scans/HAM-SS/SS00265_x.fits,DIRECT_FROM_FROZEN_DR4_SCAN_FILENAME_PLUS_RANGE_PROBE,True,206,bytes 0-2879/138810240,2880,138810240,True,,RESOLVED,work/pair17_pixel_followup_v079/scans/73141/SS00265_x.fits,138810240,2f308f57665e474428261ec0cbbbf6f55bb11708f30080c5b335c023cc8b7692,COMPLETE,1
105353,DR4/scans/Bamberg-North/003481_1931_h.fits,80418,208,423414720,WNCKYLAHWLAHWLAH,293710,CONTEXTUAL_3_TO_15_ARCSEC_CONTROL,1,DR4/scans/Bamberg-North/003481_1931_h.fits,003481_1931_h.fits,DR4/scans/Bamberg-North/003481_1931_h.fits,FROZEN_REPOSITORY_RELATIVE_FILENAME_SCAN,https://www.plate-archive.org/objects/dr.4/plates/208_80418/,True,False,True,https://www.plate-archive.org/files/DR4/scans/Bamberg-North/003481_1931_h.fits,DIRECT_FROM_FROZEN_DR4_SCAN_FILENAME_PLUS_RANGE_PROBE,True,206,bytes 0-2879/423414720,2880,423414720,True,,RESOLVED,work/pair17_pixel_followup_v079/scans/105353/003481_1931_h.fits,423414720,8622653f0028b4605fe83d396f7c63f84c511d58f67ad63d7d97afd049fff4d1,COMPLETE,1
105655,DR4/scans/Bamberg-North/003789_1931_h.fits,80726,208,174156480,4LWI5IVH4IVH4IVH,293470,POSITIVE_STRICT_RECURRENCE_CONTROL,1,DR4/scans/Bamberg-North/003789_1931_h.fits,003789_1931_h.fits,DR4/scans/Bamberg-North/003789_1931_h.fits,FROZEN_REPOSITORY_RELATIVE_FILENAME_SCAN,https://www.plate-archive.org/objects/dr.4/plates/208_80726/,True,False,True,https://www.plate-archive.org/files/DR4/scans/Bamberg-North/003789_1931_h.fits,DIRECT_FROM_FROZEN_DR4_SCAN_FILENAME_PLUS_RANGE_PROBE,True,206,bytes 0-2879/174156480,2880,174156480,True,,RESOLVED,work/pair17_pixel_followup_v079/scans/105655/003789_1931_h.fits,174156480,0d5af9150af1dd38fb2abac164736a99c0986bfd477ff61a499c781d3cfa8865,COMPLETE,1
108559,DR4/scans/Bamberg-North/006804_1933_h.fits,83743,208,174444480,aO8AdL54aL59aL59,293328,CONTEXTUAL_3_TO_15_ARCSEC_CONTROL,1,DR4/scans/Bamberg-North/006804_1933_h.fits,006804_1933_h.fits,DR4/scans/Bamberg-North/006804_1933_h.fits,FROZEN_REPOSITORY_RELATIVE_FILENAME_SCAN,https://www.plate-archive.org/objects/dr.4/plates/208_83743/,True,False,True,https://www.plate-archive.org/files/DR4/scans/Bamberg-North/006804_1933_h.fits,DIRECT_FROM_FROZEN_DR4_SCAN_FILENAME_PLUS_RANGE_PROBE,True,206,bytes 0-2879/174444480,2880,174444480,True,,RESOLVED,work/pair17_pixel_followup_v079/scans/108559/006804_1933_h.fits,174444480,c444c838a9b7c41c600d9773aaa2cea8f3a401235b181cbe5263e636717343ae,COMPLETE,1
111636,DR4/scans/Bamberg-North/009979_1938_h.fits,86917,208,408816000,iPfCjNd9iNdAiNd9,294130,CONTEXTUAL_3_TO_15_ARCSEC_CONTROL,1,DR4/scans/Bamberg-North/009979_1938_h.fits,009979_1938_h.fits,DR4/scans/Bamberg-North/009979_1938_h.fits,FROZEN_REPOSITORY_RELATIVE_FILENAME_SCAN,https://www.plate-archive.org/objects/dr.4/plates/208_86917/,True,False,True,https://www.plate-archive.org/files/DR4/scans/Bamberg-North/009979_1938_h.fits,DIRECT_FROM_FROZEN_DR4_SCAN_FILENAME_PLUS_RANGE_PROBE,True,206,bytes 0-2879/408816000,2880,408816000,True,,RESOLVED,work/pair17_pixel_followup_v079/scans/111636/009979_1938_h.fits,408816000,85772b37af2b253c86f5a613eceb87c9906171ae08ddf35abfea0f67140674e1,COMPLETE,1
113642,DR4/scans/Bamberg-North/012160_1953_h.fits,89097,208,174444480,8KLaAJJY2JJa8JJY,292800;293118;293327;293328;293343;293349;293470;293565;293614;293628;293672;293710;293892;293903;293964;293985;293995;294052;294096;294130;294179,SENSITIVITY_NEGATIVE_BAMBERG_BEFORE,21,DR4/scans/Bamberg-North/012160_1953_h.fits,012160_1953_h.fits,DR4/scans/Bamberg-North/012160_1953_h.fits,FROZEN_REPOSITORY_RELATIVE_FILENAME_SCAN,https://www.plate-archive.org/objects/dr.4/plates/208_89097/,True,False,True,https://www.plate-archive.org/files/DR4/scans/Bamberg-North/012160_1953_h.fits,DIRECT_FROM_FROZEN_DR4_SCAN_FILENAME_PLUS_RANGE_PROBE,True,206,bytes 0-2879/174444480,2880,174444480,True,,RESOLVED,work/pair17_pixel_followup_v079/scans/113642/012160_1953_h.fits,174444480,d900aec1efd1d4fa8efbcb24ceb9ede15fe369067466bbfc1a73fbf9481ae2e4,COMPLETE,1
114080,DR4/scans/Bamberg-North/012637_1953_h.fits,89544,208,174444480,T9miT9lhT9lhT9lh,293841;294166,SENSITIVITY_NEGATIVE_BAMBERG_BEFORE,2,DR4/scans/Bamberg-North/012637_1953_h.fits,012637_1953_h.fits,DR4/scans/Bamberg-North/012637_1953_h.fits,FROZEN_REPOSITORY_RELATIVE_FILENAME_SCAN,https://www.plate-archive.org/objects/dr.4/plates/208_89544/,True,False,True,https://www.plate-archive.org/files/DR4/scans/Bamberg-North/012637_1953_h.fits,DIRECT_FROM_FROZEN_DR4_SCAN_FILENAME_PLUS_RANGE_PROBE,True,206,bytes 0-2879/174444480,2880,174444480,True,,RESOLVED,work/pair17_pixel_followup_v079/scans/114080/012637_1953_h.fits,174444480,e0fcd22380b5711de5c6cddf8cbfd0b78275529e42aa4a1f180797c4a34d785b,COMPLETE,1
114131,DR4/scans/Bamberg-North/012688_1953_h.fits,89595,208,174888000,SFRMUCPMSCPMSCPM,292800;293327;293328;293349;293628;293672;293710;293903;293964;293985;294052;294130;294179,SENSITIVITY_NEGATIVE_BAMBERG_AFTER,13,DR4/scans/Bamberg-North/012688_1953_h.fits,012688_1953_h.fits,DR4/scans/Bamberg-North/012688_1953_h.fits,FROZEN_REPOSITORY_RELATIVE_FILENAME_SCAN,https://www.plate-archive.org/objects/dr.4/plates/208_89595/,True,False,True,https://www.plate-archive.org/files/DR4/scans/Bamberg-North/012688_1953_h.fits,DIRECT_FROM_FROZEN_DR4_SCAN_FILENAME_PLUS_RANGE_PROBE,True,206,bytes 0-2879/174888000,2880,174888000,True,,RESOLVED,work/pair17_pixel_followup_v079/scans/114131/012688_1953_h.fits,174888000,47bf193e23f232242f21236d81e90c398ee40cdf4477e50495914fa0f0311063,COMPLETE,1
114694,DR4/scans/Bamberg-North/013251_1958_h.fits,90160,208,174444480,1eHe4cHc1cHc1cHc,293118;293343;293470;293565;293614;293841;293892;293995;294096;294166,SENSITIVITY_NEGATIVE_BAMBERG_AFTER,10,DR4/scans/Bamberg-North/013251_1958_h.fits,013251_1958_h.fits,DR4/scans/Bamberg-North/013251_1958_h.fits,FROZEN_REPOSITORY_RELATIVE_FILENAME_SCAN,https://www.plate-archive.org/objects/dr.4/plates/208_90160/,True,False,True,https://www.plate-archive.org/files/DR4/scans/Bamberg-North/013251_1958_h.fits,DIRECT_FROM_FROZEN_DR4_SCAN_FILENAME_PLUS_RANGE_PROBE,True,206,bytes 0-2879/174444480,2880,174444480,True,,RESOLVED,work/pair17_pixel_followup_v079/scans/114694/013251_1958_h.fits,174444480,6b660437f1a91ec581af4863380b5501f36780246b36d408d2d0bb0abb55abda,COMPLETE,1
116503,DR4/scans/Bamberg-North/015063_1959_h.fits,91972,208,174888000,9AabD9VZ9AZaC9ZY,293118,CONTEXTUAL_3_TO_15_ARCSEC_CONTROL,1,DR4/scans/Bamberg-North/015063_1959_h.fits,015063_1959_h.fits,DR4/scans/Bamberg-North/015063_1959_h.fits,FROZEN_REPOSITORY_RELATIVE_FILENAME_SCAN,https://www.plate-archive.org/objects/dr.4/plates/208_91972/,True,False,True,https://www.plate-archive.org/files/DR4/scans/Bamberg-North/015063_1959_h.fits,DIRECT_FROM_FROZEN_DR4_SCAN_FILENAME_PLUS_RANGE_PROBE,True,206,bytes 0-2879/174888000,2880,174888000,True,,RESOLVED,work/pair17_pixel_followup_v079/scans/116503/015063_1959_h.fits,174888000,9989712eeecd24d1af26067333f06478e61bd1adff1240d506f0a13275bad026,COMPLETE,1
