canonical_order,pair_set,legacy_rank,pair_key,exposure_a,archive_a,site_a,start_a_utc,end_a_utc,duration_a_s,ra_a_deg,dec_a_deg,fov_a_deg,exposure_b,archive_b,site_b,start_b_utc,end_b_utc,duration_b_s,ra_b_deg,dec_b_deg,fov_b_deg,midpoint_delta_minutes,actual_exposure_overlap_s,actual_exposure_overlap_minutes,overlap_fraction_a,overlap_fraction_b,center_separation_deg,approx_overlap_fraction_smaller,true_wcs_overlap_fraction,true_wcs_intersection,saved_status,saved_notes,id_integrity,pre_freeze_touched,pre_freeze_reason,publication_cohort,production_action
1,POSS47,1.0,DASCH:ivo://org.gavo.dc/~?dasch/q/ai43437 | POSS-I:413:E:rec297,DASCH:ivo://org.gavo.dc/~?dasch/q/ai43437,Harvard DASCH,DASCH unresolved,1951-11-05T07:00:59.999999981+00:00,1951-11-05T07:58:59.999999981+00:00,3480.0,56.99458284834484,21.91621452439747,91.653214213621,POSS-I:413:E:rec297,POSS-I Palomar,Palomar Observatory,1951-11-05T07:00:00+00:00,1951-11-05T08:00:00+00:00,3600.0,28.07125,30.72,6.5,0.0,3480.0,58.0,1.0,0.9666666666666668,27.28484845368943,1.0,1.0,True,,,unique_recno_resolved,False,,prospective_production,process_under_protocol_v1
2,POSS47,21.0,DASCH:ivo://org.gavo.dc/~?dasch/q/ai44244 | POSS-I:985:E:rec726,DASCH:ivo://org.gavo.dc/~?dasch/q/ai44244,Harvard DASCH,DASCH unresolved,1954-02-25T06:05:29.999999192+00:00,1954-02-25T07:02:29.999999192+00:00,3420.0,117.98923952178436,19.750863866158408,91.5403326894497,POSS-I:985:E:rec726,POSS-I Palomar,Palomar Observatory,1954-02-25T06:14:00+00:00,1954-02-25T06:54:00+00:00,2400.0,127.71291666666666,-12.4875,6.5,0.0,2400.0,40.0,0.7017543859649122,1.0,33.62962961545721,1.0,1.0,True,,,unique_recno_resolved,False,,prospective_production,process_under_protocol_v1
3,POSS47,47.0,DASCH:ivo://org.gavo.dc/~?dasch/q/fa12840 | POSS-I:533:O:rec187,DASCH:ivo://org.gavo.dc/~?dasch/q/fa12840,Harvard DASCH,DASCH unresolved,1952-07-20T09:06:59.999998858+00:00,1952-07-20T10:00:59.999998858+00:00,3240.0,327.02633374851945,1.9243266945242503,90.64300740662544,POSS-I:533:O:rec187,POSS-I Palomar,Palomar Observatory,1952-07-20T09:29:00+00:00,1952-07-20T09:39:00+00:00,600.0,315.72041666666667,48.57305555555556,6.5,1.6666666666666667e-08,600.0,10.0,0.1851851851851851,1.0,47.65163781739508,0.0839564094791725,0.2479,True,,,unique_recno_resolved,False,,prospective_production,process_under_protocol_v1
4,POSS47,23.0,DASCH:ivo://org.gavo.dc/~?dasch/q/ai44304 | POSS-I:1023:O:rec675,DASCH:ivo://org.gavo.dc/~?dasch/q/ai44304,Harvard DASCH,DASCH unresolved,1954-04-02T07:02:59.999989061+00:00,1954-04-02T08:02:59.999989061+00:00,3600.0,159.57471173635415,20.49822649994841,91.64297143871708,POSS-I:1023:O:rec675,POSS-I Palomar,Palomar Observatory,1954-04-02T07:27:00+00:00,1954-04-02T07:39:00+00:00,720.0,181.8583333333333,-6.807222222222222,6.5,1.666666666666667e-07,720.0,12.0,0.2,1.0,35.00384797186645,1.0,1.0,True,,,unique_recno_resolved,True,exploratory complete 9/9 previously,development_revalidation,rerun_or_complete_under_protocol_v1
5,POSS47,2.0,DASCH:ivo://org.gavo.dc/~?dasch/q/ai43330 | POSS-I:368:E:rec192,DASCH:ivo://org.gavo.dc/~?dasch/q/ai43330,Harvard DASCH,DASCH unresolved,1951-09-10T08:01:59.999982994+00:00,1951-09-10T08:59:59.999982994+00:00,3480.0,16.25445115024166,19.60009884057209,91.49685600020432,POSS-I:368:E:rec192,POSS-I Palomar,Palomar Observatory,1951-09-10T08:01:00+00:00,1951-09-10T09:01:00+00:00,3600.0,358.81166666666667,48.80694444444444,6.5,2.833333333333334e-07,3480.0,58.0,1.0,0.9666666666666668,32.39934211951269,1.0,1.0,True,,,unique_recno_resolved,False,,prospective_production,process_under_protocol_v1
6,nonPOSS27,,DASCH:ivo://org.gavo.dc/~?dasch/q/fa13400 | APPLAUSE:115011,DASCH:ivo://org.gavo.dc/~?dasch/q/fa13400,Harvard DASCH,DASCH historical observing site unresolved,1954-02-05T00:41:44.799987563+00:00,1954-02-05T01:40:44.799987563+00:00,3540.0,135.1667178348662,27.459190623548185,90.14890728456564,APPLAUSE:115011,Schmidtsches Spiegelteleskop (Hamburg),Hamburger Sternwarte,1954-02-05T01:08:26+00:00,1954-02-05T01:14:26+00:00,360.0,153.6471,27.4198,5.0,0.1866668666666666,360.0,6.0,0.1016949152542373,1.0,16.386130614609435,,,,negative_nine_tile_sample,Nine fixed Harvard tiles: 23 official DASCH detections; all reference-catalogued; zero unmatched Harvard sources.,not_applicable,True,pre-existing queue status=negative_nine_tile_sample,development_revalidation,rerun_or_complete_under_protocol_v1
7,nonPOSS27,,APPLAUSE:13623 | DASCH:ivo://org.gavo.dc/~?dasch/q/bi05607,APPLAUSE:13623,Lippert-Astrograph (Hamburg),Hamburger Sternwarte,1952-08-14T20:51:12+00:00,1952-08-14T21:31:12+00:00,2400.0,294.8094,30.1276,5.0,DASCH:ivo://org.gavo.dc/~?dasch/q/bi05607,Harvard DASCH,DASCH historical observing site unresolved,1952-08-14T20:41:28.299988003+00:00,1952-08-14T21:41:28.299988003+00:00,3600.0,315.1832354817297,1.5214029531415458,90.39655841911927,0.2716664666666666,2400.0,40.0,1.0,0.6666666666666666,34.5286924406838,,,,parked_pixel_followup,True WCS overlap; no DR7 platephot at field centre.,not_applicable,True,"pre-existing queue status=parked_pixel_followup | APPLAUSE 13623 ↔ DASCH bi05607 fully provenance-revalidated 2026-08-20; 311 Harvard tests, zero <=3 arcsec",development_revalidation,already_provenance_revalidated_pre_freeze; backfill_raw_catalogue_evidence_if_needed
8,POSS47,4.0,POSS-I:320:E:rec463 | DASCH:ivo://org.gavo.dc/~?dasch/q/ka02524,POSS-I:320:E:rec463,POSS-I Palomar,Palomar Observatory,1951-08-13T09:08:00+00:00,1951-08-13T09:58:00+00:00,3000.0,349.8070833333333,18.7925,6.5,DASCH:ivo://org.gavo.dc/~?dasch/q/ka02524,Harvard DASCH,DASCH unresolved,1951-08-13T09:03:00.000000584+00:00,1951-08-13T10:04:00.000000584+00:00,3660.0,349.99178290933213,35.73348701291052,81.51590046552528,0.5,3000.0,50.0,1.0,0.819672131147541,16.9417721149699,1.0,1.0,True,,,unique_recno_resolved,False,,prospective_production,process_under_protocol_v1
9,POSS47,41.0,DASCH:ivo://org.gavo.dc/~?dasch/q/ka02474 | POSS-I:305:E:rec637,DASCH:ivo://org.gavo.dc/~?dasch/q/ka02474,Harvard DASCH,DASCH unresolved,1951-08-06T08:00:59.999998515+00:00,1951-08-06T08:29:59.999998515+00:00,1740.0,327.8073380183154,35.959453681479324,81.06425817681617,POSS-I:305:E:rec637,POSS-I Palomar,Palomar Observatory,1951-08-06T07:51:00+00:00,1951-08-06T08:41:00+00:00,3000.0,313.8558333333333,0.5533333333333333,6.5,0.5000000166666667,1740.0,29.0,1.0,0.58,37.70324712623969,0.9714837549923588,1.0,True,,,unique_recno_resolved,True,exploratory partial,development_revalidation,rerun_or_complete_under_protocol_v1
10,nonPOSS27,,APPLAUSE:12414 | APPLAUSE:139005,APPLAUSE:12414,Lippert-Astrograph (Hamburg),Hamburger Sternwarte,1951-09-01T21:23:08+00:00,1951-09-01T21:23:38+00:00,30.0,301.647,35.5585,5.0,APPLAUSE:139005,Zeiss Double Astrograph,Vatican Observatory,1951-09-01T21:04:00+00:00,1951-09-01T21:44:00+00:00,2400.0,303.6933,36.8,5.0,0.6166666666666667,30.0,0.5,1.0,0.0125,2.066185774218204,,,,parked_manual_astrometric_solve,High-overlap independent pair; Vatican plate 95875 has no DR4 source_calib; FITS exists but no published WCS.,not_applicable,True,pre-existing queue status=parked_manual_astrometric_solve,development_revalidation,rerun_or_complete_under_protocol_v1
11,POSS47,15.0,POSS-I:779:E:rec404 | DASCH:ivo://org.gavo.dc/~?dasch/q/fa13177,POSS-I:779:E:rec404,POSS-I Palomar,Palomar Observatory,1953-08-11T10:11:00+00:00,1953-08-11T10:56:00+00:00,2700.0,359.34666666666664,24.807222222222222,6.5,DASCH:ivo://org.gavo.dc/~?dasch/q/fa13177,Harvard DASCH,DASCH unresolved,1953-08-11T10:04:59.999983792+00:00,1953-08-11T11:03:59.999983792+00:00,3540.0,3.3834026138671334,0.9176081178112014,89.84866992551851,0.9999997166666666,2700.0,45.0,1.0,0.7627118644067796,24.206205660996822,1.0,1.0,True,,,unique_recno_resolved,True,exploratory partial; identity/WCS correction work,development_revalidation,rerun_or_complete_under_protocol_v1
12,POSS47,33.0,POSS-I:372:O:rec455 | DASCH:ivo://org.gavo.dc/~?dasch/q/ai43336,POSS-I:372:O:rec455,POSS-I Palomar,Palomar Observatory,1951-09-21T04:25:00+00:00,1951-09-21T04:35:00+00:00,600.0,301.62875,18.414166666666667,6.5,DASCH:ivo://org.gavo.dc/~?dasch/q/ai43336,Harvard DASCH,DASCH unresolved,1951-09-21T04:01:59.999996409+00:00,1951-09-21T04:59:59.999996409+00:00,3480.0,328.4132975899006,19.759895629458995,91.5253759370241,0.9999999333333334,600.0,10.0,1.0,0.1724137931034483,25.32187284099428,1.0,1.0,True,,,unique_recno_resolved,False,,prospective_production,process_under_protocol_v1
13,POSS47,34.0,POSS-I:313:O:rec523 | DASCH:ivo://org.gavo.dc/~?dasch/q/ai43246,POSS-I:313:O:rec523,POSS-I Palomar,Palomar Observatory,1951-08-08T08:26:00+00:00,1951-08-08T08:36:00+00:00,600.0,349.82916666666665,12.786944444444444,6.5,DASCH:ivo://org.gavo.dc/~?dasch/q/ai43246,Harvard DASCH,DASCH unresolved,1951-08-08T08:03:00.000019658+00:00,1951-08-08T09:01:00.000019658+00:00,3480.0,344.4909348859268,20.952230866575867,91.11318374242876,1.0000003166666669,600.0,10.0,1.0,0.1724137931034483,9.628647113087204,1.0,1.0,True,,,unique_recno_resolved,False,,prospective_production,process_under_protocol_v1
14,nonPOSS27,,APPLAUSE:13387 | DASCH:ivo://org.gavo.dc/~?dasch/q/bi05485,APPLAUSE:13387,Lippert-Astrograph (Hamburg),Hamburger Sternwarte,1951-10-24T18:19:40+00:00,1951-10-24T18:20:10+00:00,30.0,301.6456,35.558,5.0,DASCH:ivo://org.gavo.dc/~?dasch/q/bi05485,Harvard DASCH,DASCH historical observing site unresolved,1951-10-24T17:21:00.499982745+00:00,1951-10-24T19:21:00.499982745+00:00,7200.0,315.61487644013187,0.1921476337237595,83.8295615201287,1.0916663666666666,30.0,0.5,1.0,0.0041666666666666,37.68222444613895,,,,rejected_spatial_false_positive,Live Harvard cutout: field centre plus 4 cardinal and 4 diagonal interior-edge probes all HTTP422; no solved-WCS overlap sampled.,not_applicable,True,pre-existing queue status=rejected_spatial_false_positive,development_revalidation,rerun_or_complete_under_protocol_v1
15,nonPOSS27,,APPLAUSE:139012 | APPLAUSE:12569,APPLAUSE:139012,Zeiss Double Astrograph,Vatican Observatory,1951-09-19T19:59:00+00:00,1951-09-19T20:14:00+00:00,900.0,298.9171,39.3307,5.0,APPLAUSE:12569,Lippert-Astrograph (Hamburg),Hamburger Sternwarte,1951-09-19T20:07:22+00:00,1951-09-19T20:07:52+00:00,30.0,301.6465,35.5583,5.0,1.1166666666666667,30.0,0.5,0.0333333333333333,1.0,4.349922337287497,,,,negative_calibrated_catalogue,"At 10 arcsec due coarse Vatican astrometry, matches collapse to two Gaia stars; no non-Gaia match.",not_applicable,True,pre-existing queue status=negative_calibrated_catalogue,development_revalidation,rerun_or_complete_under_protocol_v1
16,nonPOSS27,,DASCH:ivo://org.gavo.dc/~?dasch/q/fa13405 | APPLAUSE:115048,DASCH:ivo://org.gavo.dc/~?dasch/q/fa13405,Harvard DASCH,DASCH historical observing site unresolved,1954-02-06T00:37:48.899999743+00:00,1954-02-06T01:36:48.899999743+00:00,3540.0,138.90726192713296,27.394828651698543,87.67704901000685,APPLAUSE:115048,Schmidtsches Spiegelteleskop (Hamburg),Hamburger Sternwarte,1954-02-06T01:07:30+00:00,1954-02-06T01:09:30+00:00,120.0,135.6814,27.2329,5.0,1.1849999999999998,120.0,2.0,0.0338983050847457,1.0,2.8706875956810087,,,,negative_nine_tile_sample,Nine fixed Harvard tiles: 45 official DASCH detections; all reference-catalogued; zero unmatched. Same Harvard field as 115047.,not_applicable,True,pre-existing queue status=negative_nine_tile_sample,development_revalidation,rerun_or_complete_under_protocol_v1
17,POSS47,35.0,POSS-I:449:O:rec198 | DASCH:ivo://org.gavo.dc/~?dasch/q/fa15108,POSS-I:449:O:rec198,POSS-I Palomar,Palomar Observatory,1951-12-22T03:55:00+00:00,1951-12-22T04:05:00+00:00,600.0,39.82375,42.62861111111111,6.5,DASCH:ivo://org.gavo.dc/~?dasch/q/fa15108,Harvard DASCH,DASCH unresolved,1951-12-22T03:32:59.999981305+00:00,1951-12-22T04:29:59.999981305+00:00,3420.0,36.868575239552136,33.90034504006082,90.5736769626732,1.4999996833333331,600.0,10.0,1.0,0.175438596491228,9.029729486409105,1.0,1.0,True,,,unique_recno_resolved,False,,prospective_production,process_under_protocol_v1
18,POSS47,24.0,POSS-I:872:O:rec148 | DASCH:ivo://org.gavo.dc/~?dasch/q/fa13267,POSS-I:872:O:rec148,POSS-I Palomar,Palomar Observatory,1953-10-29T04:27:00+00:00,1953-10-29T04:39:00+00:00,720.0,343.5195833333333,54.77055555555555,6.5,DASCH:ivo://org.gavo.dc/~?dasch/q/fa13267,Harvard DASCH,DASCH unresolved,1953-10-29T04:04:59.999983792+00:00,1953-10-29T05:03:59.999983792+00:00,3540.0,351.44363592146755,32.884932527491536,90.22633835185115,1.4999997166666668,720.0,12.0,1.0,0.2033898305084746,22.585949586441306,1.0,1.0,True,,,unique_recno_resolved,False,,prospective_production,process_under_protocol_v1
19,POSS47,36.0,DASCH:ivo://org.gavo.dc/~?dasch/q/ka02650 | POSS-I:415:O:rec479,DASCH:ivo://org.gavo.dc/~?dasch/q/ka02650,Harvard DASCH,DASCH unresolved,1951-11-05T09:00:00.000015085+00:00,1951-11-05T09:59:00.000015085+00:00,3540.0,73.2049660876676,35.704631511762955,81.44691522558925,POSS-I:415:O:rec479,POSS-I Palomar,Palomar Observatory,1951-11-05T09:26:00+00:00,1951-11-05T09:36:00+00:00,600.0,86.03333333333335,12.066111111111113,6.5,1.4999997333333333,600.0,10.0,0.1694915254237288,1.0,26.32766824115184,1.0,1.0,True,,,unique_recno_resolved,False,,prospective_production,process_under_protocol_v1
20,POSS47,37.0,DASCH:ivo://org.gavo.dc/~?dasch/q/ai43439 | POSS-I:415:O:rec479,DASCH:ivo://org.gavo.dc/~?dasch/q/ai43439,Harvard DASCH,DASCH unresolved,1951-11-05T09:00:00.000015085+00:00,1951-11-05T09:59:00.000015085+00:00,3540.0,87.13449994796758,19.66539037379509,91.09555336369024,POSS-I:415:O:rec479,POSS-I Palomar,Palomar Observatory,1951-11-05T09:26:00+00:00,1951-11-05T09:36:00+00:00,600.0,86.03333333333335,12.066111111111113,6.5,1.4999997333333333,600.0,10.0,0.1694915254237288,1.0,7.6726097402242655,1.0,1.0,True,,,unique_recno_resolved,False,,prospective_production,process_under_protocol_v1
21,POSS47,25.0,DASCH:ivo://org.gavo.dc/~?dasch/q/ai44306 | POSS-I:1023:O:rec799,DASCH:ivo://org.gavo.dc/~?dasch/q/ai44306,Harvard DASCH,DASCH unresolved,1954-04-02T09:03:00.000004360+00:00,1954-04-02T10:02:00.000004360+00:00,3540.0,190.7498314054962,19.245989624898293,89.97230392710031,POSS-I:1023:O:rec799,POSS-I Palomar,Palomar Observatory,1954-04-02T09:28:00+00:00,1954-04-02T09:40:00+00:00,720.0,205.97708333333333,-18.72861111111111,6.5,1.4999999166666669,720.0,12.0,0.2033898305084746,1.0,40.80899208643984,1.0,1.0,True,,,unique_recno_resolved,True,exploratory result invalidated; clean rec799 rerun required,development_revalidation,rerun_or_complete_under_protocol_v1
22,POSS47,26.0,DASCH:ivo://org.gavo.dc/~?dasch/q/kh00163 | POSS-I:297:O:rec635,DASCH:ivo://org.gavo.dc/~?dasch/q/kh00163,Harvard DASCH,DASCH unresolved,1951-07-31T07:00:59.999998098+00:00,1951-07-31T07:59:59.999998098+00:00,3540.0,318.92183746303897,-8.22743775849268,80.56614408599904,POSS-I:297:O:rec635,POSS-I Palomar,Palomar Observatory,1951-07-31T07:26:00+00:00,1951-07-31T07:38:00+00:00,720.0,301.8558333333333,0.42,6.5,1.5000000166666667,720.0,12.0,0.2033898305084746,1.0,19.08160621491753,1.0,1.0,True,,,unique_recno_resolved,False,,prospective_production,process_under_protocol_v1
23,POSS47,46.0,DASCH:ivo://org.gavo.dc/~?dasch/q/ai43235 | POSS-I:297:O:rec635,DASCH:ivo://org.gavo.dc/~?dasch/q/ai43235,Harvard DASCH,DASCH unresolved,1951-07-31T07:00:59.999998098+00:00,1951-07-31T07:59:59.999998098+00:00,3540.0,324.7411304837886,39.22089161884868,83.78054776256153,POSS-I:297:O:rec635,POSS-I Palomar,Palomar Observatory,1951-07-31T07:26:00+00:00,1951-07-31T07:38:00+00:00,720.0,301.8558333333333,0.42,6.5,1.5000000166666667,720.0,12.0,0.2033898305084746,1.0,44.081709339580094,0.1027606717088074,0.7934,True,,,unique_recno_resolved,True,exploratory partial,development_revalidation,rerun_or_complete_under_protocol_v1
24,POSS47,27.0,DASCH:ivo://org.gavo.dc/~?dasch/q/ai44088 | POSS-I:872:O:rec148,DASCH:ivo://org.gavo.dc/~?dasch/q/ai44088,Harvard DASCH,DASCH unresolved,1953-10-29T04:02:59.999994720+00:00,1953-10-29T04:59:59.999994720+00:00,3420.0,358.7816980847031,24.03324103313265,91.59320470304624,POSS-I:872:O:rec148,POSS-I Palomar,Palomar Observatory,1953-10-29T04:27:00+00:00,1953-10-29T04:39:00+00:00,720.0,343.5195833333333,54.77055555555555,6.5,1.5000000833333331,720.0,12.0,0.2105263157894736,1.0,32.76062533354958,1.0,1.0,True,,,unique_recno_resolved,False,,prospective_production,process_under_protocol_v1
25,nonPOSS27,,APPLAUSE:12422 | APPLAUSE:139006,APPLAUSE:12422,Lippert-Astrograph (Hamburg),Hamburger Sternwarte,1951-09-01T22:03:01+00:00,1951-09-01T22:03:31+00:00,30.0,301.647,35.5585,5.0,APPLAUSE:139006,Zeiss Double Astrograph,Vatican Observatory,1951-09-01T21:49:00+00:00,1951-09-01T22:21:00+00:00,1920.0,303.6933,36.8,5.0,1.7333333333333334,30.0,0.5,1.0,0.015625,2.066185774218204,,,,parked_manual_astrometric_solve,1 Sep 1951 Hamburg/Vatican family: Hamburg plate has DR4 source_calib; corresponding Vatican plate 95874/95875/95876 has none. Manual astrometric solve/pixel comparison required.,not_applicable,True,pre-existing queue status=parked_manual_astrometric_solve,development_revalidation,rerun_or_complete_under_protocol_v1
26,nonPOSS27,,APPLAUSE:12563 | APPLAUSE:139010,APPLAUSE:12563,Lippert-Astrograph (Hamburg),Hamburger Sternwarte,1951-09-19T19:22:29+00:00,1951-09-19T19:22:59+00:00,30.0,301.6465,35.5583,5.0,APPLAUSE:139010,Zeiss Double Astrograph,Vatican Observatory,1951-09-19T19:17:00+00:00,1951-09-19T19:32:00+00:00,900.0,298.9171,39.3307,5.0,1.7666666666666666,30.0,0.5,1.0,0.0333333333333333,4.349922337287497,,,,negative_calibrated_catalogue,Six <=3 arcsec matches collapse to one Gaia star repeated by Hamburg multi-exposure plate; no non-Gaia match.,not_applicable,True,pre-existing queue status=negative_calibrated_catalogue,development_revalidation,rerun_or_complete_under_protocol_v1
27,POSS47,40.0,DASCH:ivo://org.gavo.dc/~?dasch/q/ai44291 | POSS-I:1009:O:rec785,DASCH:ivo://org.gavo.dc/~?dasch/q/ai44291,Harvard DASCH,DASCH unresolved,1954-03-27T04:00:00.000006076+00:00,1954-03-27T04:34:00.000006076+00:00,2040.0,102.75650601851956,20.074121186871213,91.56679591147524,POSS-I:1009:O:rec785,POSS-I Palomar,Palomar Observatory,1954-03-27T04:13:00+00:00,1954-03-27T04:25:00+00:00,720.0,121.62833333333332,-18.416944444444447,6.5,1.9999998833333328,720.0,12.0,0.3529411764705882,1.0,42.70956522433958,0.992215405574893,1.0,True,,,unique_recno_resolved,True,exploratory partial,development_revalidation,rerun_or_complete_under_protocol_v1
28,POSS47,16.0,POSS-I:782:E:rec514 | DASCH:ivo://org.gavo.dc/~?dasch/q/fa13182,POSS-I:782:E:rec514,POSS-I Palomar,Palomar Observatory,1953-08-13T06:10:00+00:00,1953-08-13T06:55:00+00:00,2700.0,295.6983333333333,12.34027777777778,6.5,DASCH:ivo://org.gavo.dc/~?dasch/q/fa13182,Harvard DASCH,DASCH unresolved,1953-08-13T06:04:59.999997207+00:00,1953-08-13T07:03:59.999997207+00:00,3540.0,306.20320856448984,0.6186811002936122,90.24375322550516,1.99999995,2700.0,45.0,1.0,0.7627118644067796,15.6825957105648,1.0,1.0,True,,,unique_recno_resolved,False,,prospective_production,process_under_protocol_v1
29,POSS47,17.0,POSS-I:876:E:rec239 | DASCH:ivo://org.gavo.dc/~?dasch/q/fa13273,POSS-I:876:E:rec239,POSS-I Palomar,Palomar Observatory,1953-10-31T04:40:00+00:00,1953-10-31T05:25:00+00:00,2700.0,346.6804166666667,42.78444444444444,6.5,DASCH:ivo://org.gavo.dc/~?dasch/q/fa13273,Harvard DASCH,DASCH unresolved,1953-10-31T04:34:59.999997207+00:00,1953-10-31T05:33:59.999997207+00:00,3540.0,1.2580457758326131,33.62761288676103,90.50441874448256,1.99999995,2700.0,45.0,1.0,0.7627118644067796,14.628489303864802,1.0,1.0,True,,,unique_recno_resolved,False,,prospective_production,process_under_protocol_v1
30,nonPOSS27,,APPLAUSE:139011 | APPLAUSE:12566,APPLAUSE:139011,Zeiss Double Astrograph,Vatican Observatory,1951-09-19T19:38:00+00:00,1951-09-19T19:53:00+00:00,900.0,298.9171,39.3307,5.0,APPLAUSE:12566,Lippert-Astrograph (Hamburg),Hamburger Sternwarte,1951-09-19T19:47:25+00:00,1951-09-19T19:47:55+00:00,30.0,301.6465,35.5583,5.0,2.1666666666666665,30.0,0.5,0.0333333333333333,1.0,4.349922337287497,,,,negative_calibrated_catalogue,Six <=3 arcsec matches collapse to one Gaia star; no non-Gaia match.,not_applicable,True,pre-existing queue status=negative_calibrated_catalogue,development_revalidation,rerun_or_complete_under_protocol_v1
31,nonPOSS27,,DASCH:ivo://org.gavo.dc/~?dasch/q/fa13406 | APPLAUSE:115054,DASCH:ivo://org.gavo.dc/~?dasch/q/fa13406,Harvard DASCH,DASCH historical observing site unresolved,1954-02-06T01:37:39.099999256+00:00,1954-02-06T02:36:39.099999256+00:00,3540.0,152.78373209477766,27.888070965156697,90.31024427576942,APPLAUSE:115054,Schmidtsches Spiegelteleskop (Hamburg),Hamburger Sternwarte,1954-02-06T02:06:20+00:00,1954-02-06T02:12:20+00:00,360.0,148.9065,27.2467,5.0,2.181666666666666,360.0,6.0,0.1016949152542373,1.0,3.496198386726681,,,,negative_catalogue_pixel_pending,Nine fixed Harvard tiles: zero official DASCH detections; Harvard pixel confirmation pending.,not_applicable,True,pre-existing queue status=negative_catalogue_pixel_pending,development_revalidation,rerun_or_complete_under_protocol_v1
32,nonPOSS27,,DASCH:ivo://org.gavo.dc/~?dasch/q/b75958 | APPLAUSE:13390,DASCH:ivo://org.gavo.dc/~?dasch/q/b75958,Harvard DASCH,DASCH historical observing site unresolved,1951-10-24T18:09:58.600012066+00:00,1951-10-24T18:54:58.600012066+00:00,2700.0,301.1041455850393,25.83879487496264,15.387192,APPLAUSE:13390,Lippert-Astrograph (Hamburg),Hamburger Sternwarte,1951-10-24T18:34:37+00:00,1951-10-24T18:34:57+00:00,20.0,301.6456,35.558,5.0,2.3066664500000003,20.0,0.3333333333333333,0.0074074074074074,1.0,9.730294969471826,,,,rejected_spatial_false_positive,Solved Harvard WCS does not intersect Hamburg field.,not_applicable,True,pre-existing queue status=rejected_spatial_false_positive,development_revalidation,rerun_or_complete_under_protocol_v1
33,nonPOSS27,,DASCH:ivo://org.gavo.dc/~?dasch/q/b76371 | APPLAUSE:132097,DASCH:ivo://org.gavo.dc/~?dasch/q/b76371,Harvard DASCH,DASCH historical observing site unresolved,1952-09-16T19:16:37.200009224+00:00,1952-09-16T20:01:37.200009224+00:00,2700.0,281.7434268035974,-7.67867356301146,15.294721,APPLAUSE:132097,"Astrograph, Bamberg Northern Sky Patrol","Dr. Karl Remeis-Sternwarte, Bamberg",1952-09-16T19:13:00+00:00,1952-09-16T20:10:00+00:00,3420.0,285.5965,0.0702,5.0,2.3799998333333336,2700.0,45.0,1.0,0.7894736842105263,8.648872737864687,,,,parked_pixel_followup,True WCS thin-strip overlap; AP calibrated edge sparse; no corroboration of one AP unmatched-looking source.,not_applicable,True,pre-existing queue status=parked_pixel_followup,development_revalidation,rerun_or_complete_under_protocol_v1
34,nonPOSS27,,APPLAUSE:12404 | APPLAUSE:139004,APPLAUSE:12404,Lippert-Astrograph (Hamburg),Hamburger Sternwarte,1951-09-01T20:33:16+00:00,1951-09-01T20:33:46+00:00,30.0,301.647,35.5585,5.0,APPLAUSE:139004,Zeiss Double Astrograph,Vatican Observatory,1951-09-01T20:18:00+00:00,1951-09-01T20:54:00+00:00,2160.0,298.9175,39.3308,5.0,2.4833333333333334,30.0,0.5,1.0,0.0138888888888888,4.349872984569095,,,,parked_manual_astrometric_solve,1 Sep 1951 Hamburg/Vatican family: Hamburg plate has DR4 source_calib; corresponding Vatican plate 95874/95875/95876 has none. Manual astrometric solve/pixel comparison required.,not_applicable,True,pre-existing queue status=parked_manual_astrometric_solve,development_revalidation,rerun_or_complete_under_protocol_v1
35,POSS47,28.0,POSS-I:989:O:rec258 | DASCH:ivo://org.gavo.dc/~?dasch/q/ai44247,POSS-I:989:O:rec258,POSS-I Palomar,Palomar Observatory,1954-02-26T05:56:00+00:00,1954-02-26T06:08:00+00:00,720.0,121.36208333333336,35.59388888888889,6.5,DASCH:ivo://org.gavo.dc/~?dasch/q/ai44247,Harvard DASCH,DASCH unresolved,1954-02-26T05:34:59.999983792+00:00,1954-02-26T06:33:59.999983792+00:00,3540.0,104.2639607749366,19.82181706456012,90.63511977383725,2.4999997166666663,720.0,12.0,1.0,0.2033898305084746,21.79159142261588,1.0,1.0,True,,,unique_recno_resolved,False,,prospective_production,process_under_protocol_v1
36,POSS47,38.0,POSS-I:558:O:rec517 | DASCH:ivo://org.gavo.dc/~?dasch/q/ai43708,POSS-I:558:O:rec517,POSS-I Palomar,Palomar Observatory,1952-08-20T07:24:00+00:00,1952-08-20T07:34:00+00:00,600.0,313.7295833333333,12.552222222222223,6.5,DASCH:ivo://org.gavo.dc/~?dasch/q/ai43708,Harvard DASCH,DASCH unresolved,1952-08-20T07:02:59.999994720+00:00,1952-08-20T07:59:59.999994720+00:00,3420.0,336.6776827816166,-7.496542363580271,91.04898060804746,2.4999999,600.0,10.0,1.0,0.175438596491228,30.366261992868832,1.0,1.0,True,,,unique_recno_resolved,False,,prospective_production,process_under_protocol_v1
37,nonPOSS27,,APPLAUSE:139004 | APPLAUSE:12405,APPLAUSE:139004,Zeiss Double Astrograph,Vatican Observatory,1951-09-01T20:18:00+00:00,1951-09-01T20:54:00+00:00,2160.0,298.9175,39.3308,5.0,APPLAUSE:12405,Lippert-Astrograph (Hamburg),Hamburger Sternwarte,1951-09-01T20:38:15+00:00,1951-09-01T20:38:45+00:00,30.0,301.647,35.5585,5.0,2.5,30.0,0.5,0.0138888888888888,1.0,4.349872984569095,,,,parked_manual_astrometric_solve,1 Sep 1951 Hamburg/Vatican family: Hamburg plate has DR4 source_calib; corresponding Vatican plate 95874/95875/95876 has none. Manual astrometric solve/pixel comparison required.,not_applicable,True,pre-existing queue status=parked_manual_astrometric_solve,development_revalidation,rerun_or_complete_under_protocol_v1
38,POSS47,5.0,DASCH:ivo://org.gavo.dc/~?dasch/q/ai44467 | POSS-I:1102:E:rec140,DASCH:ivo://org.gavo.dc/~?dasch/q/ai44467,Harvard DASCH,DASCH unresolved,1954-06-29T07:02:59.999990945+00:00,1954-06-29T08:01:59.999990945+00:00,3540.0,248.8620262505512,21.406009686880218,91.57713751769856,POSS-I:1102:E:rec140,POSS-I Palomar,Palomar Observatory,1954-06-29T07:10:00+00:00,1954-06-29T08:00:00+00:00,3000.0,266.7420833333333,53.95472222222222,6.5,2.50000015,3000.0,50.0,0.847457627118644,1.0,35.266560590639585,1.0,1.0,True,,,unique_recno_resolved,False,,prospective_production,process_under_protocol_v1
39,POSS47,6.0,DASCH:ivo://org.gavo.dc/~?dasch/q/fa12528 | POSS-I:236:E:rec425,DASCH:ivo://org.gavo.dc/~?dasch/q/fa12528,Harvard DASCH,DASCH unresolved,1951-02-04T05:33:59.999981083+00:00,1951-02-04T06:58:59.999981083+00:00,5100.0,116.5731833567315,53.43788139363872,90.61968612690966,POSS-I:236:E:rec425,POSS-I Palomar,Palomar Observatory,1951-02-04T05:54:00+00:00,1951-02-04T06:44:00+00:00,3000.0,122.08666666666667,17.575555555555557,6.5,2.5000003000000004,3000.0,50.0,0.5882352941176471,1.0,36.11848379760766,1.0,1.0,True,,,unique_recno_resolved,False,,prospective_production,process_under_protocol_v1
40,nonPOSS27,,APPLAUSE:13389 | DASCH:ivo://org.gavo.dc/~?dasch/q/b75958,APPLAUSE:13389,Lippert-Astrograph (Hamburg),Hamburger Sternwarte,1951-10-24T18:29:38+00:00,1951-10-24T18:29:58+00:00,20.0,301.6456,35.558,5.0,DASCH:ivo://org.gavo.dc/~?dasch/q/b75958,Harvard DASCH,DASCH historical observing site unresolved,1951-10-24T18:09:58.600012066+00:00,1951-10-24T18:54:58.600012066+00:00,2700.0,301.1041455850393,25.83879487496264,15.387192,2.6766668666666664,20.0,0.3333333333333333,1.0,0.0074074074074074,9.730294969471826,,,,rejected_spatial_false_positive,Solved Harvard WCS does not intersect Hamburg field.,not_applicable,True,pre-existing queue status=rejected_spatial_false_positive,development_revalidation,rerun_or_complete_under_protocol_v1
41,nonPOSS27,,APPLAUSE:12565 | APPLAUSE:139011,APPLAUSE:12565,Lippert-Astrograph (Hamburg),Hamburger Sternwarte,1951-09-19T19:42:26+00:00,1951-09-19T19:42:56+00:00,30.0,301.6465,35.5583,5.0,APPLAUSE:139011,Zeiss Double Astrograph,Vatican Observatory,1951-09-19T19:38:00+00:00,1951-09-19T19:53:00+00:00,900.0,298.9171,39.3307,5.0,2.816666666666667,30.0,0.5,1.0,0.0333333333333333,4.349922337287497,,,,negative_calibrated_catalogue,Same physical Hamburg/Vatican plate-family comparison; no non-Gaia shared source.,not_applicable,True,pre-existing queue status=negative_calibrated_catalogue,development_revalidation,rerun_or_complete_under_protocol_v1
42,nonPOSS27,,DASCH:ivo://org.gavo.dc/~?dasch/q/bi05459 | APPLAUSE:12469,DASCH:ivo://org.gavo.dc/~?dasch/q/bi05459,Harvard DASCH,DASCH historical observing site unresolved,1951-09-06T19:05:57.899983439+00:00,1951-09-06T21:05:57.899983439+00:00,7200.0,331.64883967684443,2.1600680002439963,90.40144111293112,APPLAUSE:12469,Lippert-Astrograph (Hamburg),Hamburger Sternwarte,1951-09-06T20:08:37+00:00,1951-09-06T20:09:07+00:00,30.0,301.6468,35.5584,5.0,2.9016669333333334,30.0,0.5,0.0041666666666666,1.0,43.45328036921136,,,,negative_partial_overlap_catalogue_pixel_pending,Live Harvard cutout confirms partial east/south overlap; 3 points inside actual overlap returned zero official DASCH detections; pixel confirmation pending.,not_applicable,True,pre-existing queue status=negative_partial_overlap_catalogue_pixel_pending,development_revalidation,rerun_or_complete_under_protocol_v1
43,nonPOSS27,,APPLAUSE:132099 | DASCH:ivo://org.gavo.dc/~?dasch/q/bi05640,APPLAUSE:132099,"Astrograph, Bamberg Northern Sky Patrol","Dr. Karl Remeis-Sternwarte, Bamberg",1952-09-16T20:17:00+00:00,1952-09-16T21:14:00+00:00,3420.0,315.565,10.1873,5.0,DASCH:ivo://org.gavo.dc/~?dasch/q/bi05640,Harvard DASCH,DASCH historical observing site unresolved,1952-09-16T19:48:25.799983652+00:00,1952-09-16T21:48:25.799983652+00:00,7200.0,0.828486832813951,1.6182960916286755,90.30358801185592,2.9299997166666665,3420.0,57.0,1.0,0.475,45.77564198556228,,,,rejected_spatial_false_positive,Solved Harvard WCS does not intersect Bamberg field.,not_applicable,True,pre-existing queue status=rejected_spatial_false_positive,development_revalidation,rerun_or_complete_under_protocol_v1
44,nonPOSS27,,APPLAUSE:132098 | DASCH:ivo://org.gavo.dc/~?dasch/q/bi05640,APPLAUSE:132098,"Astrograph, Bamberg Northern Sky Patrol","Dr. Karl Remeis-Sternwarte, Bamberg",1952-09-16T20:17:00+00:00,1952-09-16T21:14:00+00:00,3420.0,323.0979,0.2091,5.0,DASCH:ivo://org.gavo.dc/~?dasch/q/bi05640,Harvard DASCH,DASCH historical observing site unresolved,1952-09-16T19:48:25.799983652+00:00,1952-09-16T21:48:25.799983652+00:00,7200.0,0.828486832813951,1.6182960916286755,90.30358801185592,2.9299997166666665,3420.0,57.0,1.0,0.475,37.75096048309389,,,,rejected_spatial_false_positive,Live Harvard cutout: field centre plus 4 cardinal and 4 diagonal interior-edge probes all HTTP422; no solved-WCS overlap sampled.,not_applicable,True,pre-existing queue status=rejected_spatial_false_positive,development_revalidation,rerun_or_complete_under_protocol_v1
45,POSS47,44.0,POSS-I:445:E:rec481 | DASCH:ivo://org.gavo.dc/~?dasch/q/j03761,POSS-I:445:E:rec481,POSS-I Palomar,Palomar Observatory,1951-12-01T09:00:00+00:00,1951-12-01T09:50:00+00:00,3000.0,98.02375,11.899444444444445,6.5,DASCH:ivo://org.gavo.dc/~?dasch/q/j03761,Harvard DASCH,DASCH unresolved,1951-12-01T09:26:29.999980034+00:00,1951-12-01T09:29:29.999980034+00:00,180.0,94.6892007325087,15.372146309713475,8.229518,2.9999996666666666,180.0,3.0,0.06,1.0,4.749415582279492,0.3045835187831072,0.1005,True,,,unique_recno_resolved,False,,prospective_production,process_under_protocol_v1
46,POSS47,7.0,DASCH:ivo://org.gavo.dc/~?dasch/q/kh00192 | POSS-I:320:E:rec463,DASCH:ivo://org.gavo.dc/~?dasch/q/kh00192,Harvard DASCH,DASCH unresolved,1951-08-13T09:00:00.000013201+00:00,1951-08-13T10:00:00.000013201+00:00,3600.0,4.194620076808971,-7.781839083699936,80.38328711563202,POSS-I:320:E:rec463,POSS-I Palomar,Palomar Observatory,1951-08-13T09:08:00+00:00,1951-08-13T09:58:00+00:00,3000.0,349.8070833333333,18.7925,6.5,2.999999766666667,3000.0,50.0,0.8333333333333334,1.0,30.124459072052552,1.0,1.0,True,,,unique_recno_resolved,False,,prospective_production,process_under_protocol_v1
47,POSS47,8.0,DASCH:ivo://org.gavo.dc/~?dasch/q/ai43280 | POSS-I:320:E:rec463,DASCH:ivo://org.gavo.dc/~?dasch/q/ai43280,Harvard DASCH,DASCH unresolved,1951-08-13T09:00:00.000013201+00:00,1951-08-13T10:00:00.000013201+00:00,3600.0,3.028439705316796,29.81831881959302,91.53763840043648,POSS-I:320:E:rec463,POSS-I Palomar,Palomar Observatory,1951-08-13T09:08:00+00:00,1951-08-13T09:58:00+00:00,3000.0,349.8070833333333,18.7925,6.5,2.999999766666667,3000.0,50.0,0.8333333333333334,1.0,16.30719940053318,1.0,1.0,True,,,unique_recno_resolved,False,,prospective_production,process_under_protocol_v1
48,POSS47,45.0,DASCH:ivo://org.gavo.dc/~?dasch/q/ka02481 | POSS-I:314:E:rec646,DASCH:ivo://org.gavo.dc/~?dasch/q/ka02481,Harvard DASCH,DASCH unresolved,1951-08-08T10:02:00.000009611+00:00,1951-08-08T10:30:00.000009611+00:00,1680.0,0.4853447367243575,36.15963195227702,81.56959660258153,POSS-I:314:E:rec646,POSS-I Palomar,Palomar Observatory,1951-08-08T09:54:00+00:00,1951-08-08T10:44:00+00:00,3000.0,7.845416666666668,-5.199166666666667,6.5,2.9999998333333333,1680.0,28.0,1.0,0.56,41.930017839936745,0.273615442776042,0.0586,True,,,unique_recno_resolved,False,,prospective_production,process_under_protocol_v1
49,POSS47,9.0,DASCH:ivo://org.gavo.dc/~?dasch/q/kh00158 | POSS-I:293:E:rec754,DASCH:ivo://org.gavo.dc/~?dasch/q/kh00158,Harvard DASCH,DASCH unresolved,1951-07-30T07:01:59.999996409+00:00,1951-07-30T07:59:59.999996409+00:00,3480.0,318.030731247535,-7.9453697431351635,80.77715600112795,POSS-I:293:E:rec754,POSS-I Palomar,Palomar Observatory,1951-07-30T07:09:00+00:00,1951-07-30T07:59:00+00:00,3000.0,296.0054166666667,-11.653333333333334,6.5,3.00000005,3000.0,50.0,0.8620689655172413,1.0,22.010470886119183,1.0,1.0,True,,,unique_recno_resolved,False,,prospective_production,process_under_protocol_v1
50,POSS47,10.0,POSS-I:340:E:rec231 | DASCH:ivo://org.gavo.dc/~?dasch/q/ai43301,POSS-I:340:E:rec231,POSS-I Palomar,Palomar Observatory,1951-09-03T04:01:00+00:00,1951-09-03T04:51:00+00:00,3000.0,286.1566666666667,42.22027777777778,6.5,DASCH:ivo://org.gavo.dc/~?dasch/q/ai43301,Harvard DASCH,DASCH unresolved,1951-09-03T03:57:00.000003600+00:00,1951-09-03T05:01:00.000003600+00:00,3840.0,308.94988161061445,19.943272030449457,91.46284240330588,3.00000005,3000.0,50.0,1.0,0.78125,29.42512421207612,1.0,1.0,True,,,unique_recno_resolved,False,,prospective_production,process_under_protocol_v1
51,POSS47,11.0,POSS-I:407:E:rec246 | DASCH:ivo://org.gavo.dc/~?dasch/q/ka02643,POSS-I:407:E:rec246,POSS-I Palomar,Palomar Observatory,1951-11-03T07:01:00+00:00,1951-11-03T07:51:00+00:00,3000.0,37.21,36.65277777777778,6.5,DASCH:ivo://org.gavo.dc/~?dasch/q/ka02643,Harvard DASCH,DASCH unresolved,1951-11-03T07:00:00.000003562+00:00,1951-11-03T07:58:00.000003562+00:00,3480.0,41.28772054728878,35.780164473311025,81.51858738816051,3.00000005,3000.0,50.0,1.0,0.8620689655172413,3.4033119731091497,1.0,1.0,True,,,unique_recno_resolved,False,,prospective_production,process_under_protocol_v1
52,POSS47,18.0,DASCH:ivo://org.gavo.dc/~?dasch/q/ai44227 | POSS-I:976:E:rec492,DASCH:ivo://org.gavo.dc/~?dasch/q/ai44227,Harvard DASCH,DASCH unresolved,1954-02-10T09:31:59.999984886+00:00,1954-02-10T10:28:59.999984886+00:00,3420.0,148.4884931917143,20.08198913579199,90.71880184527625,POSS-I:976:E:rec492,POSS-I Palomar,Palomar Observatory,1954-02-10T09:41:00+00:00,1954-02-10T10:26:00+00:00,2700.0,163.91041666666666,11.239722222222222,6.5,3.00000025,2700.0,45.0,0.7894736842105263,1.0,17.264149386453962,1.0,1.0,True,,,unique_recno_resolved,False,,prospective_production,process_under_protocol_v1
53,nonPOSS27,,APPLAUSE:139006 | APPLAUSE:12423,APPLAUSE:139006,Zeiss Double Astrograph,Vatican Observatory,1951-09-01T21:49:00+00:00,1951-09-01T22:21:00+00:00,1920.0,303.6933,36.8,5.0,APPLAUSE:12423,Lippert-Astrograph (Hamburg),Hamburger Sternwarte,1951-09-01T22:08:01+00:00,1951-09-01T22:08:31+00:00,30.0,301.647,35.5585,5.0,3.2666666666666666,30.0,0.5,0.015625,1.0,2.066185774218204,,,,parked_manual_astrometric_solve,1 Sep 1951 Hamburg/Vatican family: Hamburg plate has DR4 source_calib; corresponding Vatican plate 95874/95875/95876 has none. Manual astrometric solve/pixel comparison required.,not_applicable,True,pre-existing queue status=parked_manual_astrometric_solve,development_revalidation,rerun_or_complete_under_protocol_v1
54,POSS47,39.0,POSS-I:305:O:rec637 | DASCH:ivo://org.gavo.dc/~?dasch/q/ka02473,POSS-I:305:O:rec637,POSS-I Palomar,Palomar Observatory,1951-08-06T07:37:00+00:00,1951-08-06T07:47:00+00:00,600.0,313.8558333333333,0.5533333333333333,6.5,DASCH:ivo://org.gavo.dc/~?dasch/q/ka02473,Harvard DASCH,DASCH unresolved,1951-08-06T07:30:59.999985109+00:00,1951-08-06T07:59:59.999985109+00:00,1740.0,313.9240088291386,35.43875041524412,77.88966612038239,3.49999975,600.0,10.0,1.0,0.3448275862068966,34.885474858500295,1.0,0.8405,True,,,unique_recno_resolved,False,,prospective_production,process_under_protocol_v1
55,POSS47,3.0,DASCH:ivo://org.gavo.dc/~?dasch/q/fa12998 | POSS-I:606:E:rec348,DASCH:ivo://org.gavo.dc/~?dasch/q/fa12998,Harvard DASCH,DASCH unresolved,1952-09-18T07:00:00.000005446+00:00,1952-09-18T07:57:00.000005446+00:00,3420.0,356.7035413078454,1.8578125249869584,90.6036476403506,POSS-I:606:E:rec348,POSS-I Palomar,Palomar Observatory,1952-09-18T07:02:00+00:00,1952-09-18T08:02:00+00:00,3600.0,359.01625,31.078888888888887,6.5,3.4999999,3300.000005446,55.00000009076667,0.964912282294152,0.9166666681794444,29.30280491233526,1.0,1.0,True,,,unique_recno_resolved,True,exploratory complete 9/9 previously,development_revalidation,rerun_or_complete_under_protocol_v1
56,POSS47,29.0,POSS-I:1405:O:rec616 | DASCH:ivo://org.gavo.dc/~?dasch/q/ai44487,POSS-I:1405:O:rec616,POSS-I Palomar,Palomar Observatory,1955-04-21T05:52:00+00:00,1955-04-21T06:04:00+00:00,720.0,187.85791666666668,-0.8013888888888889,6.5,DASCH:ivo://org.gavo.dc/~?dasch/q/ai44487,Harvard DASCH,DASCH unresolved,1955-04-21T05:32:59.999994720+00:00,1955-04-21T06:29:59.999994720+00:00,3420.0,165.2967225838179,19.82341073489281,91.64400464428468,3.4999999,720.0,12.0,1.0,0.2105263157894736,30.24044996546522,1.0,1.0,True,,,unique_recno_resolved,False,,prospective_production,process_under_protocol_v1
57,POSS47,30.0,POSS-I:988:O:rec207 | DASCH:ivo://org.gavo.dc/~?dasch/q/ai44246,POSS-I:988:O:rec207,POSS-I Palomar,Palomar Observatory,1954-02-26T04:53:00+00:00,1954-02-26T05:05:00+00:00,720.0,107.54958333333332,41.77222222222222,6.5,DASCH:ivo://org.gavo.dc/~?dasch/q/ai44246,Harvard DASCH,DASCH unresolved,1954-02-26T04:31:00.000004592+00:00,1954-02-26T05:34:00.000004592+00:00,3780.0,89.41596671461812,21.557509087228787,90.84400297445664,3.5000000666666664,720.0,12.0,1.0,0.1904761904761904,25.31722806439233,1.0,1.0,True,,,unique_recno_resolved,True,exploratory source recovery; pixel access unresolved,development_revalidation,rerun_or_complete_under_protocol_v1
58,nonPOSS27,,APPLAUSE:12568 | APPLAUSE:139012,APPLAUSE:12568,Lippert-Astrograph (Hamburg),Hamburger Sternwarte,1951-09-19T20:02:23+00:00,1951-09-19T20:02:53+00:00,30.0,301.6465,35.5583,5.0,APPLAUSE:139012,Zeiss Double Astrograph,Vatican Observatory,1951-09-19T19:59:00+00:00,1951-09-19T20:14:00+00:00,900.0,298.9171,39.3307,5.0,3.866666666666666,30.0,0.5,1.0,0.0333333333333333,4.349922337287497,,,,negative_calibrated_catalogue,Same physical Hamburg/Vatican plate-family comparison; no non-Gaia shared source.,not_applicable,True,pre-existing queue status=negative_calibrated_catalogue,development_revalidation,rerun_or_complete_under_protocol_v1
59,nonPOSS27,,DASCH:ivo://org.gavo.dc/~?dasch/q/bi05485 | APPLAUSE:13388,DASCH:ivo://org.gavo.dc/~?dasch/q/bi05485,Harvard DASCH,DASCH historical observing site unresolved,1951-10-24T17:21:00.499982745+00:00,1951-10-24T19:21:00.499982745+00:00,7200.0,315.61487644013187,0.1921476337237595,83.8295615201287,APPLAUSE:13388,Lippert-Astrograph (Hamburg),Hamburger Sternwarte,1951-10-24T18:24:39+00:00,1951-10-24T18:25:09+00:00,30.0,301.6456,35.558,5.0,3.89166695,30.0,0.5,0.0041666666666666,1.0,37.68222444613895,,,,rejected_spatial_false_positive,Live Harvard cutout: same Hamburg field as 13387; centre plus 8 interior-edge probes all HTTP422; no solved-WCS overlap sampled.,not_applicable,True,pre-existing queue status=rejected_spatial_false_positive,development_revalidation,rerun_or_complete_under_protocol_v1
60,POSS47,19.0,DASCH:ivo://org.gavo.dc/~?dasch/q/fa13203 | POSS-I:832:E:rec760,DASCH:ivo://org.gavo.dc/~?dasch/q/fa13203,Harvard DASCH,DASCH unresolved,1953-10-01T05:05:00.000010613+00:00,1953-10-01T06:04:00.000010613+00:00,3540.0,338.8562749651588,0.3145072653026571,90.56171549984482,POSS-I:832:E:rec760,POSS-I Palomar,Palomar Observatory,1953-10-01T05:16:00+00:00,1953-10-01T06:01:00+00:00,2700.0,332.1175,-11.29,6.5,3.9999998166666666,2700.0,45.0,0.7627118644067796,1.0,13.397822802395916,1.0,1.0,True,,,unique_recno_resolved,False,,prospective_production,process_under_protocol_v1
61,POSS47,20.0,POSS-I:875:E:rec521 | DASCH:ivo://org.gavo.dc/~?dasch/q/ai44092,POSS-I:875:E:rec521,POSS-I Palomar,Palomar Observatory,1953-10-31T03:31:00+00:00,1953-10-31T04:16:00+00:00,2700.0,337.7875,12.745,6.5,DASCH:ivo://org.gavo.dc/~?dasch/q/ai44092,Harvard DASCH,DASCH unresolved,1953-10-31T03:04:59.999995323+00:00,1953-10-31T04:49:59.999995323+00:00,6300.0,347.18851646480823,23.590021085563325,91.63837794945894,3.999999916666667,2700.0,45.0,1.0,0.4285714285714285,14.038108233659882,1.0,1.0,True,,,unique_recno_resolved,False,,prospective_production,process_under_protocol_v1
62,POSS47,12.0,POSS-I:306:E:rec703 | DASCH:ivo://org.gavo.dc/~?dasch/q/ai43241,POSS-I:306:E:rec703,POSS-I Palomar,Palomar Observatory,1951-08-06T09:03:00+00:00,1951-08-06T09:53:00+00:00,3000.0,349.87041666666664,-5.206388888888889,6.5,DASCH:ivo://org.gavo.dc/~?dasch/q/ai43241,Harvard DASCH,DASCH unresolved,1951-08-06T09:03:00.000006243+00:00,1951-08-06T10:01:00.000006243+00:00,3480.0,357.7340523060484,21.044601933116475,91.60401473926412,4.0000001,2999.999993757,49.999999895950005,0.999999997919,0.8620689637232759,27.36142719520585,1.0,1.0,True,,,unique_recno_resolved,True,exploratory complete 9/9 previously,development_revalidation,rerun_or_complete_under_protocol_v1
63,nonPOSS27,,APPLAUSE:131892 | DASCH:ivo://org.gavo.dc/~?dasch/q/ax04674,APPLAUSE:131892,"Astrograph, Bamberg Northern Sky Patrol","Dr. Karl Remeis-Sternwarte, Bamberg",1952-02-14T18:40:00+00:00,1952-02-14T19:38:00+00:00,3480.0,84.3515,-2.9746,5.0,DASCH:ivo://org.gavo.dc/~?dasch/q/ax04674,Harvard DASCH,DASCH historical observing site unresolved,1952-02-14T19:03:20.900007711+00:00,1952-02-14T19:23:20.900007711+00:00,1200.0,78.8591097084925,-25.550897940586715,49.34463775927831,4.34833345,1200.0,20.0,0.3448275862068966,1.0,23.18584873068712,,,,parked_pixel_followup,Substantial true WCS overlap (~39% smaller field); no DR7 platephot at overlap centroid.,not_applicable,True,pre-existing queue status=parked_pixel_followup,development_revalidation,rerun_or_complete_under_protocol_v1
64,nonPOSS27,,APPLAUSE:139005 | APPLAUSE:12415,APPLAUSE:139005,Zeiss Double Astrograph,Vatican Observatory,1951-09-01T21:04:00+00:00,1951-09-01T21:44:00+00:00,2400.0,303.6933,36.8,5.0,APPLAUSE:12415,Lippert-Astrograph (Hamburg),Hamburger Sternwarte,1951-09-01T21:28:07+00:00,1951-09-01T21:28:37+00:00,30.0,301.647,35.5585,5.0,4.366666666666666,30.0,0.5,0.0125,1.0,2.066185774218204,,,,parked_manual_astrometric_solve,1 Sep 1951 Hamburg/Vatican family: Hamburg plate has DR4 source_calib; corresponding Vatican plate 95874/95875/95876 has none. Manual astrometric solve/pixel comparison required.,not_applicable,True,pre-existing queue status=parked_manual_astrometric_solve,development_revalidation,rerun_or_complete_under_protocol_v1
65,POSS47,22.0,DASCH:ivo://org.gavo.dc/~?dasch/q/ai44307 | POSS-I:1024:E:rec742,DASCH:ivo://org.gavo.dc/~?dasch/q/ai44307,Harvard DASCH,DASCH unresolved,1954-04-02T09:42:00.000016384+00:00,1954-04-02T10:24:00.000016384+00:00,2520.0,205.81830365001724,18.721784024814585,90.45482402773295,POSS-I:1024:E:rec742,POSS-I Palomar,Palomar Observatory,1954-04-02T09:45:00+00:00,1954-04-02T10:30:00+00:00,2700.0,223.97916666666663,-12.586944444444445,6.5,4.499999716666666,2340.000016384,39.00000027306667,0.928571435073016,0.8666666727348148,36.06647285123351,1.0,1.0,True,,,unique_recno_resolved,False,,prospective_production,process_under_protocol_v1
66,POSS47,42.0,DASCH:ivo://org.gavo.dc/~?dasch/q/ka02737 | POSS-I:500:E:rec679,DASCH:ivo://org.gavo.dc/~?dasch/q/ka02737,Harvard DASCH,DASCH unresolved,1952-05-24T05:10:00.000010966+00:00,1952-05-24T05:59:00.000010966+00:00,2940.0,211.38570939522583,34.01604060801529,80.7976384835205,POSS-I:500:E:rec679,POSS-I Palomar,Palomar Observatory,1952-05-24T05:04:00+00:00,1952-05-24T06:14:00+00:00,4200.0,205.89625,-6.731388888888889,6.5,4.499999816666668,2940.0,49.0,1.0,0.7,41.07771046239129,0.3601050860084022,0.0726,True,,,unique_recno_resolved,False,,prospective_production,process_under_protocol_v1
67,POSS47,14.0,DASCH:ivo://org.gavo.dc/~?dasch/q/ai44469 | POSS-I:1103:E:rec397,DASCH:ivo://org.gavo.dc/~?dasch/q/ai44469,Harvard DASCH,DASCH unresolved,1954-06-29T09:03:00.000008127+00:00,1954-06-29T10:00:00.000008127+00:00,3420.0,278.7619914491486,20.056132613044245,90.1958669335362,POSS-I:1103:E:rec397,POSS-I Palomar,Palomar Observatory,1954-06-29T09:11:00+00:00,1954-06-29T10:01:00+00:00,3000.0,313.58624999999995,24.547500000000003,6.5,4.49999985,2940.000008127,49.00000013545,0.8596491251833334,0.980000002709,32.44545133209963,1.0,0.6409,True,,,unique_recno_resolved,False,,prospective_production,process_under_protocol_v1
68,nonPOSS27,,DASCH:ivo://org.gavo.dc/~?dasch/q/bi05352 | APPLAUSE:11788,DASCH:ivo://org.gavo.dc/~?dasch/q/bi05352,Harvard DASCH,DASCH historical observing site unresolved,1951-01-30T20:20:13.099994047+00:00,1951-01-30T22:00:13.099994047+00:00,6000.0,110.37004991642574,-15.422992913911273,89.60784950226463,APPLAUSE:11788,Lippert-Astrograph (Hamburg),Hamburger Sternwarte,1951-01-30T21:13:52+00:00,1951-01-30T21:15:52+00:00,120.0,86.4218,9.05,5.0,4.648333416666667,120.0,2.0,0.02,1.0,34.085490184381804,,,,negative_catalogue_pixel_pending,Nine fixed Harvard tiles: zero official DASCH detections; Harvard pixel confirmation pending.,not_applicable,True,pre-existing queue status=negative_catalogue_pixel_pending,development_revalidation,rerun_or_complete_under_protocol_v1
69,nonPOSS27,,DASCH:ivo://org.gavo.dc/~?dasch/q/bi05352 | APPLAUSE:11787,DASCH:ivo://org.gavo.dc/~?dasch/q/bi05352,Harvard DASCH,DASCH historical observing site unresolved,1951-01-30T20:20:13.099994047+00:00,1951-01-30T22:00:13.099994047+00:00,6000.0,110.37004991642574,-15.422992913911273,89.60784950226463,APPLAUSE:11787,Lippert-Astrograph (Hamburg),Hamburger Sternwarte,1951-01-30T21:10:53+00:00,1951-01-30T21:18:53+00:00,480.0,86.4218,9.05,5.0,4.665000083333334,480.0,8.0,0.08,1.0,34.085490184381804,,,,negative_catalogue_pixel_pending,Nine fixed Harvard tiles: zero official DASCH detections; Harvard pixel confirmation pending.,not_applicable,True,pre-existing queue status=negative_catalogue_pixel_pending,development_revalidation,rerun_or_complete_under_protocol_v1
70,nonPOSS27,,APPLAUSE:115047 | DASCH:ivo://org.gavo.dc/~?dasch/q/fa13405,APPLAUSE:115047,Schmidtsches Spiegelteleskop (Hamburg),Hamburger Sternwarte,1954-02-06T00:59:31+00:00,1954-02-06T01:05:31+00:00,360.0,135.6814,27.2329,5.0,DASCH:ivo://org.gavo.dc/~?dasch/q/fa13405,Harvard DASCH,DASCH historical observing site unresolved,1954-02-06T00:37:48.899999743+00:00,1954-02-06T01:36:48.899999743+00:00,3540.0,138.90726192713296,27.394828651698543,87.67704901000685,4.798333316666667,360.0,6.0,1.0,0.1016949152542373,2.8706875956810087,,,,negative_nine_tile_sample,Nine fixed Harvard tiles: 45 official DASCH detections; all reference-catalogued; zero unmatched. Same Harvard field as 115048.,not_applicable,True,pre-existing queue status=negative_nine_tile_sample,development_revalidation,rerun_or_complete_under_protocol_v1
71,POSS47,31.0,POSS-I:236:O:rec425 | DASCH:ivo://org.gavo.dc/~?dasch/q/kg00061,POSS-I:236:O:rec425,POSS-I Palomar,Palomar Observatory,1951-02-04T06:49:00+00:00,1951-02-04T07:01:00+00:00,720.0,122.08666666666667,17.575555555555557,6.5,DASCH:ivo://org.gavo.dc/~?dasch/q/kg00061,Harvard DASCH,DASCH unresolved,1951-02-04T06:16:59.999986352+00:00,1951-02-04T07:42:59.999986352+00:00,5160.0,157.818242994963,21.91059119875947,80.37922768813597,4.999999766666666,720.0,12.0,1.0,0.1395348837209302,33.83441407053321,1.0,0.0,False,,,unique_recno_resolved,False,,prospective_production,process_under_protocol_v1
72,POSS47,32.0,POSS-I:236:O:rec425 | DASCH:ivo://org.gavo.dc/~?dasch/q/kg00060,POSS-I:236:O:rec425,POSS-I Palomar,Palomar Observatory,1951-02-04T06:49:00+00:00,1951-02-04T07:01:00+00:00,720.0,122.08666666666667,17.575555555555557,6.5,DASCH:ivo://org.gavo.dc/~?dasch/q/kg00060,Harvard DASCH,DASCH unresolved,1951-02-04T06:12:59.999986825+00:00,1951-02-04T07:46:59.999986825+00:00,5640.0,136.6869755807516,22.076567762040565,74.31886450321669,4.999999766666666,720.0,12.0,1.0,0.1276595744680851,14.444840311045432,1.0,1.0,True,,,unique_recno_resolved,False,,prospective_production,process_under_protocol_v1
73,POSS47,43.0,POSS-I:236:O:rec425 | DASCH:ivo://org.gavo.dc/~?dasch/q/kg00059,POSS-I:236:O:rec425,POSS-I Palomar,Palomar Observatory,1951-02-04T06:49:00+00:00,1951-02-04T07:01:00+00:00,720.0,122.08666666666667,17.575555555555557,6.5,DASCH:ivo://org.gavo.dc/~?dasch/q/kg00059,Harvard DASCH,DASCH unresolved,1951-02-04T06:14:29.999986491+00:00,1951-02-04T07:45:29.999986491+00:00,5460.0,78.44874305530132,15.057683774386428,81.8534539934835,4.999999766666666,720.0,12.0,1.0,0.1318681318681318,41.867488098183,0.3110624643687074,0.0,False,,,unique_recno_resolved,False,,prospective_production,process_under_protocol_v1
74,POSS47,13.0,DASCH:ivo://org.gavo.dc/~?dasch/q/ka02504 | POSS-I:318:E:rec524,DASCH:ivo://org.gavo.dc/~?dasch/q/ka02504,Harvard DASCH,DASCH unresolved,1951-08-11T09:02:00.000009824+00:00,1951-08-11T10:00:00.000009824+00:00,3480.0,347.3617022560938,36.23327915439081,81.42023980191611,POSS-I:318:E:rec524,POSS-I Palomar,Palomar Observatory,1951-08-11T09:11:00+00:00,1951-08-11T10:01:00+00:00,3000.0,355.84,12.804166666666667,6.5,4.999999833333334,2940.000009824,49.00000016373333,0.844827589029885,0.9800000032746666,24.638384938406872,1.0,1.0,True,,,unique_recno_resolved,True,exploratory complete 9/9 previously,development_revalidation,rerun_or_complete_under_protocol_v1
