adjudication_order,pair_key,endpoint_a,endpoint_b,window_arcmin,minimum_same_gaia_common_refs,model,clipping,higher_order,sparse_fallback_only_if_primary_lt5_at_30arcmin
1,APPLAUSE:132099 | DASCH:ivo://org.gavo.dc/~?dasch/q/bi05640,APPLAUSE:132099,DASCH:bi05640:exp0,5,5,TRANSLATION_MEDIAN_ONLY,False,False,True
1,APPLAUSE:132099 | DASCH:ivo://org.gavo.dc/~?dasch/q/bi05640,APPLAUSE:132099,DASCH:bi05640:exp0,10,5,TRANSLATION_MEDIAN_ONLY,False,False,True
1,APPLAUSE:132099 | DASCH:ivo://org.gavo.dc/~?dasch/q/bi05640,APPLAUSE:132099,DASCH:bi05640:exp0,20,5,TRANSLATION_MEDIAN_ONLY,False,False,True
1,APPLAUSE:132099 | DASCH:ivo://org.gavo.dc/~?dasch/q/bi05640,APPLAUSE:132099,DASCH:bi05640:exp0,30,5,TRANSLATION_MEDIAN_ONLY,False,False,True
2,APPLAUSE:13623 | DASCH:ivo://org.gavo.dc/~?dasch/q/bi05607,APPLAUSE:13623,DASCH:bi05607:exp0,5,5,TRANSLATION_MEDIAN_ONLY,False,False,True
2,APPLAUSE:13623 | DASCH:ivo://org.gavo.dc/~?dasch/q/bi05607,APPLAUSE:13623,DASCH:bi05607:exp0,10,5,TRANSLATION_MEDIAN_ONLY,False,False,True
2,APPLAUSE:13623 | DASCH:ivo://org.gavo.dc/~?dasch/q/bi05607,APPLAUSE:13623,DASCH:bi05607:exp0,20,5,TRANSLATION_MEDIAN_ONLY,False,False,True
2,APPLAUSE:13623 | DASCH:ivo://org.gavo.dc/~?dasch/q/bi05607,APPLAUSE:13623,DASCH:bi05607:exp0,30,5,TRANSLATION_MEDIAN_ONLY,False,False,True
3,APPLAUSE:131892 | DASCH:ivo://org.gavo.dc/~?dasch/q/ax04674,APPLAUSE:131892,DASCH:ax04674:exp0,5,5,TRANSLATION_MEDIAN_ONLY,False,False,True
3,APPLAUSE:131892 | DASCH:ivo://org.gavo.dc/~?dasch/q/ax04674,APPLAUSE:131892,DASCH:ax04674:exp0,10,5,TRANSLATION_MEDIAN_ONLY,False,False,True
3,APPLAUSE:131892 | DASCH:ivo://org.gavo.dc/~?dasch/q/ax04674,APPLAUSE:131892,DASCH:ax04674:exp0,20,5,TRANSLATION_MEDIAN_ONLY,False,False,True
3,APPLAUSE:131892 | DASCH:ivo://org.gavo.dc/~?dasch/q/ax04674,APPLAUSE:131892,DASCH:ax04674:exp0,30,5,TRANSLATION_MEDIAN_ONLY,False,False,True
4,APPLAUSE:11788 | DASCH:ivo://org.gavo.dc/~?dasch/q/bi05352,DASCH:bi05352:exp0,APPLAUSE:11788,5,5,TRANSLATION_MEDIAN_ONLY,False,False,True
4,APPLAUSE:11788 | DASCH:ivo://org.gavo.dc/~?dasch/q/bi05352,DASCH:bi05352:exp0,APPLAUSE:11788,10,5,TRANSLATION_MEDIAN_ONLY,False,False,True
4,APPLAUSE:11788 | DASCH:ivo://org.gavo.dc/~?dasch/q/bi05352,DASCH:bi05352:exp0,APPLAUSE:11788,20,5,TRANSLATION_MEDIAN_ONLY,False,False,True
4,APPLAUSE:11788 | DASCH:ivo://org.gavo.dc/~?dasch/q/bi05352,DASCH:bi05352:exp0,APPLAUSE:11788,30,5,TRANSLATION_MEDIAN_ONLY,False,False,True
5,APPLAUSE:11787 | DASCH:ivo://org.gavo.dc/~?dasch/q/bi05352,DASCH:bi05352:exp0,APPLAUSE:11787,5,5,TRANSLATION_MEDIAN_ONLY,False,False,True
5,APPLAUSE:11787 | DASCH:ivo://org.gavo.dc/~?dasch/q/bi05352,DASCH:bi05352:exp0,APPLAUSE:11787,10,5,TRANSLATION_MEDIAN_ONLY,False,False,True
5,APPLAUSE:11787 | DASCH:ivo://org.gavo.dc/~?dasch/q/bi05352,DASCH:bi05352:exp0,APPLAUSE:11787,20,5,TRANSLATION_MEDIAN_ONLY,False,False,True
5,APPLAUSE:11787 | DASCH:ivo://org.gavo.dc/~?dasch/q/bi05352,DASCH:bi05352:exp0,APPLAUSE:11787,30,5,TRANSLATION_MEDIAN_ONLY,False,False,True
6,APPLAUSE:12565 | APPLAUSE:139011,APPLAUSE:12565,APPLAUSE:139011,5,5,TRANSLATION_MEDIAN_ONLY,False,False,True
6,APPLAUSE:12565 | APPLAUSE:139011,APPLAUSE:12565,APPLAUSE:139011,10,5,TRANSLATION_MEDIAN_ONLY,False,False,True
6,APPLAUSE:12565 | APPLAUSE:139011,APPLAUSE:12565,APPLAUSE:139011,20,5,TRANSLATION_MEDIAN_ONLY,False,False,True
6,APPLAUSE:12565 | APPLAUSE:139011,APPLAUSE:12565,APPLAUSE:139011,30,5,TRANSLATION_MEDIAN_ONLY,False,False,True
7,APPLAUSE:12568 | APPLAUSE:139012,APPLAUSE:12568,APPLAUSE:139012,5,5,TRANSLATION_MEDIAN_ONLY,False,False,True
7,APPLAUSE:12568 | APPLAUSE:139012,APPLAUSE:12568,APPLAUSE:139012,10,5,TRANSLATION_MEDIAN_ONLY,False,False,True
7,APPLAUSE:12568 | APPLAUSE:139012,APPLAUSE:12568,APPLAUSE:139012,20,5,TRANSLATION_MEDIAN_ONLY,False,False,True
7,APPLAUSE:12568 | APPLAUSE:139012,APPLAUSE:12568,APPLAUSE:139012,30,5,TRANSLATION_MEDIAN_ONLY,False,False,True
8,APPLAUSE:12469 | DASCH:ivo://org.gavo.dc/~?dasch/q/bi05459,DASCH:bi05459:exp0,APPLAUSE:12469,5,5,TRANSLATION_MEDIAN_ONLY,False,False,True
8,APPLAUSE:12469 | DASCH:ivo://org.gavo.dc/~?dasch/q/bi05459,DASCH:bi05459:exp0,APPLAUSE:12469,10,5,TRANSLATION_MEDIAN_ONLY,False,False,True
8,APPLAUSE:12469 | DASCH:ivo://org.gavo.dc/~?dasch/q/bi05459,DASCH:bi05459:exp0,APPLAUSE:12469,20,5,TRANSLATION_MEDIAN_ONLY,False,False,True
8,APPLAUSE:12469 | DASCH:ivo://org.gavo.dc/~?dasch/q/bi05459,DASCH:bi05459:exp0,APPLAUSE:12469,30,5,TRANSLATION_MEDIAN_ONLY,False,False,True
9,APPLAUSE:12563 | APPLAUSE:139010,APPLAUSE:12563,APPLAUSE:139010,5,5,TRANSLATION_MEDIAN_ONLY,False,False,True
9,APPLAUSE:12563 | APPLAUSE:139010,APPLAUSE:12563,APPLAUSE:139010,10,5,TRANSLATION_MEDIAN_ONLY,False,False,True
9,APPLAUSE:12563 | APPLAUSE:139010,APPLAUSE:12563,APPLAUSE:139010,20,5,TRANSLATION_MEDIAN_ONLY,False,False,True
9,APPLAUSE:12563 | APPLAUSE:139010,APPLAUSE:12563,APPLAUSE:139010,30,5,TRANSLATION_MEDIAN_ONLY,False,False,True
10,APPLAUSE:12566 | APPLAUSE:139011,APPLAUSE:139011,APPLAUSE:12566,5,5,TRANSLATION_MEDIAN_ONLY,False,False,True
10,APPLAUSE:12566 | APPLAUSE:139011,APPLAUSE:139011,APPLAUSE:12566,10,5,TRANSLATION_MEDIAN_ONLY,False,False,True
10,APPLAUSE:12566 | APPLAUSE:139011,APPLAUSE:139011,APPLAUSE:12566,20,5,TRANSLATION_MEDIAN_ONLY,False,False,True
10,APPLAUSE:12566 | APPLAUSE:139011,APPLAUSE:139011,APPLAUSE:12566,30,5,TRANSLATION_MEDIAN_ONLY,False,False,True
11,APPLAUSE:12569 | APPLAUSE:139012,APPLAUSE:139012,APPLAUSE:12569,5,5,TRANSLATION_MEDIAN_ONLY,False,False,True
11,APPLAUSE:12569 | APPLAUSE:139012,APPLAUSE:139012,APPLAUSE:12569,10,5,TRANSLATION_MEDIAN_ONLY,False,False,True
11,APPLAUSE:12569 | APPLAUSE:139012,APPLAUSE:139012,APPLAUSE:12569,20,5,TRANSLATION_MEDIAN_ONLY,False,False,True
11,APPLAUSE:12569 | APPLAUSE:139012,APPLAUSE:139012,APPLAUSE:12569,30,5,TRANSLATION_MEDIAN_ONLY,False,False,True
12,APPLAUSE:132096 | DASCH:ivo://org.gavo.dc/~?dasch/q/mf40300,DASCH:mf40300:exp0,APPLAUSE:132096,5,5,TRANSLATION_MEDIAN_ONLY,False,False,True
12,APPLAUSE:132096 | DASCH:ivo://org.gavo.dc/~?dasch/q/mf40300,DASCH:mf40300:exp0,APPLAUSE:132096,10,5,TRANSLATION_MEDIAN_ONLY,False,False,True
12,APPLAUSE:132096 | DASCH:ivo://org.gavo.dc/~?dasch/q/mf40300,DASCH:mf40300:exp0,APPLAUSE:132096,20,5,TRANSLATION_MEDIAN_ONLY,False,False,True
12,APPLAUSE:132096 | DASCH:ivo://org.gavo.dc/~?dasch/q/mf40300,DASCH:mf40300:exp0,APPLAUSE:132096,30,5,TRANSLATION_MEDIAN_ONLY,False,False,True
13,APPLAUSE:13878 | APPLAUSE:139432,APPLAUSE:139432,APPLAUSE:13878,5,5,TRANSLATION_MEDIAN_ONLY,False,False,True
13,APPLAUSE:13878 | APPLAUSE:139432,APPLAUSE:139432,APPLAUSE:13878,10,5,TRANSLATION_MEDIAN_ONLY,False,False,True
13,APPLAUSE:13878 | APPLAUSE:139432,APPLAUSE:139432,APPLAUSE:13878,20,5,TRANSLATION_MEDIAN_ONLY,False,False,True
13,APPLAUSE:13878 | APPLAUSE:139432,APPLAUSE:139432,APPLAUSE:13878,30,5,TRANSLATION_MEDIAN_ONLY,False,False,True
14,APPLAUSE:13879 | APPLAUSE:139433,APPLAUSE:139433,APPLAUSE:13879,5,5,TRANSLATION_MEDIAN_ONLY,False,False,True
14,APPLAUSE:13879 | APPLAUSE:139433,APPLAUSE:139433,APPLAUSE:13879,10,5,TRANSLATION_MEDIAN_ONLY,False,False,True
14,APPLAUSE:13879 | APPLAUSE:139433,APPLAUSE:139433,APPLAUSE:13879,20,5,TRANSLATION_MEDIAN_ONLY,False,False,True
14,APPLAUSE:13879 | APPLAUSE:139433,APPLAUSE:139433,APPLAUSE:13879,30,5,TRANSLATION_MEDIAN_ONLY,False,False,True
15,APPLAUSE:13683 | DASCH:ivo://org.gavo.dc/~?dasch/q/am28458,APPLAUSE:13683,DASCH:am28458:exp0,5,5,TRANSLATION_MEDIAN_ONLY,False,False,True
15,APPLAUSE:13683 | DASCH:ivo://org.gavo.dc/~?dasch/q/am28458,APPLAUSE:13683,DASCH:am28458:exp0,10,5,TRANSLATION_MEDIAN_ONLY,False,False,True
15,APPLAUSE:13683 | DASCH:ivo://org.gavo.dc/~?dasch/q/am28458,APPLAUSE:13683,DASCH:am28458:exp0,20,5,TRANSLATION_MEDIAN_ONLY,False,False,True
15,APPLAUSE:13683 | DASCH:ivo://org.gavo.dc/~?dasch/q/am28458,APPLAUSE:13683,DASCH:am28458:exp0,30,5,TRANSLATION_MEDIAN_ONLY,False,False,True
16,APPLAUSE:11788 | DASCH:ivo://org.gavo.dc/~?dasch/q/rb16848,DASCH:rb16848:exp0,APPLAUSE:11788,5,5,TRANSLATION_MEDIAN_ONLY,False,False,True
16,APPLAUSE:11788 | DASCH:ivo://org.gavo.dc/~?dasch/q/rb16848,DASCH:rb16848:exp0,APPLAUSE:11788,10,5,TRANSLATION_MEDIAN_ONLY,False,False,True
16,APPLAUSE:11788 | DASCH:ivo://org.gavo.dc/~?dasch/q/rb16848,DASCH:rb16848:exp0,APPLAUSE:11788,20,5,TRANSLATION_MEDIAN_ONLY,False,False,True
16,APPLAUSE:11788 | DASCH:ivo://org.gavo.dc/~?dasch/q/rb16848,DASCH:rb16848:exp0,APPLAUSE:11788,30,5,TRANSLATION_MEDIAN_ONLY,False,False,True
17,APPLAUSE:132654 | APPLAUSE:14120,APPLAUSE:14120,APPLAUSE:132654,5,5,TRANSLATION_MEDIAN_ONLY,False,False,True
17,APPLAUSE:132654 | APPLAUSE:14120,APPLAUSE:14120,APPLAUSE:132654,10,5,TRANSLATION_MEDIAN_ONLY,False,False,True
17,APPLAUSE:132654 | APPLAUSE:14120,APPLAUSE:14120,APPLAUSE:132654,20,5,TRANSLATION_MEDIAN_ONLY,False,False,True
17,APPLAUSE:132654 | APPLAUSE:14120,APPLAUSE:14120,APPLAUSE:132654,30,5,TRANSLATION_MEDIAN_ONLY,False,False,True
18,APPLAUSE:11787 | DASCH:ivo://org.gavo.dc/~?dasch/q/rb16848,DASCH:rb16848:exp0,APPLAUSE:11787,5,5,TRANSLATION_MEDIAN_ONLY,False,False,True
18,APPLAUSE:11787 | DASCH:ivo://org.gavo.dc/~?dasch/q/rb16848,DASCH:rb16848:exp0,APPLAUSE:11787,10,5,TRANSLATION_MEDIAN_ONLY,False,False,True
18,APPLAUSE:11787 | DASCH:ivo://org.gavo.dc/~?dasch/q/rb16848,DASCH:rb16848:exp0,APPLAUSE:11787,20,5,TRANSLATION_MEDIAN_ONLY,False,False,True
18,APPLAUSE:11787 | DASCH:ivo://org.gavo.dc/~?dasch/q/rb16848,DASCH:rb16848:exp0,APPLAUSE:11787,30,5,TRANSLATION_MEDIAN_ONLY,False,False,True
19,APPLAUSE:12404 | APPLAUSE:131662,APPLAUSE:131662,APPLAUSE:12404,5,5,TRANSLATION_MEDIAN_ONLY,False,False,True
19,APPLAUSE:12404 | APPLAUSE:131662,APPLAUSE:131662,APPLAUSE:12404,10,5,TRANSLATION_MEDIAN_ONLY,False,False,True
19,APPLAUSE:12404 | APPLAUSE:131662,APPLAUSE:131662,APPLAUSE:12404,20,5,TRANSLATION_MEDIAN_ONLY,False,False,True
19,APPLAUSE:12404 | APPLAUSE:131662,APPLAUSE:131662,APPLAUSE:12404,30,5,TRANSLATION_MEDIAN_ONLY,False,False,True
20,APPLAUSE:12470 | DASCH:ivo://org.gavo.dc/~?dasch/q/bi05459,DASCH:bi05459:exp0,APPLAUSE:12470,5,5,TRANSLATION_MEDIAN_ONLY,False,False,True
20,APPLAUSE:12470 | DASCH:ivo://org.gavo.dc/~?dasch/q/bi05459,DASCH:bi05459:exp0,APPLAUSE:12470,10,5,TRANSLATION_MEDIAN_ONLY,False,False,True
20,APPLAUSE:12470 | DASCH:ivo://org.gavo.dc/~?dasch/q/bi05459,DASCH:bi05459:exp0,APPLAUSE:12470,20,5,TRANSLATION_MEDIAN_ONLY,False,False,True
20,APPLAUSE:12470 | DASCH:ivo://org.gavo.dc/~?dasch/q/bi05459,DASCH:bi05459:exp0,APPLAUSE:12470,30,5,TRANSLATION_MEDIAN_ONLY,False,False,True
21,APPLAUSE:12562 | APPLAUSE:139010,APPLAUSE:12562,APPLAUSE:139010,5,5,TRANSLATION_MEDIAN_ONLY,False,False,True
21,APPLAUSE:12562 | APPLAUSE:139010,APPLAUSE:12562,APPLAUSE:139010,10,5,TRANSLATION_MEDIAN_ONLY,False,False,True
21,APPLAUSE:12562 | APPLAUSE:139010,APPLAUSE:12562,APPLAUSE:139010,20,5,TRANSLATION_MEDIAN_ONLY,False,False,True
21,APPLAUSE:12562 | APPLAUSE:139010,APPLAUSE:12562,APPLAUSE:139010,30,5,TRANSLATION_MEDIAN_ONLY,False,False,True
22,APPLAUSE:12570 | APPLAUSE:139012,APPLAUSE:139012,APPLAUSE:12570,5,5,TRANSLATION_MEDIAN_ONLY,False,False,True
22,APPLAUSE:12570 | APPLAUSE:139012,APPLAUSE:139012,APPLAUSE:12570,10,5,TRANSLATION_MEDIAN_ONLY,False,False,True
22,APPLAUSE:12570 | APPLAUSE:139012,APPLAUSE:139012,APPLAUSE:12570,20,5,TRANSLATION_MEDIAN_ONLY,False,False,True
22,APPLAUSE:12570 | APPLAUSE:139012,APPLAUSE:139012,APPLAUSE:12570,30,5,TRANSLATION_MEDIAN_ONLY,False,False,True
23,APPLAUSE:12564 | APPLAUSE:139011,APPLAUSE:12564,APPLAUSE:139011,5,5,TRANSLATION_MEDIAN_ONLY,False,False,True
23,APPLAUSE:12564 | APPLAUSE:139011,APPLAUSE:12564,APPLAUSE:139011,10,5,TRANSLATION_MEDIAN_ONLY,False,False,True
23,APPLAUSE:12564 | APPLAUSE:139011,APPLAUSE:12564,APPLAUSE:139011,20,5,TRANSLATION_MEDIAN_ONLY,False,False,True
23,APPLAUSE:12564 | APPLAUSE:139011,APPLAUSE:12564,APPLAUSE:139011,30,5,TRANSLATION_MEDIAN_ONLY,False,False,True
24,APPLAUSE:131918 | DASCH:ivo://org.gavo.dc/~?dasch/q/am28316,DASCH:am28316:exp0,APPLAUSE:131918,5,5,TRANSLATION_MEDIAN_ONLY,False,False,True
24,APPLAUSE:131918 | DASCH:ivo://org.gavo.dc/~?dasch/q/am28316,DASCH:am28316:exp0,APPLAUSE:131918,10,5,TRANSLATION_MEDIAN_ONLY,False,False,True
24,APPLAUSE:131918 | DASCH:ivo://org.gavo.dc/~?dasch/q/am28316,DASCH:am28316:exp0,APPLAUSE:131918,20,5,TRANSLATION_MEDIAN_ONLY,False,False,True
24,APPLAUSE:131918 | DASCH:ivo://org.gavo.dc/~?dasch/q/am28316,DASCH:am28316:exp0,APPLAUSE:131918,30,5,TRANSLATION_MEDIAN_ONLY,False,False,True
25,APPLAUSE:131772 | DASCH:ivo://org.gavo.dc/~?dasch/q/bi05468,DASCH:bi05468:exp0,APPLAUSE:131772,5,5,TRANSLATION_MEDIAN_ONLY,False,False,True
25,APPLAUSE:131772 | DASCH:ivo://org.gavo.dc/~?dasch/q/bi05468,DASCH:bi05468:exp0,APPLAUSE:131772,10,5,TRANSLATION_MEDIAN_ONLY,False,False,True
25,APPLAUSE:131772 | DASCH:ivo://org.gavo.dc/~?dasch/q/bi05468,DASCH:bi05468:exp0,APPLAUSE:131772,20,5,TRANSLATION_MEDIAN_ONLY,False,False,True
25,APPLAUSE:131772 | DASCH:ivo://org.gavo.dc/~?dasch/q/bi05468,DASCH:bi05468:exp0,APPLAUSE:131772,30,5,TRANSLATION_MEDIAN_ONLY,False,False,True
26,APPLAUSE:132099 | DASCH:ivo://org.gavo.dc/~?dasch/q/mf40301,DASCH:mf40301:exp0,APPLAUSE:132099,5,5,TRANSLATION_MEDIAN_ONLY,False,False,True
26,APPLAUSE:132099 | DASCH:ivo://org.gavo.dc/~?dasch/q/mf40301,DASCH:mf40301:exp0,APPLAUSE:132099,10,5,TRANSLATION_MEDIAN_ONLY,False,False,True
26,APPLAUSE:132099 | DASCH:ivo://org.gavo.dc/~?dasch/q/mf40301,DASCH:mf40301:exp0,APPLAUSE:132099,20,5,TRANSLATION_MEDIAN_ONLY,False,False,True
26,APPLAUSE:132099 | DASCH:ivo://org.gavo.dc/~?dasch/q/mf40301,DASCH:mf40301:exp0,APPLAUSE:132099,30,5,TRANSLATION_MEDIAN_ONLY,False,False,True
27,APPLAUSE:11819 | DASCH:ivo://org.gavo.dc/~?dasch/q/bi05361,DASCH:bi05361:exp0,APPLAUSE:11819,5,5,TRANSLATION_MEDIAN_ONLY,False,False,True
27,APPLAUSE:11819 | DASCH:ivo://org.gavo.dc/~?dasch/q/bi05361,DASCH:bi05361:exp0,APPLAUSE:11819,10,5,TRANSLATION_MEDIAN_ONLY,False,False,True
27,APPLAUSE:11819 | DASCH:ivo://org.gavo.dc/~?dasch/q/bi05361,DASCH:bi05361:exp0,APPLAUSE:11819,20,5,TRANSLATION_MEDIAN_ONLY,False,False,True
27,APPLAUSE:11819 | DASCH:ivo://org.gavo.dc/~?dasch/q/bi05361,DASCH:bi05361:exp0,APPLAUSE:11819,30,5,TRANSLATION_MEDIAN_ONLY,False,False,True
28,APPLAUSE:13877 | APPLAUSE:139431,APPLAUSE:139431,APPLAUSE:13877,5,5,TRANSLATION_MEDIAN_ONLY,False,False,True
28,APPLAUSE:13877 | APPLAUSE:139431,APPLAUSE:139431,APPLAUSE:13877,10,5,TRANSLATION_MEDIAN_ONLY,False,False,True
28,APPLAUSE:13877 | APPLAUSE:139431,APPLAUSE:139431,APPLAUSE:13877,20,5,TRANSLATION_MEDIAN_ONLY,False,False,True
28,APPLAUSE:13877 | APPLAUSE:139431,APPLAUSE:139431,APPLAUSE:13877,30,5,TRANSLATION_MEDIAN_ONLY,False,False,True
29,APPLAUSE:13876 | APPLAUSE:139430,APPLAUSE:139430,APPLAUSE:13876,5,5,TRANSLATION_MEDIAN_ONLY,False,False,True
29,APPLAUSE:13876 | APPLAUSE:139430,APPLAUSE:139430,APPLAUSE:13876,10,5,TRANSLATION_MEDIAN_ONLY,False,False,True
29,APPLAUSE:13876 | APPLAUSE:139430,APPLAUSE:139430,APPLAUSE:13876,20,5,TRANSLATION_MEDIAN_ONLY,False,False,True
29,APPLAUSE:13876 | APPLAUSE:139430,APPLAUSE:139430,APPLAUSE:13876,30,5,TRANSLATION_MEDIAN_ONLY,False,False,True
30,APPLAUSE:139532 | DASCH:ivo://org.gavo.dc/~?dasch/q/j04686,APPLAUSE:139532,DASCH:j04686:exp0,5,5,TRANSLATION_MEDIAN_ONLY,False,False,True
30,APPLAUSE:139532 | DASCH:ivo://org.gavo.dc/~?dasch/q/j04686,APPLAUSE:139532,DASCH:j04686:exp0,10,5,TRANSLATION_MEDIAN_ONLY,False,False,True
30,APPLAUSE:139532 | DASCH:ivo://org.gavo.dc/~?dasch/q/j04686,APPLAUSE:139532,DASCH:j04686:exp0,20,5,TRANSLATION_MEDIAN_ONLY,False,False,True
30,APPLAUSE:139532 | DASCH:ivo://org.gavo.dc/~?dasch/q/j04686,APPLAUSE:139532,DASCH:j04686:exp0,30,5,TRANSLATION_MEDIAN_ONLY,False,False,True
31,APPLAUSE:11790 | DASCH:ivo://org.gavo.dc/~?dasch/q/b75711,APPLAUSE:11790,DASCH:b75711:exp0,5,5,TRANSLATION_MEDIAN_ONLY,False,False,True
31,APPLAUSE:11790 | DASCH:ivo://org.gavo.dc/~?dasch/q/b75711,APPLAUSE:11790,DASCH:b75711:exp0,10,5,TRANSLATION_MEDIAN_ONLY,False,False,True
31,APPLAUSE:11790 | DASCH:ivo://org.gavo.dc/~?dasch/q/b75711,APPLAUSE:11790,DASCH:b75711:exp0,20,5,TRANSLATION_MEDIAN_ONLY,False,False,True
31,APPLAUSE:11790 | DASCH:ivo://org.gavo.dc/~?dasch/q/b75711,APPLAUSE:11790,DASCH:b75711:exp0,30,5,TRANSLATION_MEDIAN_ONLY,False,False,True
32,APPLAUSE:12405 | APPLAUSE:131662,APPLAUSE:131662,APPLAUSE:12405,5,5,TRANSLATION_MEDIAN_ONLY,False,False,True
32,APPLAUSE:12405 | APPLAUSE:131662,APPLAUSE:131662,APPLAUSE:12405,10,5,TRANSLATION_MEDIAN_ONLY,False,False,True
32,APPLAUSE:12405 | APPLAUSE:131662,APPLAUSE:131662,APPLAUSE:12405,20,5,TRANSLATION_MEDIAN_ONLY,False,False,True
32,APPLAUSE:12405 | APPLAUSE:131662,APPLAUSE:131662,APPLAUSE:12405,30,5,TRANSLATION_MEDIAN_ONLY,False,False,True
33,APPLAUSE:12471 | DASCH:ivo://org.gavo.dc/~?dasch/q/bi05459,DASCH:bi05459:exp0,APPLAUSE:12471,5,5,TRANSLATION_MEDIAN_ONLY,False,False,True
33,APPLAUSE:12471 | DASCH:ivo://org.gavo.dc/~?dasch/q/bi05459,DASCH:bi05459:exp0,APPLAUSE:12471,10,5,TRANSLATION_MEDIAN_ONLY,False,False,True
33,APPLAUSE:12471 | DASCH:ivo://org.gavo.dc/~?dasch/q/bi05459,DASCH:bi05459:exp0,APPLAUSE:12471,20,5,TRANSLATION_MEDIAN_ONLY,False,False,True
33,APPLAUSE:12471 | DASCH:ivo://org.gavo.dc/~?dasch/q/bi05459,DASCH:bi05459:exp0,APPLAUSE:12471,30,5,TRANSLATION_MEDIAN_ONLY,False,False,True
