adjudication_order,pair_key,endpoint_a,endpoint_b,shift_radius_arcsec,direction,unit_dx,unit_dy,gate_3arcsec,gate_10arcsec,population_null_not_individual_rejection
1,APPLAUSE:132099 | DASCH:ivo://org.gavo.dc/~?dasch/q/bi05640,APPLAUSE:132099,DASCH:bi05640:exp0,60,N,0,1,True,True,True
1,APPLAUSE:132099 | DASCH:ivo://org.gavo.dc/~?dasch/q/bi05640,APPLAUSE:132099,DASCH:bi05640:exp0,60,NE,1,1,True,True,True
1,APPLAUSE:132099 | DASCH:ivo://org.gavo.dc/~?dasch/q/bi05640,APPLAUSE:132099,DASCH:bi05640:exp0,60,E,1,0,True,True,True
1,APPLAUSE:132099 | DASCH:ivo://org.gavo.dc/~?dasch/q/bi05640,APPLAUSE:132099,DASCH:bi05640:exp0,60,SE,1,-1,True,True,True
1,APPLAUSE:132099 | DASCH:ivo://org.gavo.dc/~?dasch/q/bi05640,APPLAUSE:132099,DASCH:bi05640:exp0,60,S,0,-1,True,True,True
1,APPLAUSE:132099 | DASCH:ivo://org.gavo.dc/~?dasch/q/bi05640,APPLAUSE:132099,DASCH:bi05640:exp0,60,SW,-1,-1,True,True,True
1,APPLAUSE:132099 | DASCH:ivo://org.gavo.dc/~?dasch/q/bi05640,APPLAUSE:132099,DASCH:bi05640:exp0,60,W,-1,0,True,True,True
1,APPLAUSE:132099 | DASCH:ivo://org.gavo.dc/~?dasch/q/bi05640,APPLAUSE:132099,DASCH:bi05640:exp0,60,NW,-1,1,True,True,True
1,APPLAUSE:132099 | DASCH:ivo://org.gavo.dc/~?dasch/q/bi05640,APPLAUSE:132099,DASCH:bi05640:exp0,120,N,0,1,True,True,True
1,APPLAUSE:132099 | DASCH:ivo://org.gavo.dc/~?dasch/q/bi05640,APPLAUSE:132099,DASCH:bi05640:exp0,120,NE,1,1,True,True,True
1,APPLAUSE:132099 | DASCH:ivo://org.gavo.dc/~?dasch/q/bi05640,APPLAUSE:132099,DASCH:bi05640:exp0,120,E,1,0,True,True,True
1,APPLAUSE:132099 | DASCH:ivo://org.gavo.dc/~?dasch/q/bi05640,APPLAUSE:132099,DASCH:bi05640:exp0,120,SE,1,-1,True,True,True
1,APPLAUSE:132099 | DASCH:ivo://org.gavo.dc/~?dasch/q/bi05640,APPLAUSE:132099,DASCH:bi05640:exp0,120,S,0,-1,True,True,True
1,APPLAUSE:132099 | DASCH:ivo://org.gavo.dc/~?dasch/q/bi05640,APPLAUSE:132099,DASCH:bi05640:exp0,120,SW,-1,-1,True,True,True
1,APPLAUSE:132099 | DASCH:ivo://org.gavo.dc/~?dasch/q/bi05640,APPLAUSE:132099,DASCH:bi05640:exp0,120,W,-1,0,True,True,True
1,APPLAUSE:132099 | DASCH:ivo://org.gavo.dc/~?dasch/q/bi05640,APPLAUSE:132099,DASCH:bi05640:exp0,120,NW,-1,1,True,True,True
2,APPLAUSE:13623 | DASCH:ivo://org.gavo.dc/~?dasch/q/bi05607,APPLAUSE:13623,DASCH:bi05607:exp0,60,N,0,1,True,True,True
2,APPLAUSE:13623 | DASCH:ivo://org.gavo.dc/~?dasch/q/bi05607,APPLAUSE:13623,DASCH:bi05607:exp0,60,NE,1,1,True,True,True
2,APPLAUSE:13623 | DASCH:ivo://org.gavo.dc/~?dasch/q/bi05607,APPLAUSE:13623,DASCH:bi05607:exp0,60,E,1,0,True,True,True
2,APPLAUSE:13623 | DASCH:ivo://org.gavo.dc/~?dasch/q/bi05607,APPLAUSE:13623,DASCH:bi05607:exp0,60,SE,1,-1,True,True,True
2,APPLAUSE:13623 | DASCH:ivo://org.gavo.dc/~?dasch/q/bi05607,APPLAUSE:13623,DASCH:bi05607:exp0,60,S,0,-1,True,True,True
2,APPLAUSE:13623 | DASCH:ivo://org.gavo.dc/~?dasch/q/bi05607,APPLAUSE:13623,DASCH:bi05607:exp0,60,SW,-1,-1,True,True,True
2,APPLAUSE:13623 | DASCH:ivo://org.gavo.dc/~?dasch/q/bi05607,APPLAUSE:13623,DASCH:bi05607:exp0,60,W,-1,0,True,True,True
2,APPLAUSE:13623 | DASCH:ivo://org.gavo.dc/~?dasch/q/bi05607,APPLAUSE:13623,DASCH:bi05607:exp0,60,NW,-1,1,True,True,True
2,APPLAUSE:13623 | DASCH:ivo://org.gavo.dc/~?dasch/q/bi05607,APPLAUSE:13623,DASCH:bi05607:exp0,120,N,0,1,True,True,True
2,APPLAUSE:13623 | DASCH:ivo://org.gavo.dc/~?dasch/q/bi05607,APPLAUSE:13623,DASCH:bi05607:exp0,120,NE,1,1,True,True,True
2,APPLAUSE:13623 | DASCH:ivo://org.gavo.dc/~?dasch/q/bi05607,APPLAUSE:13623,DASCH:bi05607:exp0,120,E,1,0,True,True,True
2,APPLAUSE:13623 | DASCH:ivo://org.gavo.dc/~?dasch/q/bi05607,APPLAUSE:13623,DASCH:bi05607:exp0,120,SE,1,-1,True,True,True
2,APPLAUSE:13623 | DASCH:ivo://org.gavo.dc/~?dasch/q/bi05607,APPLAUSE:13623,DASCH:bi05607:exp0,120,S,0,-1,True,True,True
2,APPLAUSE:13623 | DASCH:ivo://org.gavo.dc/~?dasch/q/bi05607,APPLAUSE:13623,DASCH:bi05607:exp0,120,SW,-1,-1,True,True,True
2,APPLAUSE:13623 | DASCH:ivo://org.gavo.dc/~?dasch/q/bi05607,APPLAUSE:13623,DASCH:bi05607:exp0,120,W,-1,0,True,True,True
2,APPLAUSE:13623 | DASCH:ivo://org.gavo.dc/~?dasch/q/bi05607,APPLAUSE:13623,DASCH:bi05607:exp0,120,NW,-1,1,True,True,True
3,APPLAUSE:131892 | DASCH:ivo://org.gavo.dc/~?dasch/q/ax04674,APPLAUSE:131892,DASCH:ax04674:exp0,60,N,0,1,True,True,True
3,APPLAUSE:131892 | DASCH:ivo://org.gavo.dc/~?dasch/q/ax04674,APPLAUSE:131892,DASCH:ax04674:exp0,60,NE,1,1,True,True,True
3,APPLAUSE:131892 | DASCH:ivo://org.gavo.dc/~?dasch/q/ax04674,APPLAUSE:131892,DASCH:ax04674:exp0,60,E,1,0,True,True,True
3,APPLAUSE:131892 | DASCH:ivo://org.gavo.dc/~?dasch/q/ax04674,APPLAUSE:131892,DASCH:ax04674:exp0,60,SE,1,-1,True,True,True
3,APPLAUSE:131892 | DASCH:ivo://org.gavo.dc/~?dasch/q/ax04674,APPLAUSE:131892,DASCH:ax04674:exp0,60,S,0,-1,True,True,True
3,APPLAUSE:131892 | DASCH:ivo://org.gavo.dc/~?dasch/q/ax04674,APPLAUSE:131892,DASCH:ax04674:exp0,60,SW,-1,-1,True,True,True
3,APPLAUSE:131892 | DASCH:ivo://org.gavo.dc/~?dasch/q/ax04674,APPLAUSE:131892,DASCH:ax04674:exp0,60,W,-1,0,True,True,True
3,APPLAUSE:131892 | DASCH:ivo://org.gavo.dc/~?dasch/q/ax04674,APPLAUSE:131892,DASCH:ax04674:exp0,60,NW,-1,1,True,True,True
3,APPLAUSE:131892 | DASCH:ivo://org.gavo.dc/~?dasch/q/ax04674,APPLAUSE:131892,DASCH:ax04674:exp0,120,N,0,1,True,True,True
3,APPLAUSE:131892 | DASCH:ivo://org.gavo.dc/~?dasch/q/ax04674,APPLAUSE:131892,DASCH:ax04674:exp0,120,NE,1,1,True,True,True
3,APPLAUSE:131892 | DASCH:ivo://org.gavo.dc/~?dasch/q/ax04674,APPLAUSE:131892,DASCH:ax04674:exp0,120,E,1,0,True,True,True
3,APPLAUSE:131892 | DASCH:ivo://org.gavo.dc/~?dasch/q/ax04674,APPLAUSE:131892,DASCH:ax04674:exp0,120,SE,1,-1,True,True,True
3,APPLAUSE:131892 | DASCH:ivo://org.gavo.dc/~?dasch/q/ax04674,APPLAUSE:131892,DASCH:ax04674:exp0,120,S,0,-1,True,True,True
3,APPLAUSE:131892 | DASCH:ivo://org.gavo.dc/~?dasch/q/ax04674,APPLAUSE:131892,DASCH:ax04674:exp0,120,SW,-1,-1,True,True,True
3,APPLAUSE:131892 | DASCH:ivo://org.gavo.dc/~?dasch/q/ax04674,APPLAUSE:131892,DASCH:ax04674:exp0,120,W,-1,0,True,True,True
3,APPLAUSE:131892 | DASCH:ivo://org.gavo.dc/~?dasch/q/ax04674,APPLAUSE:131892,DASCH:ax04674:exp0,120,NW,-1,1,True,True,True
4,APPLAUSE:11788 | DASCH:ivo://org.gavo.dc/~?dasch/q/bi05352,DASCH:bi05352:exp0,APPLAUSE:11788,60,N,0,1,True,True,True
4,APPLAUSE:11788 | DASCH:ivo://org.gavo.dc/~?dasch/q/bi05352,DASCH:bi05352:exp0,APPLAUSE:11788,60,NE,1,1,True,True,True
4,APPLAUSE:11788 | DASCH:ivo://org.gavo.dc/~?dasch/q/bi05352,DASCH:bi05352:exp0,APPLAUSE:11788,60,E,1,0,True,True,True
4,APPLAUSE:11788 | DASCH:ivo://org.gavo.dc/~?dasch/q/bi05352,DASCH:bi05352:exp0,APPLAUSE:11788,60,SE,1,-1,True,True,True
4,APPLAUSE:11788 | DASCH:ivo://org.gavo.dc/~?dasch/q/bi05352,DASCH:bi05352:exp0,APPLAUSE:11788,60,S,0,-1,True,True,True
4,APPLAUSE:11788 | DASCH:ivo://org.gavo.dc/~?dasch/q/bi05352,DASCH:bi05352:exp0,APPLAUSE:11788,60,SW,-1,-1,True,True,True
4,APPLAUSE:11788 | DASCH:ivo://org.gavo.dc/~?dasch/q/bi05352,DASCH:bi05352:exp0,APPLAUSE:11788,60,W,-1,0,True,True,True
4,APPLAUSE:11788 | DASCH:ivo://org.gavo.dc/~?dasch/q/bi05352,DASCH:bi05352:exp0,APPLAUSE:11788,60,NW,-1,1,True,True,True
4,APPLAUSE:11788 | DASCH:ivo://org.gavo.dc/~?dasch/q/bi05352,DASCH:bi05352:exp0,APPLAUSE:11788,120,N,0,1,True,True,True
4,APPLAUSE:11788 | DASCH:ivo://org.gavo.dc/~?dasch/q/bi05352,DASCH:bi05352:exp0,APPLAUSE:11788,120,NE,1,1,True,True,True
4,APPLAUSE:11788 | DASCH:ivo://org.gavo.dc/~?dasch/q/bi05352,DASCH:bi05352:exp0,APPLAUSE:11788,120,E,1,0,True,True,True
4,APPLAUSE:11788 | DASCH:ivo://org.gavo.dc/~?dasch/q/bi05352,DASCH:bi05352:exp0,APPLAUSE:11788,120,SE,1,-1,True,True,True
4,APPLAUSE:11788 | DASCH:ivo://org.gavo.dc/~?dasch/q/bi05352,DASCH:bi05352:exp0,APPLAUSE:11788,120,S,0,-1,True,True,True
4,APPLAUSE:11788 | DASCH:ivo://org.gavo.dc/~?dasch/q/bi05352,DASCH:bi05352:exp0,APPLAUSE:11788,120,SW,-1,-1,True,True,True
4,APPLAUSE:11788 | DASCH:ivo://org.gavo.dc/~?dasch/q/bi05352,DASCH:bi05352:exp0,APPLAUSE:11788,120,W,-1,0,True,True,True
4,APPLAUSE:11788 | DASCH:ivo://org.gavo.dc/~?dasch/q/bi05352,DASCH:bi05352:exp0,APPLAUSE:11788,120,NW,-1,1,True,True,True
5,APPLAUSE:11787 | DASCH:ivo://org.gavo.dc/~?dasch/q/bi05352,DASCH:bi05352:exp0,APPLAUSE:11787,60,N,0,1,True,True,True
5,APPLAUSE:11787 | DASCH:ivo://org.gavo.dc/~?dasch/q/bi05352,DASCH:bi05352:exp0,APPLAUSE:11787,60,NE,1,1,True,True,True
5,APPLAUSE:11787 | DASCH:ivo://org.gavo.dc/~?dasch/q/bi05352,DASCH:bi05352:exp0,APPLAUSE:11787,60,E,1,0,True,True,True
5,APPLAUSE:11787 | DASCH:ivo://org.gavo.dc/~?dasch/q/bi05352,DASCH:bi05352:exp0,APPLAUSE:11787,60,SE,1,-1,True,True,True
5,APPLAUSE:11787 | DASCH:ivo://org.gavo.dc/~?dasch/q/bi05352,DASCH:bi05352:exp0,APPLAUSE:11787,60,S,0,-1,True,True,True
5,APPLAUSE:11787 | DASCH:ivo://org.gavo.dc/~?dasch/q/bi05352,DASCH:bi05352:exp0,APPLAUSE:11787,60,SW,-1,-1,True,True,True
5,APPLAUSE:11787 | DASCH:ivo://org.gavo.dc/~?dasch/q/bi05352,DASCH:bi05352:exp0,APPLAUSE:11787,60,W,-1,0,True,True,True
5,APPLAUSE:11787 | DASCH:ivo://org.gavo.dc/~?dasch/q/bi05352,DASCH:bi05352:exp0,APPLAUSE:11787,60,NW,-1,1,True,True,True
5,APPLAUSE:11787 | DASCH:ivo://org.gavo.dc/~?dasch/q/bi05352,DASCH:bi05352:exp0,APPLAUSE:11787,120,N,0,1,True,True,True
5,APPLAUSE:11787 | DASCH:ivo://org.gavo.dc/~?dasch/q/bi05352,DASCH:bi05352:exp0,APPLAUSE:11787,120,NE,1,1,True,True,True
5,APPLAUSE:11787 | DASCH:ivo://org.gavo.dc/~?dasch/q/bi05352,DASCH:bi05352:exp0,APPLAUSE:11787,120,E,1,0,True,True,True
5,APPLAUSE:11787 | DASCH:ivo://org.gavo.dc/~?dasch/q/bi05352,DASCH:bi05352:exp0,APPLAUSE:11787,120,SE,1,-1,True,True,True
5,APPLAUSE:11787 | DASCH:ivo://org.gavo.dc/~?dasch/q/bi05352,DASCH:bi05352:exp0,APPLAUSE:11787,120,S,0,-1,True,True,True
5,APPLAUSE:11787 | DASCH:ivo://org.gavo.dc/~?dasch/q/bi05352,DASCH:bi05352:exp0,APPLAUSE:11787,120,SW,-1,-1,True,True,True
5,APPLAUSE:11787 | DASCH:ivo://org.gavo.dc/~?dasch/q/bi05352,DASCH:bi05352:exp0,APPLAUSE:11787,120,W,-1,0,True,True,True
5,APPLAUSE:11787 | DASCH:ivo://org.gavo.dc/~?dasch/q/bi05352,DASCH:bi05352:exp0,APPLAUSE:11787,120,NW,-1,1,True,True,True
6,APPLAUSE:12565 | APPLAUSE:139011,APPLAUSE:12565,APPLAUSE:139011,60,N,0,1,True,True,True
6,APPLAUSE:12565 | APPLAUSE:139011,APPLAUSE:12565,APPLAUSE:139011,60,NE,1,1,True,True,True
6,APPLAUSE:12565 | APPLAUSE:139011,APPLAUSE:12565,APPLAUSE:139011,60,E,1,0,True,True,True
6,APPLAUSE:12565 | APPLAUSE:139011,APPLAUSE:12565,APPLAUSE:139011,60,SE,1,-1,True,True,True
6,APPLAUSE:12565 | APPLAUSE:139011,APPLAUSE:12565,APPLAUSE:139011,60,S,0,-1,True,True,True
6,APPLAUSE:12565 | APPLAUSE:139011,APPLAUSE:12565,APPLAUSE:139011,60,SW,-1,-1,True,True,True
6,APPLAUSE:12565 | APPLAUSE:139011,APPLAUSE:12565,APPLAUSE:139011,60,W,-1,0,True,True,True
6,APPLAUSE:12565 | APPLAUSE:139011,APPLAUSE:12565,APPLAUSE:139011,60,NW,-1,1,True,True,True
6,APPLAUSE:12565 | APPLAUSE:139011,APPLAUSE:12565,APPLAUSE:139011,120,N,0,1,True,True,True
6,APPLAUSE:12565 | APPLAUSE:139011,APPLAUSE:12565,APPLAUSE:139011,120,NE,1,1,True,True,True
6,APPLAUSE:12565 | APPLAUSE:139011,APPLAUSE:12565,APPLAUSE:139011,120,E,1,0,True,True,True
6,APPLAUSE:12565 | APPLAUSE:139011,APPLAUSE:12565,APPLAUSE:139011,120,SE,1,-1,True,True,True
6,APPLAUSE:12565 | APPLAUSE:139011,APPLAUSE:12565,APPLAUSE:139011,120,S,0,-1,True,True,True
6,APPLAUSE:12565 | APPLAUSE:139011,APPLAUSE:12565,APPLAUSE:139011,120,SW,-1,-1,True,True,True
6,APPLAUSE:12565 | APPLAUSE:139011,APPLAUSE:12565,APPLAUSE:139011,120,W,-1,0,True,True,True
6,APPLAUSE:12565 | APPLAUSE:139011,APPLAUSE:12565,APPLAUSE:139011,120,NW,-1,1,True,True,True
7,APPLAUSE:12568 | APPLAUSE:139012,APPLAUSE:12568,APPLAUSE:139012,60,N,0,1,True,True,True
7,APPLAUSE:12568 | APPLAUSE:139012,APPLAUSE:12568,APPLAUSE:139012,60,NE,1,1,True,True,True
7,APPLAUSE:12568 | APPLAUSE:139012,APPLAUSE:12568,APPLAUSE:139012,60,E,1,0,True,True,True
7,APPLAUSE:12568 | APPLAUSE:139012,APPLAUSE:12568,APPLAUSE:139012,60,SE,1,-1,True,True,True
7,APPLAUSE:12568 | APPLAUSE:139012,APPLAUSE:12568,APPLAUSE:139012,60,S,0,-1,True,True,True
7,APPLAUSE:12568 | APPLAUSE:139012,APPLAUSE:12568,APPLAUSE:139012,60,SW,-1,-1,True,True,True
7,APPLAUSE:12568 | APPLAUSE:139012,APPLAUSE:12568,APPLAUSE:139012,60,W,-1,0,True,True,True
7,APPLAUSE:12568 | APPLAUSE:139012,APPLAUSE:12568,APPLAUSE:139012,60,NW,-1,1,True,True,True
7,APPLAUSE:12568 | APPLAUSE:139012,APPLAUSE:12568,APPLAUSE:139012,120,N,0,1,True,True,True
7,APPLAUSE:12568 | APPLAUSE:139012,APPLAUSE:12568,APPLAUSE:139012,120,NE,1,1,True,True,True
7,APPLAUSE:12568 | APPLAUSE:139012,APPLAUSE:12568,APPLAUSE:139012,120,E,1,0,True,True,True
7,APPLAUSE:12568 | APPLAUSE:139012,APPLAUSE:12568,APPLAUSE:139012,120,SE,1,-1,True,True,True
7,APPLAUSE:12568 | APPLAUSE:139012,APPLAUSE:12568,APPLAUSE:139012,120,S,0,-1,True,True,True
7,APPLAUSE:12568 | APPLAUSE:139012,APPLAUSE:12568,APPLAUSE:139012,120,SW,-1,-1,True,True,True
7,APPLAUSE:12568 | APPLAUSE:139012,APPLAUSE:12568,APPLAUSE:139012,120,W,-1,0,True,True,True
7,APPLAUSE:12568 | APPLAUSE:139012,APPLAUSE:12568,APPLAUSE:139012,120,NW,-1,1,True,True,True
8,APPLAUSE:12469 | DASCH:ivo://org.gavo.dc/~?dasch/q/bi05459,DASCH:bi05459:exp0,APPLAUSE:12469,60,N,0,1,True,True,True
8,APPLAUSE:12469 | DASCH:ivo://org.gavo.dc/~?dasch/q/bi05459,DASCH:bi05459:exp0,APPLAUSE:12469,60,NE,1,1,True,True,True
8,APPLAUSE:12469 | DASCH:ivo://org.gavo.dc/~?dasch/q/bi05459,DASCH:bi05459:exp0,APPLAUSE:12469,60,E,1,0,True,True,True
8,APPLAUSE:12469 | DASCH:ivo://org.gavo.dc/~?dasch/q/bi05459,DASCH:bi05459:exp0,APPLAUSE:12469,60,SE,1,-1,True,True,True
8,APPLAUSE:12469 | DASCH:ivo://org.gavo.dc/~?dasch/q/bi05459,DASCH:bi05459:exp0,APPLAUSE:12469,60,S,0,-1,True,True,True
8,APPLAUSE:12469 | DASCH:ivo://org.gavo.dc/~?dasch/q/bi05459,DASCH:bi05459:exp0,APPLAUSE:12469,60,SW,-1,-1,True,True,True
8,APPLAUSE:12469 | DASCH:ivo://org.gavo.dc/~?dasch/q/bi05459,DASCH:bi05459:exp0,APPLAUSE:12469,60,W,-1,0,True,True,True
8,APPLAUSE:12469 | DASCH:ivo://org.gavo.dc/~?dasch/q/bi05459,DASCH:bi05459:exp0,APPLAUSE:12469,60,NW,-1,1,True,True,True
8,APPLAUSE:12469 | DASCH:ivo://org.gavo.dc/~?dasch/q/bi05459,DASCH:bi05459:exp0,APPLAUSE:12469,120,N,0,1,True,True,True
8,APPLAUSE:12469 | DASCH:ivo://org.gavo.dc/~?dasch/q/bi05459,DASCH:bi05459:exp0,APPLAUSE:12469,120,NE,1,1,True,True,True
8,APPLAUSE:12469 | DASCH:ivo://org.gavo.dc/~?dasch/q/bi05459,DASCH:bi05459:exp0,APPLAUSE:12469,120,E,1,0,True,True,True
8,APPLAUSE:12469 | DASCH:ivo://org.gavo.dc/~?dasch/q/bi05459,DASCH:bi05459:exp0,APPLAUSE:12469,120,SE,1,-1,True,True,True
8,APPLAUSE:12469 | DASCH:ivo://org.gavo.dc/~?dasch/q/bi05459,DASCH:bi05459:exp0,APPLAUSE:12469,120,S,0,-1,True,True,True
8,APPLAUSE:12469 | DASCH:ivo://org.gavo.dc/~?dasch/q/bi05459,DASCH:bi05459:exp0,APPLAUSE:12469,120,SW,-1,-1,True,True,True
8,APPLAUSE:12469 | DASCH:ivo://org.gavo.dc/~?dasch/q/bi05459,DASCH:bi05459:exp0,APPLAUSE:12469,120,W,-1,0,True,True,True
8,APPLAUSE:12469 | DASCH:ivo://org.gavo.dc/~?dasch/q/bi05459,DASCH:bi05459:exp0,APPLAUSE:12469,120,NW,-1,1,True,True,True
9,APPLAUSE:12563 | APPLAUSE:139010,APPLAUSE:12563,APPLAUSE:139010,60,N,0,1,True,True,True
9,APPLAUSE:12563 | APPLAUSE:139010,APPLAUSE:12563,APPLAUSE:139010,60,NE,1,1,True,True,True
9,APPLAUSE:12563 | APPLAUSE:139010,APPLAUSE:12563,APPLAUSE:139010,60,E,1,0,True,True,True
9,APPLAUSE:12563 | APPLAUSE:139010,APPLAUSE:12563,APPLAUSE:139010,60,SE,1,-1,True,True,True
9,APPLAUSE:12563 | APPLAUSE:139010,APPLAUSE:12563,APPLAUSE:139010,60,S,0,-1,True,True,True
9,APPLAUSE:12563 | APPLAUSE:139010,APPLAUSE:12563,APPLAUSE:139010,60,SW,-1,-1,True,True,True
9,APPLAUSE:12563 | APPLAUSE:139010,APPLAUSE:12563,APPLAUSE:139010,60,W,-1,0,True,True,True
9,APPLAUSE:12563 | APPLAUSE:139010,APPLAUSE:12563,APPLAUSE:139010,60,NW,-1,1,True,True,True
9,APPLAUSE:12563 | APPLAUSE:139010,APPLAUSE:12563,APPLAUSE:139010,120,N,0,1,True,True,True
9,APPLAUSE:12563 | APPLAUSE:139010,APPLAUSE:12563,APPLAUSE:139010,120,NE,1,1,True,True,True
9,APPLAUSE:12563 | APPLAUSE:139010,APPLAUSE:12563,APPLAUSE:139010,120,E,1,0,True,True,True
9,APPLAUSE:12563 | APPLAUSE:139010,APPLAUSE:12563,APPLAUSE:139010,120,SE,1,-1,True,True,True
9,APPLAUSE:12563 | APPLAUSE:139010,APPLAUSE:12563,APPLAUSE:139010,120,S,0,-1,True,True,True
9,APPLAUSE:12563 | APPLAUSE:139010,APPLAUSE:12563,APPLAUSE:139010,120,SW,-1,-1,True,True,True
9,APPLAUSE:12563 | APPLAUSE:139010,APPLAUSE:12563,APPLAUSE:139010,120,W,-1,0,True,True,True
9,APPLAUSE:12563 | APPLAUSE:139010,APPLAUSE:12563,APPLAUSE:139010,120,NW,-1,1,True,True,True
10,APPLAUSE:12566 | APPLAUSE:139011,APPLAUSE:139011,APPLAUSE:12566,60,N,0,1,True,True,True
10,APPLAUSE:12566 | APPLAUSE:139011,APPLAUSE:139011,APPLAUSE:12566,60,NE,1,1,True,True,True
10,APPLAUSE:12566 | APPLAUSE:139011,APPLAUSE:139011,APPLAUSE:12566,60,E,1,0,True,True,True
10,APPLAUSE:12566 | APPLAUSE:139011,APPLAUSE:139011,APPLAUSE:12566,60,SE,1,-1,True,True,True
10,APPLAUSE:12566 | APPLAUSE:139011,APPLAUSE:139011,APPLAUSE:12566,60,S,0,-1,True,True,True
10,APPLAUSE:12566 | APPLAUSE:139011,APPLAUSE:139011,APPLAUSE:12566,60,SW,-1,-1,True,True,True
10,APPLAUSE:12566 | APPLAUSE:139011,APPLAUSE:139011,APPLAUSE:12566,60,W,-1,0,True,True,True
10,APPLAUSE:12566 | APPLAUSE:139011,APPLAUSE:139011,APPLAUSE:12566,60,NW,-1,1,True,True,True
10,APPLAUSE:12566 | APPLAUSE:139011,APPLAUSE:139011,APPLAUSE:12566,120,N,0,1,True,True,True
10,APPLAUSE:12566 | APPLAUSE:139011,APPLAUSE:139011,APPLAUSE:12566,120,NE,1,1,True,True,True
10,APPLAUSE:12566 | APPLAUSE:139011,APPLAUSE:139011,APPLAUSE:12566,120,E,1,0,True,True,True
10,APPLAUSE:12566 | APPLAUSE:139011,APPLAUSE:139011,APPLAUSE:12566,120,SE,1,-1,True,True,True
10,APPLAUSE:12566 | APPLAUSE:139011,APPLAUSE:139011,APPLAUSE:12566,120,S,0,-1,True,True,True
10,APPLAUSE:12566 | APPLAUSE:139011,APPLAUSE:139011,APPLAUSE:12566,120,SW,-1,-1,True,True,True
10,APPLAUSE:12566 | APPLAUSE:139011,APPLAUSE:139011,APPLAUSE:12566,120,W,-1,0,True,True,True
10,APPLAUSE:12566 | APPLAUSE:139011,APPLAUSE:139011,APPLAUSE:12566,120,NW,-1,1,True,True,True
11,APPLAUSE:12569 | APPLAUSE:139012,APPLAUSE:139012,APPLAUSE:12569,60,N,0,1,True,True,True
11,APPLAUSE:12569 | APPLAUSE:139012,APPLAUSE:139012,APPLAUSE:12569,60,NE,1,1,True,True,True
11,APPLAUSE:12569 | APPLAUSE:139012,APPLAUSE:139012,APPLAUSE:12569,60,E,1,0,True,True,True
11,APPLAUSE:12569 | APPLAUSE:139012,APPLAUSE:139012,APPLAUSE:12569,60,SE,1,-1,True,True,True
11,APPLAUSE:12569 | APPLAUSE:139012,APPLAUSE:139012,APPLAUSE:12569,60,S,0,-1,True,True,True
11,APPLAUSE:12569 | APPLAUSE:139012,APPLAUSE:139012,APPLAUSE:12569,60,SW,-1,-1,True,True,True
11,APPLAUSE:12569 | APPLAUSE:139012,APPLAUSE:139012,APPLAUSE:12569,60,W,-1,0,True,True,True
11,APPLAUSE:12569 | APPLAUSE:139012,APPLAUSE:139012,APPLAUSE:12569,60,NW,-1,1,True,True,True
11,APPLAUSE:12569 | APPLAUSE:139012,APPLAUSE:139012,APPLAUSE:12569,120,N,0,1,True,True,True
11,APPLAUSE:12569 | APPLAUSE:139012,APPLAUSE:139012,APPLAUSE:12569,120,NE,1,1,True,True,True
11,APPLAUSE:12569 | APPLAUSE:139012,APPLAUSE:139012,APPLAUSE:12569,120,E,1,0,True,True,True
11,APPLAUSE:12569 | APPLAUSE:139012,APPLAUSE:139012,APPLAUSE:12569,120,SE,1,-1,True,True,True
11,APPLAUSE:12569 | APPLAUSE:139012,APPLAUSE:139012,APPLAUSE:12569,120,S,0,-1,True,True,True
11,APPLAUSE:12569 | APPLAUSE:139012,APPLAUSE:139012,APPLAUSE:12569,120,SW,-1,-1,True,True,True
11,APPLAUSE:12569 | APPLAUSE:139012,APPLAUSE:139012,APPLAUSE:12569,120,W,-1,0,True,True,True
11,APPLAUSE:12569 | APPLAUSE:139012,APPLAUSE:139012,APPLAUSE:12569,120,NW,-1,1,True,True,True
12,APPLAUSE:132096 | DASCH:ivo://org.gavo.dc/~?dasch/q/mf40300,DASCH:mf40300:exp0,APPLAUSE:132096,60,N,0,1,True,True,True
12,APPLAUSE:132096 | DASCH:ivo://org.gavo.dc/~?dasch/q/mf40300,DASCH:mf40300:exp0,APPLAUSE:132096,60,NE,1,1,True,True,True
12,APPLAUSE:132096 | DASCH:ivo://org.gavo.dc/~?dasch/q/mf40300,DASCH:mf40300:exp0,APPLAUSE:132096,60,E,1,0,True,True,True
12,APPLAUSE:132096 | DASCH:ivo://org.gavo.dc/~?dasch/q/mf40300,DASCH:mf40300:exp0,APPLAUSE:132096,60,SE,1,-1,True,True,True
12,APPLAUSE:132096 | DASCH:ivo://org.gavo.dc/~?dasch/q/mf40300,DASCH:mf40300:exp0,APPLAUSE:132096,60,S,0,-1,True,True,True
12,APPLAUSE:132096 | DASCH:ivo://org.gavo.dc/~?dasch/q/mf40300,DASCH:mf40300:exp0,APPLAUSE:132096,60,SW,-1,-1,True,True,True
12,APPLAUSE:132096 | DASCH:ivo://org.gavo.dc/~?dasch/q/mf40300,DASCH:mf40300:exp0,APPLAUSE:132096,60,W,-1,0,True,True,True
12,APPLAUSE:132096 | DASCH:ivo://org.gavo.dc/~?dasch/q/mf40300,DASCH:mf40300:exp0,APPLAUSE:132096,60,NW,-1,1,True,True,True
12,APPLAUSE:132096 | DASCH:ivo://org.gavo.dc/~?dasch/q/mf40300,DASCH:mf40300:exp0,APPLAUSE:132096,120,N,0,1,True,True,True
12,APPLAUSE:132096 | DASCH:ivo://org.gavo.dc/~?dasch/q/mf40300,DASCH:mf40300:exp0,APPLAUSE:132096,120,NE,1,1,True,True,True
12,APPLAUSE:132096 | DASCH:ivo://org.gavo.dc/~?dasch/q/mf40300,DASCH:mf40300:exp0,APPLAUSE:132096,120,E,1,0,True,True,True
12,APPLAUSE:132096 | DASCH:ivo://org.gavo.dc/~?dasch/q/mf40300,DASCH:mf40300:exp0,APPLAUSE:132096,120,SE,1,-1,True,True,True
12,APPLAUSE:132096 | DASCH:ivo://org.gavo.dc/~?dasch/q/mf40300,DASCH:mf40300:exp0,APPLAUSE:132096,120,S,0,-1,True,True,True
12,APPLAUSE:132096 | DASCH:ivo://org.gavo.dc/~?dasch/q/mf40300,DASCH:mf40300:exp0,APPLAUSE:132096,120,SW,-1,-1,True,True,True
12,APPLAUSE:132096 | DASCH:ivo://org.gavo.dc/~?dasch/q/mf40300,DASCH:mf40300:exp0,APPLAUSE:132096,120,W,-1,0,True,True,True
12,APPLAUSE:132096 | DASCH:ivo://org.gavo.dc/~?dasch/q/mf40300,DASCH:mf40300:exp0,APPLAUSE:132096,120,NW,-1,1,True,True,True
13,APPLAUSE:13878 | APPLAUSE:139432,APPLAUSE:139432,APPLAUSE:13878,60,N,0,1,True,True,True
13,APPLAUSE:13878 | APPLAUSE:139432,APPLAUSE:139432,APPLAUSE:13878,60,NE,1,1,True,True,True
13,APPLAUSE:13878 | APPLAUSE:139432,APPLAUSE:139432,APPLAUSE:13878,60,E,1,0,True,True,True
13,APPLAUSE:13878 | APPLAUSE:139432,APPLAUSE:139432,APPLAUSE:13878,60,SE,1,-1,True,True,True
13,APPLAUSE:13878 | APPLAUSE:139432,APPLAUSE:139432,APPLAUSE:13878,60,S,0,-1,True,True,True
13,APPLAUSE:13878 | APPLAUSE:139432,APPLAUSE:139432,APPLAUSE:13878,60,SW,-1,-1,True,True,True
13,APPLAUSE:13878 | APPLAUSE:139432,APPLAUSE:139432,APPLAUSE:13878,60,W,-1,0,True,True,True
13,APPLAUSE:13878 | APPLAUSE:139432,APPLAUSE:139432,APPLAUSE:13878,60,NW,-1,1,True,True,True
13,APPLAUSE:13878 | APPLAUSE:139432,APPLAUSE:139432,APPLAUSE:13878,120,N,0,1,True,True,True
13,APPLAUSE:13878 | APPLAUSE:139432,APPLAUSE:139432,APPLAUSE:13878,120,NE,1,1,True,True,True
13,APPLAUSE:13878 | APPLAUSE:139432,APPLAUSE:139432,APPLAUSE:13878,120,E,1,0,True,True,True
13,APPLAUSE:13878 | APPLAUSE:139432,APPLAUSE:139432,APPLAUSE:13878,120,SE,1,-1,True,True,True
13,APPLAUSE:13878 | APPLAUSE:139432,APPLAUSE:139432,APPLAUSE:13878,120,S,0,-1,True,True,True
13,APPLAUSE:13878 | APPLAUSE:139432,APPLAUSE:139432,APPLAUSE:13878,120,SW,-1,-1,True,True,True
13,APPLAUSE:13878 | APPLAUSE:139432,APPLAUSE:139432,APPLAUSE:13878,120,W,-1,0,True,True,True
13,APPLAUSE:13878 | APPLAUSE:139432,APPLAUSE:139432,APPLAUSE:13878,120,NW,-1,1,True,True,True
14,APPLAUSE:13879 | APPLAUSE:139433,APPLAUSE:139433,APPLAUSE:13879,60,N,0,1,True,True,True
14,APPLAUSE:13879 | APPLAUSE:139433,APPLAUSE:139433,APPLAUSE:13879,60,NE,1,1,True,True,True
14,APPLAUSE:13879 | APPLAUSE:139433,APPLAUSE:139433,APPLAUSE:13879,60,E,1,0,True,True,True
14,APPLAUSE:13879 | APPLAUSE:139433,APPLAUSE:139433,APPLAUSE:13879,60,SE,1,-1,True,True,True
14,APPLAUSE:13879 | APPLAUSE:139433,APPLAUSE:139433,APPLAUSE:13879,60,S,0,-1,True,True,True
14,APPLAUSE:13879 | APPLAUSE:139433,APPLAUSE:139433,APPLAUSE:13879,60,SW,-1,-1,True,True,True
14,APPLAUSE:13879 | APPLAUSE:139433,APPLAUSE:139433,APPLAUSE:13879,60,W,-1,0,True,True,True
14,APPLAUSE:13879 | APPLAUSE:139433,APPLAUSE:139433,APPLAUSE:13879,60,NW,-1,1,True,True,True
14,APPLAUSE:13879 | APPLAUSE:139433,APPLAUSE:139433,APPLAUSE:13879,120,N,0,1,True,True,True
14,APPLAUSE:13879 | APPLAUSE:139433,APPLAUSE:139433,APPLAUSE:13879,120,NE,1,1,True,True,True
14,APPLAUSE:13879 | APPLAUSE:139433,APPLAUSE:139433,APPLAUSE:13879,120,E,1,0,True,True,True
14,APPLAUSE:13879 | APPLAUSE:139433,APPLAUSE:139433,APPLAUSE:13879,120,SE,1,-1,True,True,True
14,APPLAUSE:13879 | APPLAUSE:139433,APPLAUSE:139433,APPLAUSE:13879,120,S,0,-1,True,True,True
14,APPLAUSE:13879 | APPLAUSE:139433,APPLAUSE:139433,APPLAUSE:13879,120,SW,-1,-1,True,True,True
14,APPLAUSE:13879 | APPLAUSE:139433,APPLAUSE:139433,APPLAUSE:13879,120,W,-1,0,True,True,True
14,APPLAUSE:13879 | APPLAUSE:139433,APPLAUSE:139433,APPLAUSE:13879,120,NW,-1,1,True,True,True
15,APPLAUSE:13683 | DASCH:ivo://org.gavo.dc/~?dasch/q/am28458,APPLAUSE:13683,DASCH:am28458:exp0,60,N,0,1,True,True,True
15,APPLAUSE:13683 | DASCH:ivo://org.gavo.dc/~?dasch/q/am28458,APPLAUSE:13683,DASCH:am28458:exp0,60,NE,1,1,True,True,True
15,APPLAUSE:13683 | DASCH:ivo://org.gavo.dc/~?dasch/q/am28458,APPLAUSE:13683,DASCH:am28458:exp0,60,E,1,0,True,True,True
15,APPLAUSE:13683 | DASCH:ivo://org.gavo.dc/~?dasch/q/am28458,APPLAUSE:13683,DASCH:am28458:exp0,60,SE,1,-1,True,True,True
15,APPLAUSE:13683 | DASCH:ivo://org.gavo.dc/~?dasch/q/am28458,APPLAUSE:13683,DASCH:am28458:exp0,60,S,0,-1,True,True,True
15,APPLAUSE:13683 | DASCH:ivo://org.gavo.dc/~?dasch/q/am28458,APPLAUSE:13683,DASCH:am28458:exp0,60,SW,-1,-1,True,True,True
15,APPLAUSE:13683 | DASCH:ivo://org.gavo.dc/~?dasch/q/am28458,APPLAUSE:13683,DASCH:am28458:exp0,60,W,-1,0,True,True,True
15,APPLAUSE:13683 | DASCH:ivo://org.gavo.dc/~?dasch/q/am28458,APPLAUSE:13683,DASCH:am28458:exp0,60,NW,-1,1,True,True,True
15,APPLAUSE:13683 | DASCH:ivo://org.gavo.dc/~?dasch/q/am28458,APPLAUSE:13683,DASCH:am28458:exp0,120,N,0,1,True,True,True
15,APPLAUSE:13683 | DASCH:ivo://org.gavo.dc/~?dasch/q/am28458,APPLAUSE:13683,DASCH:am28458:exp0,120,NE,1,1,True,True,True
15,APPLAUSE:13683 | DASCH:ivo://org.gavo.dc/~?dasch/q/am28458,APPLAUSE:13683,DASCH:am28458:exp0,120,E,1,0,True,True,True
15,APPLAUSE:13683 | DASCH:ivo://org.gavo.dc/~?dasch/q/am28458,APPLAUSE:13683,DASCH:am28458:exp0,120,SE,1,-1,True,True,True
15,APPLAUSE:13683 | DASCH:ivo://org.gavo.dc/~?dasch/q/am28458,APPLAUSE:13683,DASCH:am28458:exp0,120,S,0,-1,True,True,True
15,APPLAUSE:13683 | DASCH:ivo://org.gavo.dc/~?dasch/q/am28458,APPLAUSE:13683,DASCH:am28458:exp0,120,SW,-1,-1,True,True,True
15,APPLAUSE:13683 | DASCH:ivo://org.gavo.dc/~?dasch/q/am28458,APPLAUSE:13683,DASCH:am28458:exp0,120,W,-1,0,True,True,True
15,APPLAUSE:13683 | DASCH:ivo://org.gavo.dc/~?dasch/q/am28458,APPLAUSE:13683,DASCH:am28458:exp0,120,NW,-1,1,True,True,True
16,APPLAUSE:11788 | DASCH:ivo://org.gavo.dc/~?dasch/q/rb16848,DASCH:rb16848:exp0,APPLAUSE:11788,60,N,0,1,True,True,True
16,APPLAUSE:11788 | DASCH:ivo://org.gavo.dc/~?dasch/q/rb16848,DASCH:rb16848:exp0,APPLAUSE:11788,60,NE,1,1,True,True,True
16,APPLAUSE:11788 | DASCH:ivo://org.gavo.dc/~?dasch/q/rb16848,DASCH:rb16848:exp0,APPLAUSE:11788,60,E,1,0,True,True,True
16,APPLAUSE:11788 | DASCH:ivo://org.gavo.dc/~?dasch/q/rb16848,DASCH:rb16848:exp0,APPLAUSE:11788,60,SE,1,-1,True,True,True
16,APPLAUSE:11788 | DASCH:ivo://org.gavo.dc/~?dasch/q/rb16848,DASCH:rb16848:exp0,APPLAUSE:11788,60,S,0,-1,True,True,True
16,APPLAUSE:11788 | DASCH:ivo://org.gavo.dc/~?dasch/q/rb16848,DASCH:rb16848:exp0,APPLAUSE:11788,60,SW,-1,-1,True,True,True
16,APPLAUSE:11788 | DASCH:ivo://org.gavo.dc/~?dasch/q/rb16848,DASCH:rb16848:exp0,APPLAUSE:11788,60,W,-1,0,True,True,True
16,APPLAUSE:11788 | DASCH:ivo://org.gavo.dc/~?dasch/q/rb16848,DASCH:rb16848:exp0,APPLAUSE:11788,60,NW,-1,1,True,True,True
16,APPLAUSE:11788 | DASCH:ivo://org.gavo.dc/~?dasch/q/rb16848,DASCH:rb16848:exp0,APPLAUSE:11788,120,N,0,1,True,True,True
16,APPLAUSE:11788 | DASCH:ivo://org.gavo.dc/~?dasch/q/rb16848,DASCH:rb16848:exp0,APPLAUSE:11788,120,NE,1,1,True,True,True
16,APPLAUSE:11788 | DASCH:ivo://org.gavo.dc/~?dasch/q/rb16848,DASCH:rb16848:exp0,APPLAUSE:11788,120,E,1,0,True,True,True
16,APPLAUSE:11788 | DASCH:ivo://org.gavo.dc/~?dasch/q/rb16848,DASCH:rb16848:exp0,APPLAUSE:11788,120,SE,1,-1,True,True,True
16,APPLAUSE:11788 | DASCH:ivo://org.gavo.dc/~?dasch/q/rb16848,DASCH:rb16848:exp0,APPLAUSE:11788,120,S,0,-1,True,True,True
16,APPLAUSE:11788 | DASCH:ivo://org.gavo.dc/~?dasch/q/rb16848,DASCH:rb16848:exp0,APPLAUSE:11788,120,SW,-1,-1,True,True,True
16,APPLAUSE:11788 | DASCH:ivo://org.gavo.dc/~?dasch/q/rb16848,DASCH:rb16848:exp0,APPLAUSE:11788,120,W,-1,0,True,True,True
16,APPLAUSE:11788 | DASCH:ivo://org.gavo.dc/~?dasch/q/rb16848,DASCH:rb16848:exp0,APPLAUSE:11788,120,NW,-1,1,True,True,True
17,APPLAUSE:132654 | APPLAUSE:14120,APPLAUSE:14120,APPLAUSE:132654,60,N,0,1,True,True,True
17,APPLAUSE:132654 | APPLAUSE:14120,APPLAUSE:14120,APPLAUSE:132654,60,NE,1,1,True,True,True
17,APPLAUSE:132654 | APPLAUSE:14120,APPLAUSE:14120,APPLAUSE:132654,60,E,1,0,True,True,True
17,APPLAUSE:132654 | APPLAUSE:14120,APPLAUSE:14120,APPLAUSE:132654,60,SE,1,-1,True,True,True
17,APPLAUSE:132654 | APPLAUSE:14120,APPLAUSE:14120,APPLAUSE:132654,60,S,0,-1,True,True,True
17,APPLAUSE:132654 | APPLAUSE:14120,APPLAUSE:14120,APPLAUSE:132654,60,SW,-1,-1,True,True,True
17,APPLAUSE:132654 | APPLAUSE:14120,APPLAUSE:14120,APPLAUSE:132654,60,W,-1,0,True,True,True
17,APPLAUSE:132654 | APPLAUSE:14120,APPLAUSE:14120,APPLAUSE:132654,60,NW,-1,1,True,True,True
17,APPLAUSE:132654 | APPLAUSE:14120,APPLAUSE:14120,APPLAUSE:132654,120,N,0,1,True,True,True
17,APPLAUSE:132654 | APPLAUSE:14120,APPLAUSE:14120,APPLAUSE:132654,120,NE,1,1,True,True,True
17,APPLAUSE:132654 | APPLAUSE:14120,APPLAUSE:14120,APPLAUSE:132654,120,E,1,0,True,True,True
17,APPLAUSE:132654 | APPLAUSE:14120,APPLAUSE:14120,APPLAUSE:132654,120,SE,1,-1,True,True,True
17,APPLAUSE:132654 | APPLAUSE:14120,APPLAUSE:14120,APPLAUSE:132654,120,S,0,-1,True,True,True
17,APPLAUSE:132654 | APPLAUSE:14120,APPLAUSE:14120,APPLAUSE:132654,120,SW,-1,-1,True,True,True
17,APPLAUSE:132654 | APPLAUSE:14120,APPLAUSE:14120,APPLAUSE:132654,120,W,-1,0,True,True,True
17,APPLAUSE:132654 | APPLAUSE:14120,APPLAUSE:14120,APPLAUSE:132654,120,NW,-1,1,True,True,True
18,APPLAUSE:11787 | DASCH:ivo://org.gavo.dc/~?dasch/q/rb16848,DASCH:rb16848:exp0,APPLAUSE:11787,60,N,0,1,True,True,True
18,APPLAUSE:11787 | DASCH:ivo://org.gavo.dc/~?dasch/q/rb16848,DASCH:rb16848:exp0,APPLAUSE:11787,60,NE,1,1,True,True,True
18,APPLAUSE:11787 | DASCH:ivo://org.gavo.dc/~?dasch/q/rb16848,DASCH:rb16848:exp0,APPLAUSE:11787,60,E,1,0,True,True,True
18,APPLAUSE:11787 | DASCH:ivo://org.gavo.dc/~?dasch/q/rb16848,DASCH:rb16848:exp0,APPLAUSE:11787,60,SE,1,-1,True,True,True
18,APPLAUSE:11787 | DASCH:ivo://org.gavo.dc/~?dasch/q/rb16848,DASCH:rb16848:exp0,APPLAUSE:11787,60,S,0,-1,True,True,True
18,APPLAUSE:11787 | DASCH:ivo://org.gavo.dc/~?dasch/q/rb16848,DASCH:rb16848:exp0,APPLAUSE:11787,60,SW,-1,-1,True,True,True
18,APPLAUSE:11787 | DASCH:ivo://org.gavo.dc/~?dasch/q/rb16848,DASCH:rb16848:exp0,APPLAUSE:11787,60,W,-1,0,True,True,True
18,APPLAUSE:11787 | DASCH:ivo://org.gavo.dc/~?dasch/q/rb16848,DASCH:rb16848:exp0,APPLAUSE:11787,60,NW,-1,1,True,True,True
18,APPLAUSE:11787 | DASCH:ivo://org.gavo.dc/~?dasch/q/rb16848,DASCH:rb16848:exp0,APPLAUSE:11787,120,N,0,1,True,True,True
18,APPLAUSE:11787 | DASCH:ivo://org.gavo.dc/~?dasch/q/rb16848,DASCH:rb16848:exp0,APPLAUSE:11787,120,NE,1,1,True,True,True
18,APPLAUSE:11787 | DASCH:ivo://org.gavo.dc/~?dasch/q/rb16848,DASCH:rb16848:exp0,APPLAUSE:11787,120,E,1,0,True,True,True
18,APPLAUSE:11787 | DASCH:ivo://org.gavo.dc/~?dasch/q/rb16848,DASCH:rb16848:exp0,APPLAUSE:11787,120,SE,1,-1,True,True,True
18,APPLAUSE:11787 | DASCH:ivo://org.gavo.dc/~?dasch/q/rb16848,DASCH:rb16848:exp0,APPLAUSE:11787,120,S,0,-1,True,True,True
18,APPLAUSE:11787 | DASCH:ivo://org.gavo.dc/~?dasch/q/rb16848,DASCH:rb16848:exp0,APPLAUSE:11787,120,SW,-1,-1,True,True,True
18,APPLAUSE:11787 | DASCH:ivo://org.gavo.dc/~?dasch/q/rb16848,DASCH:rb16848:exp0,APPLAUSE:11787,120,W,-1,0,True,True,True
18,APPLAUSE:11787 | DASCH:ivo://org.gavo.dc/~?dasch/q/rb16848,DASCH:rb16848:exp0,APPLAUSE:11787,120,NW,-1,1,True,True,True
19,APPLAUSE:12404 | APPLAUSE:131662,APPLAUSE:131662,APPLAUSE:12404,60,N,0,1,True,True,True
19,APPLAUSE:12404 | APPLAUSE:131662,APPLAUSE:131662,APPLAUSE:12404,60,NE,1,1,True,True,True
19,APPLAUSE:12404 | APPLAUSE:131662,APPLAUSE:131662,APPLAUSE:12404,60,E,1,0,True,True,True
19,APPLAUSE:12404 | APPLAUSE:131662,APPLAUSE:131662,APPLAUSE:12404,60,SE,1,-1,True,True,True
19,APPLAUSE:12404 | APPLAUSE:131662,APPLAUSE:131662,APPLAUSE:12404,60,S,0,-1,True,True,True
19,APPLAUSE:12404 | APPLAUSE:131662,APPLAUSE:131662,APPLAUSE:12404,60,SW,-1,-1,True,True,True
19,APPLAUSE:12404 | APPLAUSE:131662,APPLAUSE:131662,APPLAUSE:12404,60,W,-1,0,True,True,True
19,APPLAUSE:12404 | APPLAUSE:131662,APPLAUSE:131662,APPLAUSE:12404,60,NW,-1,1,True,True,True
19,APPLAUSE:12404 | APPLAUSE:131662,APPLAUSE:131662,APPLAUSE:12404,120,N,0,1,True,True,True
19,APPLAUSE:12404 | APPLAUSE:131662,APPLAUSE:131662,APPLAUSE:12404,120,NE,1,1,True,True,True
19,APPLAUSE:12404 | APPLAUSE:131662,APPLAUSE:131662,APPLAUSE:12404,120,E,1,0,True,True,True
19,APPLAUSE:12404 | APPLAUSE:131662,APPLAUSE:131662,APPLAUSE:12404,120,SE,1,-1,True,True,True
19,APPLAUSE:12404 | APPLAUSE:131662,APPLAUSE:131662,APPLAUSE:12404,120,S,0,-1,True,True,True
19,APPLAUSE:12404 | APPLAUSE:131662,APPLAUSE:131662,APPLAUSE:12404,120,SW,-1,-1,True,True,True
19,APPLAUSE:12404 | APPLAUSE:131662,APPLAUSE:131662,APPLAUSE:12404,120,W,-1,0,True,True,True
19,APPLAUSE:12404 | APPLAUSE:131662,APPLAUSE:131662,APPLAUSE:12404,120,NW,-1,1,True,True,True
20,APPLAUSE:12470 | DASCH:ivo://org.gavo.dc/~?dasch/q/bi05459,DASCH:bi05459:exp0,APPLAUSE:12470,60,N,0,1,True,True,True
20,APPLAUSE:12470 | DASCH:ivo://org.gavo.dc/~?dasch/q/bi05459,DASCH:bi05459:exp0,APPLAUSE:12470,60,NE,1,1,True,True,True
20,APPLAUSE:12470 | DASCH:ivo://org.gavo.dc/~?dasch/q/bi05459,DASCH:bi05459:exp0,APPLAUSE:12470,60,E,1,0,True,True,True
20,APPLAUSE:12470 | DASCH:ivo://org.gavo.dc/~?dasch/q/bi05459,DASCH:bi05459:exp0,APPLAUSE:12470,60,SE,1,-1,True,True,True
20,APPLAUSE:12470 | DASCH:ivo://org.gavo.dc/~?dasch/q/bi05459,DASCH:bi05459:exp0,APPLAUSE:12470,60,S,0,-1,True,True,True
20,APPLAUSE:12470 | DASCH:ivo://org.gavo.dc/~?dasch/q/bi05459,DASCH:bi05459:exp0,APPLAUSE:12470,60,SW,-1,-1,True,True,True
20,APPLAUSE:12470 | DASCH:ivo://org.gavo.dc/~?dasch/q/bi05459,DASCH:bi05459:exp0,APPLAUSE:12470,60,W,-1,0,True,True,True
20,APPLAUSE:12470 | DASCH:ivo://org.gavo.dc/~?dasch/q/bi05459,DASCH:bi05459:exp0,APPLAUSE:12470,60,NW,-1,1,True,True,True
20,APPLAUSE:12470 | DASCH:ivo://org.gavo.dc/~?dasch/q/bi05459,DASCH:bi05459:exp0,APPLAUSE:12470,120,N,0,1,True,True,True
20,APPLAUSE:12470 | DASCH:ivo://org.gavo.dc/~?dasch/q/bi05459,DASCH:bi05459:exp0,APPLAUSE:12470,120,NE,1,1,True,True,True
20,APPLAUSE:12470 | DASCH:ivo://org.gavo.dc/~?dasch/q/bi05459,DASCH:bi05459:exp0,APPLAUSE:12470,120,E,1,0,True,True,True
20,APPLAUSE:12470 | DASCH:ivo://org.gavo.dc/~?dasch/q/bi05459,DASCH:bi05459:exp0,APPLAUSE:12470,120,SE,1,-1,True,True,True
20,APPLAUSE:12470 | DASCH:ivo://org.gavo.dc/~?dasch/q/bi05459,DASCH:bi05459:exp0,APPLAUSE:12470,120,S,0,-1,True,True,True
20,APPLAUSE:12470 | DASCH:ivo://org.gavo.dc/~?dasch/q/bi05459,DASCH:bi05459:exp0,APPLAUSE:12470,120,SW,-1,-1,True,True,True
20,APPLAUSE:12470 | DASCH:ivo://org.gavo.dc/~?dasch/q/bi05459,DASCH:bi05459:exp0,APPLAUSE:12470,120,W,-1,0,True,True,True
20,APPLAUSE:12470 | DASCH:ivo://org.gavo.dc/~?dasch/q/bi05459,DASCH:bi05459:exp0,APPLAUSE:12470,120,NW,-1,1,True,True,True
21,APPLAUSE:12562 | APPLAUSE:139010,APPLAUSE:12562,APPLAUSE:139010,60,N,0,1,True,True,True
21,APPLAUSE:12562 | APPLAUSE:139010,APPLAUSE:12562,APPLAUSE:139010,60,NE,1,1,True,True,True
21,APPLAUSE:12562 | APPLAUSE:139010,APPLAUSE:12562,APPLAUSE:139010,60,E,1,0,True,True,True
21,APPLAUSE:12562 | APPLAUSE:139010,APPLAUSE:12562,APPLAUSE:139010,60,SE,1,-1,True,True,True
21,APPLAUSE:12562 | APPLAUSE:139010,APPLAUSE:12562,APPLAUSE:139010,60,S,0,-1,True,True,True
21,APPLAUSE:12562 | APPLAUSE:139010,APPLAUSE:12562,APPLAUSE:139010,60,SW,-1,-1,True,True,True
21,APPLAUSE:12562 | APPLAUSE:139010,APPLAUSE:12562,APPLAUSE:139010,60,W,-1,0,True,True,True
21,APPLAUSE:12562 | APPLAUSE:139010,APPLAUSE:12562,APPLAUSE:139010,60,NW,-1,1,True,True,True
21,APPLAUSE:12562 | APPLAUSE:139010,APPLAUSE:12562,APPLAUSE:139010,120,N,0,1,True,True,True
21,APPLAUSE:12562 | APPLAUSE:139010,APPLAUSE:12562,APPLAUSE:139010,120,NE,1,1,True,True,True
21,APPLAUSE:12562 | APPLAUSE:139010,APPLAUSE:12562,APPLAUSE:139010,120,E,1,0,True,True,True
21,APPLAUSE:12562 | APPLAUSE:139010,APPLAUSE:12562,APPLAUSE:139010,120,SE,1,-1,True,True,True
21,APPLAUSE:12562 | APPLAUSE:139010,APPLAUSE:12562,APPLAUSE:139010,120,S,0,-1,True,True,True
21,APPLAUSE:12562 | APPLAUSE:139010,APPLAUSE:12562,APPLAUSE:139010,120,SW,-1,-1,True,True,True
21,APPLAUSE:12562 | APPLAUSE:139010,APPLAUSE:12562,APPLAUSE:139010,120,W,-1,0,True,True,True
21,APPLAUSE:12562 | APPLAUSE:139010,APPLAUSE:12562,APPLAUSE:139010,120,NW,-1,1,True,True,True
22,APPLAUSE:12570 | APPLAUSE:139012,APPLAUSE:139012,APPLAUSE:12570,60,N,0,1,True,True,True
22,APPLAUSE:12570 | APPLAUSE:139012,APPLAUSE:139012,APPLAUSE:12570,60,NE,1,1,True,True,True
22,APPLAUSE:12570 | APPLAUSE:139012,APPLAUSE:139012,APPLAUSE:12570,60,E,1,0,True,True,True
22,APPLAUSE:12570 | APPLAUSE:139012,APPLAUSE:139012,APPLAUSE:12570,60,SE,1,-1,True,True,True
22,APPLAUSE:12570 | APPLAUSE:139012,APPLAUSE:139012,APPLAUSE:12570,60,S,0,-1,True,True,True
22,APPLAUSE:12570 | APPLAUSE:139012,APPLAUSE:139012,APPLAUSE:12570,60,SW,-1,-1,True,True,True
22,APPLAUSE:12570 | APPLAUSE:139012,APPLAUSE:139012,APPLAUSE:12570,60,W,-1,0,True,True,True
22,APPLAUSE:12570 | APPLAUSE:139012,APPLAUSE:139012,APPLAUSE:12570,60,NW,-1,1,True,True,True
22,APPLAUSE:12570 | APPLAUSE:139012,APPLAUSE:139012,APPLAUSE:12570,120,N,0,1,True,True,True
22,APPLAUSE:12570 | APPLAUSE:139012,APPLAUSE:139012,APPLAUSE:12570,120,NE,1,1,True,True,True
22,APPLAUSE:12570 | APPLAUSE:139012,APPLAUSE:139012,APPLAUSE:12570,120,E,1,0,True,True,True
22,APPLAUSE:12570 | APPLAUSE:139012,APPLAUSE:139012,APPLAUSE:12570,120,SE,1,-1,True,True,True
22,APPLAUSE:12570 | APPLAUSE:139012,APPLAUSE:139012,APPLAUSE:12570,120,S,0,-1,True,True,True
22,APPLAUSE:12570 | APPLAUSE:139012,APPLAUSE:139012,APPLAUSE:12570,120,SW,-1,-1,True,True,True
22,APPLAUSE:12570 | APPLAUSE:139012,APPLAUSE:139012,APPLAUSE:12570,120,W,-1,0,True,True,True
22,APPLAUSE:12570 | APPLAUSE:139012,APPLAUSE:139012,APPLAUSE:12570,120,NW,-1,1,True,True,True
23,APPLAUSE:12564 | APPLAUSE:139011,APPLAUSE:12564,APPLAUSE:139011,60,N,0,1,True,True,True
23,APPLAUSE:12564 | APPLAUSE:139011,APPLAUSE:12564,APPLAUSE:139011,60,NE,1,1,True,True,True
23,APPLAUSE:12564 | APPLAUSE:139011,APPLAUSE:12564,APPLAUSE:139011,60,E,1,0,True,True,True
23,APPLAUSE:12564 | APPLAUSE:139011,APPLAUSE:12564,APPLAUSE:139011,60,SE,1,-1,True,True,True
23,APPLAUSE:12564 | APPLAUSE:139011,APPLAUSE:12564,APPLAUSE:139011,60,S,0,-1,True,True,True
23,APPLAUSE:12564 | APPLAUSE:139011,APPLAUSE:12564,APPLAUSE:139011,60,SW,-1,-1,True,True,True
23,APPLAUSE:12564 | APPLAUSE:139011,APPLAUSE:12564,APPLAUSE:139011,60,W,-1,0,True,True,True
23,APPLAUSE:12564 | APPLAUSE:139011,APPLAUSE:12564,APPLAUSE:139011,60,NW,-1,1,True,True,True
23,APPLAUSE:12564 | APPLAUSE:139011,APPLAUSE:12564,APPLAUSE:139011,120,N,0,1,True,True,True
23,APPLAUSE:12564 | APPLAUSE:139011,APPLAUSE:12564,APPLAUSE:139011,120,NE,1,1,True,True,True
23,APPLAUSE:12564 | APPLAUSE:139011,APPLAUSE:12564,APPLAUSE:139011,120,E,1,0,True,True,True
23,APPLAUSE:12564 | APPLAUSE:139011,APPLAUSE:12564,APPLAUSE:139011,120,SE,1,-1,True,True,True
23,APPLAUSE:12564 | APPLAUSE:139011,APPLAUSE:12564,APPLAUSE:139011,120,S,0,-1,True,True,True
23,APPLAUSE:12564 | APPLAUSE:139011,APPLAUSE:12564,APPLAUSE:139011,120,SW,-1,-1,True,True,True
23,APPLAUSE:12564 | APPLAUSE:139011,APPLAUSE:12564,APPLAUSE:139011,120,W,-1,0,True,True,True
23,APPLAUSE:12564 | APPLAUSE:139011,APPLAUSE:12564,APPLAUSE:139011,120,NW,-1,1,True,True,True
24,APPLAUSE:131918 | DASCH:ivo://org.gavo.dc/~?dasch/q/am28316,DASCH:am28316:exp0,APPLAUSE:131918,60,N,0,1,True,True,True
24,APPLAUSE:131918 | DASCH:ivo://org.gavo.dc/~?dasch/q/am28316,DASCH:am28316:exp0,APPLAUSE:131918,60,NE,1,1,True,True,True
24,APPLAUSE:131918 | DASCH:ivo://org.gavo.dc/~?dasch/q/am28316,DASCH:am28316:exp0,APPLAUSE:131918,60,E,1,0,True,True,True
24,APPLAUSE:131918 | DASCH:ivo://org.gavo.dc/~?dasch/q/am28316,DASCH:am28316:exp0,APPLAUSE:131918,60,SE,1,-1,True,True,True
24,APPLAUSE:131918 | DASCH:ivo://org.gavo.dc/~?dasch/q/am28316,DASCH:am28316:exp0,APPLAUSE:131918,60,S,0,-1,True,True,True
24,APPLAUSE:131918 | DASCH:ivo://org.gavo.dc/~?dasch/q/am28316,DASCH:am28316:exp0,APPLAUSE:131918,60,SW,-1,-1,True,True,True
24,APPLAUSE:131918 | DASCH:ivo://org.gavo.dc/~?dasch/q/am28316,DASCH:am28316:exp0,APPLAUSE:131918,60,W,-1,0,True,True,True
24,APPLAUSE:131918 | DASCH:ivo://org.gavo.dc/~?dasch/q/am28316,DASCH:am28316:exp0,APPLAUSE:131918,60,NW,-1,1,True,True,True
24,APPLAUSE:131918 | DASCH:ivo://org.gavo.dc/~?dasch/q/am28316,DASCH:am28316:exp0,APPLAUSE:131918,120,N,0,1,True,True,True
24,APPLAUSE:131918 | DASCH:ivo://org.gavo.dc/~?dasch/q/am28316,DASCH:am28316:exp0,APPLAUSE:131918,120,NE,1,1,True,True,True
24,APPLAUSE:131918 | DASCH:ivo://org.gavo.dc/~?dasch/q/am28316,DASCH:am28316:exp0,APPLAUSE:131918,120,E,1,0,True,True,True
24,APPLAUSE:131918 | DASCH:ivo://org.gavo.dc/~?dasch/q/am28316,DASCH:am28316:exp0,APPLAUSE:131918,120,SE,1,-1,True,True,True
24,APPLAUSE:131918 | DASCH:ivo://org.gavo.dc/~?dasch/q/am28316,DASCH:am28316:exp0,APPLAUSE:131918,120,S,0,-1,True,True,True
24,APPLAUSE:131918 | DASCH:ivo://org.gavo.dc/~?dasch/q/am28316,DASCH:am28316:exp0,APPLAUSE:131918,120,SW,-1,-1,True,True,True
24,APPLAUSE:131918 | DASCH:ivo://org.gavo.dc/~?dasch/q/am28316,DASCH:am28316:exp0,APPLAUSE:131918,120,W,-1,0,True,True,True
24,APPLAUSE:131918 | DASCH:ivo://org.gavo.dc/~?dasch/q/am28316,DASCH:am28316:exp0,APPLAUSE:131918,120,NW,-1,1,True,True,True
25,APPLAUSE:131772 | DASCH:ivo://org.gavo.dc/~?dasch/q/bi05468,DASCH:bi05468:exp0,APPLAUSE:131772,60,N,0,1,True,True,True
25,APPLAUSE:131772 | DASCH:ivo://org.gavo.dc/~?dasch/q/bi05468,DASCH:bi05468:exp0,APPLAUSE:131772,60,NE,1,1,True,True,True
25,APPLAUSE:131772 | DASCH:ivo://org.gavo.dc/~?dasch/q/bi05468,DASCH:bi05468:exp0,APPLAUSE:131772,60,E,1,0,True,True,True
25,APPLAUSE:131772 | DASCH:ivo://org.gavo.dc/~?dasch/q/bi05468,DASCH:bi05468:exp0,APPLAUSE:131772,60,SE,1,-1,True,True,True
25,APPLAUSE:131772 | DASCH:ivo://org.gavo.dc/~?dasch/q/bi05468,DASCH:bi05468:exp0,APPLAUSE:131772,60,S,0,-1,True,True,True
25,APPLAUSE:131772 | DASCH:ivo://org.gavo.dc/~?dasch/q/bi05468,DASCH:bi05468:exp0,APPLAUSE:131772,60,SW,-1,-1,True,True,True
25,APPLAUSE:131772 | DASCH:ivo://org.gavo.dc/~?dasch/q/bi05468,DASCH:bi05468:exp0,APPLAUSE:131772,60,W,-1,0,True,True,True
25,APPLAUSE:131772 | DASCH:ivo://org.gavo.dc/~?dasch/q/bi05468,DASCH:bi05468:exp0,APPLAUSE:131772,60,NW,-1,1,True,True,True
25,APPLAUSE:131772 | DASCH:ivo://org.gavo.dc/~?dasch/q/bi05468,DASCH:bi05468:exp0,APPLAUSE:131772,120,N,0,1,True,True,True
25,APPLAUSE:131772 | DASCH:ivo://org.gavo.dc/~?dasch/q/bi05468,DASCH:bi05468:exp0,APPLAUSE:131772,120,NE,1,1,True,True,True
25,APPLAUSE:131772 | DASCH:ivo://org.gavo.dc/~?dasch/q/bi05468,DASCH:bi05468:exp0,APPLAUSE:131772,120,E,1,0,True,True,True
25,APPLAUSE:131772 | DASCH:ivo://org.gavo.dc/~?dasch/q/bi05468,DASCH:bi05468:exp0,APPLAUSE:131772,120,SE,1,-1,True,True,True
25,APPLAUSE:131772 | DASCH:ivo://org.gavo.dc/~?dasch/q/bi05468,DASCH:bi05468:exp0,APPLAUSE:131772,120,S,0,-1,True,True,True
25,APPLAUSE:131772 | DASCH:ivo://org.gavo.dc/~?dasch/q/bi05468,DASCH:bi05468:exp0,APPLAUSE:131772,120,SW,-1,-1,True,True,True
25,APPLAUSE:131772 | DASCH:ivo://org.gavo.dc/~?dasch/q/bi05468,DASCH:bi05468:exp0,APPLAUSE:131772,120,W,-1,0,True,True,True
25,APPLAUSE:131772 | DASCH:ivo://org.gavo.dc/~?dasch/q/bi05468,DASCH:bi05468:exp0,APPLAUSE:131772,120,NW,-1,1,True,True,True
26,APPLAUSE:132099 | DASCH:ivo://org.gavo.dc/~?dasch/q/mf40301,DASCH:mf40301:exp0,APPLAUSE:132099,60,N,0,1,True,True,True
26,APPLAUSE:132099 | DASCH:ivo://org.gavo.dc/~?dasch/q/mf40301,DASCH:mf40301:exp0,APPLAUSE:132099,60,NE,1,1,True,True,True
26,APPLAUSE:132099 | DASCH:ivo://org.gavo.dc/~?dasch/q/mf40301,DASCH:mf40301:exp0,APPLAUSE:132099,60,E,1,0,True,True,True
26,APPLAUSE:132099 | DASCH:ivo://org.gavo.dc/~?dasch/q/mf40301,DASCH:mf40301:exp0,APPLAUSE:132099,60,SE,1,-1,True,True,True
26,APPLAUSE:132099 | DASCH:ivo://org.gavo.dc/~?dasch/q/mf40301,DASCH:mf40301:exp0,APPLAUSE:132099,60,S,0,-1,True,True,True
26,APPLAUSE:132099 | DASCH:ivo://org.gavo.dc/~?dasch/q/mf40301,DASCH:mf40301:exp0,APPLAUSE:132099,60,SW,-1,-1,True,True,True
26,APPLAUSE:132099 | DASCH:ivo://org.gavo.dc/~?dasch/q/mf40301,DASCH:mf40301:exp0,APPLAUSE:132099,60,W,-1,0,True,True,True
26,APPLAUSE:132099 | DASCH:ivo://org.gavo.dc/~?dasch/q/mf40301,DASCH:mf40301:exp0,APPLAUSE:132099,60,NW,-1,1,True,True,True
26,APPLAUSE:132099 | DASCH:ivo://org.gavo.dc/~?dasch/q/mf40301,DASCH:mf40301:exp0,APPLAUSE:132099,120,N,0,1,True,True,True
26,APPLAUSE:132099 | DASCH:ivo://org.gavo.dc/~?dasch/q/mf40301,DASCH:mf40301:exp0,APPLAUSE:132099,120,NE,1,1,True,True,True
26,APPLAUSE:132099 | DASCH:ivo://org.gavo.dc/~?dasch/q/mf40301,DASCH:mf40301:exp0,APPLAUSE:132099,120,E,1,0,True,True,True
26,APPLAUSE:132099 | DASCH:ivo://org.gavo.dc/~?dasch/q/mf40301,DASCH:mf40301:exp0,APPLAUSE:132099,120,SE,1,-1,True,True,True
26,APPLAUSE:132099 | DASCH:ivo://org.gavo.dc/~?dasch/q/mf40301,DASCH:mf40301:exp0,APPLAUSE:132099,120,S,0,-1,True,True,True
26,APPLAUSE:132099 | DASCH:ivo://org.gavo.dc/~?dasch/q/mf40301,DASCH:mf40301:exp0,APPLAUSE:132099,120,SW,-1,-1,True,True,True
26,APPLAUSE:132099 | DASCH:ivo://org.gavo.dc/~?dasch/q/mf40301,DASCH:mf40301:exp0,APPLAUSE:132099,120,W,-1,0,True,True,True
26,APPLAUSE:132099 | DASCH:ivo://org.gavo.dc/~?dasch/q/mf40301,DASCH:mf40301:exp0,APPLAUSE:132099,120,NW,-1,1,True,True,True
27,APPLAUSE:11819 | DASCH:ivo://org.gavo.dc/~?dasch/q/bi05361,DASCH:bi05361:exp0,APPLAUSE:11819,60,N,0,1,True,True,True
27,APPLAUSE:11819 | DASCH:ivo://org.gavo.dc/~?dasch/q/bi05361,DASCH:bi05361:exp0,APPLAUSE:11819,60,NE,1,1,True,True,True
27,APPLAUSE:11819 | DASCH:ivo://org.gavo.dc/~?dasch/q/bi05361,DASCH:bi05361:exp0,APPLAUSE:11819,60,E,1,0,True,True,True
27,APPLAUSE:11819 | DASCH:ivo://org.gavo.dc/~?dasch/q/bi05361,DASCH:bi05361:exp0,APPLAUSE:11819,60,SE,1,-1,True,True,True
27,APPLAUSE:11819 | DASCH:ivo://org.gavo.dc/~?dasch/q/bi05361,DASCH:bi05361:exp0,APPLAUSE:11819,60,S,0,-1,True,True,True
27,APPLAUSE:11819 | DASCH:ivo://org.gavo.dc/~?dasch/q/bi05361,DASCH:bi05361:exp0,APPLAUSE:11819,60,SW,-1,-1,True,True,True
27,APPLAUSE:11819 | DASCH:ivo://org.gavo.dc/~?dasch/q/bi05361,DASCH:bi05361:exp0,APPLAUSE:11819,60,W,-1,0,True,True,True
27,APPLAUSE:11819 | DASCH:ivo://org.gavo.dc/~?dasch/q/bi05361,DASCH:bi05361:exp0,APPLAUSE:11819,60,NW,-1,1,True,True,True
27,APPLAUSE:11819 | DASCH:ivo://org.gavo.dc/~?dasch/q/bi05361,DASCH:bi05361:exp0,APPLAUSE:11819,120,N,0,1,True,True,True
27,APPLAUSE:11819 | DASCH:ivo://org.gavo.dc/~?dasch/q/bi05361,DASCH:bi05361:exp0,APPLAUSE:11819,120,NE,1,1,True,True,True
27,APPLAUSE:11819 | DASCH:ivo://org.gavo.dc/~?dasch/q/bi05361,DASCH:bi05361:exp0,APPLAUSE:11819,120,E,1,0,True,True,True
27,APPLAUSE:11819 | DASCH:ivo://org.gavo.dc/~?dasch/q/bi05361,DASCH:bi05361:exp0,APPLAUSE:11819,120,SE,1,-1,True,True,True
27,APPLAUSE:11819 | DASCH:ivo://org.gavo.dc/~?dasch/q/bi05361,DASCH:bi05361:exp0,APPLAUSE:11819,120,S,0,-1,True,True,True
27,APPLAUSE:11819 | DASCH:ivo://org.gavo.dc/~?dasch/q/bi05361,DASCH:bi05361:exp0,APPLAUSE:11819,120,SW,-1,-1,True,True,True
27,APPLAUSE:11819 | DASCH:ivo://org.gavo.dc/~?dasch/q/bi05361,DASCH:bi05361:exp0,APPLAUSE:11819,120,W,-1,0,True,True,True
27,APPLAUSE:11819 | DASCH:ivo://org.gavo.dc/~?dasch/q/bi05361,DASCH:bi05361:exp0,APPLAUSE:11819,120,NW,-1,1,True,True,True
28,APPLAUSE:13877 | APPLAUSE:139431,APPLAUSE:139431,APPLAUSE:13877,60,N,0,1,True,True,True
28,APPLAUSE:13877 | APPLAUSE:139431,APPLAUSE:139431,APPLAUSE:13877,60,NE,1,1,True,True,True
28,APPLAUSE:13877 | APPLAUSE:139431,APPLAUSE:139431,APPLAUSE:13877,60,E,1,0,True,True,True
28,APPLAUSE:13877 | APPLAUSE:139431,APPLAUSE:139431,APPLAUSE:13877,60,SE,1,-1,True,True,True
28,APPLAUSE:13877 | APPLAUSE:139431,APPLAUSE:139431,APPLAUSE:13877,60,S,0,-1,True,True,True
28,APPLAUSE:13877 | APPLAUSE:139431,APPLAUSE:139431,APPLAUSE:13877,60,SW,-1,-1,True,True,True
28,APPLAUSE:13877 | APPLAUSE:139431,APPLAUSE:139431,APPLAUSE:13877,60,W,-1,0,True,True,True
28,APPLAUSE:13877 | APPLAUSE:139431,APPLAUSE:139431,APPLAUSE:13877,60,NW,-1,1,True,True,True
28,APPLAUSE:13877 | APPLAUSE:139431,APPLAUSE:139431,APPLAUSE:13877,120,N,0,1,True,True,True
28,APPLAUSE:13877 | APPLAUSE:139431,APPLAUSE:139431,APPLAUSE:13877,120,NE,1,1,True,True,True
28,APPLAUSE:13877 | APPLAUSE:139431,APPLAUSE:139431,APPLAUSE:13877,120,E,1,0,True,True,True
28,APPLAUSE:13877 | APPLAUSE:139431,APPLAUSE:139431,APPLAUSE:13877,120,SE,1,-1,True,True,True
28,APPLAUSE:13877 | APPLAUSE:139431,APPLAUSE:139431,APPLAUSE:13877,120,S,0,-1,True,True,True
28,APPLAUSE:13877 | APPLAUSE:139431,APPLAUSE:139431,APPLAUSE:13877,120,SW,-1,-1,True,True,True
28,APPLAUSE:13877 | APPLAUSE:139431,APPLAUSE:139431,APPLAUSE:13877,120,W,-1,0,True,True,True
28,APPLAUSE:13877 | APPLAUSE:139431,APPLAUSE:139431,APPLAUSE:13877,120,NW,-1,1,True,True,True
29,APPLAUSE:13876 | APPLAUSE:139430,APPLAUSE:139430,APPLAUSE:13876,60,N,0,1,True,True,True
29,APPLAUSE:13876 | APPLAUSE:139430,APPLAUSE:139430,APPLAUSE:13876,60,NE,1,1,True,True,True
29,APPLAUSE:13876 | APPLAUSE:139430,APPLAUSE:139430,APPLAUSE:13876,60,E,1,0,True,True,True
29,APPLAUSE:13876 | APPLAUSE:139430,APPLAUSE:139430,APPLAUSE:13876,60,SE,1,-1,True,True,True
29,APPLAUSE:13876 | APPLAUSE:139430,APPLAUSE:139430,APPLAUSE:13876,60,S,0,-1,True,True,True
29,APPLAUSE:13876 | APPLAUSE:139430,APPLAUSE:139430,APPLAUSE:13876,60,SW,-1,-1,True,True,True
29,APPLAUSE:13876 | APPLAUSE:139430,APPLAUSE:139430,APPLAUSE:13876,60,W,-1,0,True,True,True
29,APPLAUSE:13876 | APPLAUSE:139430,APPLAUSE:139430,APPLAUSE:13876,60,NW,-1,1,True,True,True
29,APPLAUSE:13876 | APPLAUSE:139430,APPLAUSE:139430,APPLAUSE:13876,120,N,0,1,True,True,True
29,APPLAUSE:13876 | APPLAUSE:139430,APPLAUSE:139430,APPLAUSE:13876,120,NE,1,1,True,True,True
29,APPLAUSE:13876 | APPLAUSE:139430,APPLAUSE:139430,APPLAUSE:13876,120,E,1,0,True,True,True
29,APPLAUSE:13876 | APPLAUSE:139430,APPLAUSE:139430,APPLAUSE:13876,120,SE,1,-1,True,True,True
29,APPLAUSE:13876 | APPLAUSE:139430,APPLAUSE:139430,APPLAUSE:13876,120,S,0,-1,True,True,True
29,APPLAUSE:13876 | APPLAUSE:139430,APPLAUSE:139430,APPLAUSE:13876,120,SW,-1,-1,True,True,True
29,APPLAUSE:13876 | APPLAUSE:139430,APPLAUSE:139430,APPLAUSE:13876,120,W,-1,0,True,True,True
29,APPLAUSE:13876 | APPLAUSE:139430,APPLAUSE:139430,APPLAUSE:13876,120,NW,-1,1,True,True,True
30,APPLAUSE:139532 | DASCH:ivo://org.gavo.dc/~?dasch/q/j04686,APPLAUSE:139532,DASCH:j04686:exp0,60,N,0,1,True,True,True
30,APPLAUSE:139532 | DASCH:ivo://org.gavo.dc/~?dasch/q/j04686,APPLAUSE:139532,DASCH:j04686:exp0,60,NE,1,1,True,True,True
30,APPLAUSE:139532 | DASCH:ivo://org.gavo.dc/~?dasch/q/j04686,APPLAUSE:139532,DASCH:j04686:exp0,60,E,1,0,True,True,True
30,APPLAUSE:139532 | DASCH:ivo://org.gavo.dc/~?dasch/q/j04686,APPLAUSE:139532,DASCH:j04686:exp0,60,SE,1,-1,True,True,True
30,APPLAUSE:139532 | DASCH:ivo://org.gavo.dc/~?dasch/q/j04686,APPLAUSE:139532,DASCH:j04686:exp0,60,S,0,-1,True,True,True
30,APPLAUSE:139532 | DASCH:ivo://org.gavo.dc/~?dasch/q/j04686,APPLAUSE:139532,DASCH:j04686:exp0,60,SW,-1,-1,True,True,True
30,APPLAUSE:139532 | DASCH:ivo://org.gavo.dc/~?dasch/q/j04686,APPLAUSE:139532,DASCH:j04686:exp0,60,W,-1,0,True,True,True
30,APPLAUSE:139532 | DASCH:ivo://org.gavo.dc/~?dasch/q/j04686,APPLAUSE:139532,DASCH:j04686:exp0,60,NW,-1,1,True,True,True
30,APPLAUSE:139532 | DASCH:ivo://org.gavo.dc/~?dasch/q/j04686,APPLAUSE:139532,DASCH:j04686:exp0,120,N,0,1,True,True,True
30,APPLAUSE:139532 | DASCH:ivo://org.gavo.dc/~?dasch/q/j04686,APPLAUSE:139532,DASCH:j04686:exp0,120,NE,1,1,True,True,True
30,APPLAUSE:139532 | DASCH:ivo://org.gavo.dc/~?dasch/q/j04686,APPLAUSE:139532,DASCH:j04686:exp0,120,E,1,0,True,True,True
30,APPLAUSE:139532 | DASCH:ivo://org.gavo.dc/~?dasch/q/j04686,APPLAUSE:139532,DASCH:j04686:exp0,120,SE,1,-1,True,True,True
30,APPLAUSE:139532 | DASCH:ivo://org.gavo.dc/~?dasch/q/j04686,APPLAUSE:139532,DASCH:j04686:exp0,120,S,0,-1,True,True,True
30,APPLAUSE:139532 | DASCH:ivo://org.gavo.dc/~?dasch/q/j04686,APPLAUSE:139532,DASCH:j04686:exp0,120,SW,-1,-1,True,True,True
30,APPLAUSE:139532 | DASCH:ivo://org.gavo.dc/~?dasch/q/j04686,APPLAUSE:139532,DASCH:j04686:exp0,120,W,-1,0,True,True,True
30,APPLAUSE:139532 | DASCH:ivo://org.gavo.dc/~?dasch/q/j04686,APPLAUSE:139532,DASCH:j04686:exp0,120,NW,-1,1,True,True,True
31,APPLAUSE:11790 | DASCH:ivo://org.gavo.dc/~?dasch/q/b75711,APPLAUSE:11790,DASCH:b75711:exp0,60,N,0,1,True,True,True
31,APPLAUSE:11790 | DASCH:ivo://org.gavo.dc/~?dasch/q/b75711,APPLAUSE:11790,DASCH:b75711:exp0,60,NE,1,1,True,True,True
31,APPLAUSE:11790 | DASCH:ivo://org.gavo.dc/~?dasch/q/b75711,APPLAUSE:11790,DASCH:b75711:exp0,60,E,1,0,True,True,True
31,APPLAUSE:11790 | DASCH:ivo://org.gavo.dc/~?dasch/q/b75711,APPLAUSE:11790,DASCH:b75711:exp0,60,SE,1,-1,True,True,True
31,APPLAUSE:11790 | DASCH:ivo://org.gavo.dc/~?dasch/q/b75711,APPLAUSE:11790,DASCH:b75711:exp0,60,S,0,-1,True,True,True
31,APPLAUSE:11790 | DASCH:ivo://org.gavo.dc/~?dasch/q/b75711,APPLAUSE:11790,DASCH:b75711:exp0,60,SW,-1,-1,True,True,True
31,APPLAUSE:11790 | DASCH:ivo://org.gavo.dc/~?dasch/q/b75711,APPLAUSE:11790,DASCH:b75711:exp0,60,W,-1,0,True,True,True
31,APPLAUSE:11790 | DASCH:ivo://org.gavo.dc/~?dasch/q/b75711,APPLAUSE:11790,DASCH:b75711:exp0,60,NW,-1,1,True,True,True
31,APPLAUSE:11790 | DASCH:ivo://org.gavo.dc/~?dasch/q/b75711,APPLAUSE:11790,DASCH:b75711:exp0,120,N,0,1,True,True,True
31,APPLAUSE:11790 | DASCH:ivo://org.gavo.dc/~?dasch/q/b75711,APPLAUSE:11790,DASCH:b75711:exp0,120,NE,1,1,True,True,True
31,APPLAUSE:11790 | DASCH:ivo://org.gavo.dc/~?dasch/q/b75711,APPLAUSE:11790,DASCH:b75711:exp0,120,E,1,0,True,True,True
31,APPLAUSE:11790 | DASCH:ivo://org.gavo.dc/~?dasch/q/b75711,APPLAUSE:11790,DASCH:b75711:exp0,120,SE,1,-1,True,True,True
31,APPLAUSE:11790 | DASCH:ivo://org.gavo.dc/~?dasch/q/b75711,APPLAUSE:11790,DASCH:b75711:exp0,120,S,0,-1,True,True,True
31,APPLAUSE:11790 | DASCH:ivo://org.gavo.dc/~?dasch/q/b75711,APPLAUSE:11790,DASCH:b75711:exp0,120,SW,-1,-1,True,True,True
31,APPLAUSE:11790 | DASCH:ivo://org.gavo.dc/~?dasch/q/b75711,APPLAUSE:11790,DASCH:b75711:exp0,120,W,-1,0,True,True,True
31,APPLAUSE:11790 | DASCH:ivo://org.gavo.dc/~?dasch/q/b75711,APPLAUSE:11790,DASCH:b75711:exp0,120,NW,-1,1,True,True,True
32,APPLAUSE:12405 | APPLAUSE:131662,APPLAUSE:131662,APPLAUSE:12405,60,N,0,1,True,True,True
32,APPLAUSE:12405 | APPLAUSE:131662,APPLAUSE:131662,APPLAUSE:12405,60,NE,1,1,True,True,True
32,APPLAUSE:12405 | APPLAUSE:131662,APPLAUSE:131662,APPLAUSE:12405,60,E,1,0,True,True,True
32,APPLAUSE:12405 | APPLAUSE:131662,APPLAUSE:131662,APPLAUSE:12405,60,SE,1,-1,True,True,True
32,APPLAUSE:12405 | APPLAUSE:131662,APPLAUSE:131662,APPLAUSE:12405,60,S,0,-1,True,True,True
32,APPLAUSE:12405 | APPLAUSE:131662,APPLAUSE:131662,APPLAUSE:12405,60,SW,-1,-1,True,True,True
32,APPLAUSE:12405 | APPLAUSE:131662,APPLAUSE:131662,APPLAUSE:12405,60,W,-1,0,True,True,True
32,APPLAUSE:12405 | APPLAUSE:131662,APPLAUSE:131662,APPLAUSE:12405,60,NW,-1,1,True,True,True
32,APPLAUSE:12405 | APPLAUSE:131662,APPLAUSE:131662,APPLAUSE:12405,120,N,0,1,True,True,True
32,APPLAUSE:12405 | APPLAUSE:131662,APPLAUSE:131662,APPLAUSE:12405,120,NE,1,1,True,True,True
32,APPLAUSE:12405 | APPLAUSE:131662,APPLAUSE:131662,APPLAUSE:12405,120,E,1,0,True,True,True
32,APPLAUSE:12405 | APPLAUSE:131662,APPLAUSE:131662,APPLAUSE:12405,120,SE,1,-1,True,True,True
32,APPLAUSE:12405 | APPLAUSE:131662,APPLAUSE:131662,APPLAUSE:12405,120,S,0,-1,True,True,True
32,APPLAUSE:12405 | APPLAUSE:131662,APPLAUSE:131662,APPLAUSE:12405,120,SW,-1,-1,True,True,True
32,APPLAUSE:12405 | APPLAUSE:131662,APPLAUSE:131662,APPLAUSE:12405,120,W,-1,0,True,True,True
32,APPLAUSE:12405 | APPLAUSE:131662,APPLAUSE:131662,APPLAUSE:12405,120,NW,-1,1,True,True,True
33,APPLAUSE:12471 | DASCH:ivo://org.gavo.dc/~?dasch/q/bi05459,DASCH:bi05459:exp0,APPLAUSE:12471,60,N,0,1,True,True,True
33,APPLAUSE:12471 | DASCH:ivo://org.gavo.dc/~?dasch/q/bi05459,DASCH:bi05459:exp0,APPLAUSE:12471,60,NE,1,1,True,True,True
33,APPLAUSE:12471 | DASCH:ivo://org.gavo.dc/~?dasch/q/bi05459,DASCH:bi05459:exp0,APPLAUSE:12471,60,E,1,0,True,True,True
33,APPLAUSE:12471 | DASCH:ivo://org.gavo.dc/~?dasch/q/bi05459,DASCH:bi05459:exp0,APPLAUSE:12471,60,SE,1,-1,True,True,True
33,APPLAUSE:12471 | DASCH:ivo://org.gavo.dc/~?dasch/q/bi05459,DASCH:bi05459:exp0,APPLAUSE:12471,60,S,0,-1,True,True,True
33,APPLAUSE:12471 | DASCH:ivo://org.gavo.dc/~?dasch/q/bi05459,DASCH:bi05459:exp0,APPLAUSE:12471,60,SW,-1,-1,True,True,True
33,APPLAUSE:12471 | DASCH:ivo://org.gavo.dc/~?dasch/q/bi05459,DASCH:bi05459:exp0,APPLAUSE:12471,60,W,-1,0,True,True,True
33,APPLAUSE:12471 | DASCH:ivo://org.gavo.dc/~?dasch/q/bi05459,DASCH:bi05459:exp0,APPLAUSE:12471,60,NW,-1,1,True,True,True
33,APPLAUSE:12471 | DASCH:ivo://org.gavo.dc/~?dasch/q/bi05459,DASCH:bi05459:exp0,APPLAUSE:12471,120,N,0,1,True,True,True
33,APPLAUSE:12471 | DASCH:ivo://org.gavo.dc/~?dasch/q/bi05459,DASCH:bi05459:exp0,APPLAUSE:12471,120,NE,1,1,True,True,True
33,APPLAUSE:12471 | DASCH:ivo://org.gavo.dc/~?dasch/q/bi05459,DASCH:bi05459:exp0,APPLAUSE:12471,120,E,1,0,True,True,True
33,APPLAUSE:12471 | DASCH:ivo://org.gavo.dc/~?dasch/q/bi05459,DASCH:bi05459:exp0,APPLAUSE:12471,120,SE,1,-1,True,True,True
33,APPLAUSE:12471 | DASCH:ivo://org.gavo.dc/~?dasch/q/bi05459,DASCH:bi05459:exp0,APPLAUSE:12471,120,S,0,-1,True,True,True
33,APPLAUSE:12471 | DASCH:ivo://org.gavo.dc/~?dasch/q/bi05459,DASCH:bi05459:exp0,APPLAUSE:12471,120,SW,-1,-1,True,True,True
33,APPLAUSE:12471 | DASCH:ivo://org.gavo.dc/~?dasch/q/bi05459,DASCH:bi05459:exp0,APPLAUSE:12471,120,W,-1,0,True,True,True
33,APPLAUSE:12471 | DASCH:ivo://org.gavo.dc/~?dasch/q/bi05459,DASCH:bi05459:exp0,APPLAUSE:12471,120,NW,-1,1,True,True,True
