canonical_pair,direction,endpoint_a,endpoint_b,pair_index,position_angle_deg_east_of_north,primary_corrected_le3,primary_loo_crosses_gt3,primary_loo_robust_corrected_le3,primary_raw_gt3_to_corrected_le3,primary_raw_le3_to_corrected_gt3,primary_raw_le3_to_corrected_le3,primary_registered,primary_window_10arcmin,primary_window_20arcmin,primary_window_30arcmin,primary_window_5arcmin,raw_control_le10_associations,raw_control_le3_associations,shift_radius_arcsec,sparse_diagnostic_corrected_le3,sparse_diagnostic_registered,unregistered
APPLAUSE:132099 | DASCH:ivo://org.gavo.dc/~?dasch/q/bi05640,E,APPLAUSE:132099,DASCH:bi05640:exp0,1,90.0,0,0,0,0,0,0,0,0,0,0,0,12,2,60.0,0,12,0
APPLAUSE:132099 | DASCH:ivo://org.gavo.dc/~?dasch/q/bi05640,N,APPLAUSE:132099,DASCH:bi05640:exp0,1,0.0,0,0,0,0,0,0,0,0,0,0,0,16,4,60.0,2,16,0
APPLAUSE:132099 | DASCH:ivo://org.gavo.dc/~?dasch/q/bi05640,NE,APPLAUSE:132099,DASCH:bi05640:exp0,1,45.0,0,0,0,0,0,0,0,0,0,0,0,11,3,60.0,0,11,0
APPLAUSE:132099 | DASCH:ivo://org.gavo.dc/~?dasch/q/bi05640,NW,APPLAUSE:132099,DASCH:bi05640:exp0,1,315.0,0,0,0,0,0,0,0,0,0,0,0,6,1,60.0,1,6,0
APPLAUSE:132099 | DASCH:ivo://org.gavo.dc/~?dasch/q/bi05640,S,APPLAUSE:132099,DASCH:bi05640:exp0,1,180.0,0,0,0,0,0,0,0,0,0,0,0,11,0,60.0,1,11,0
APPLAUSE:132099 | DASCH:ivo://org.gavo.dc/~?dasch/q/bi05640,SE,APPLAUSE:132099,DASCH:bi05640:exp0,1,135.0,0,0,0,0,0,0,0,0,0,0,0,6,0,60.0,0,6,0
APPLAUSE:132099 | DASCH:ivo://org.gavo.dc/~?dasch/q/bi05640,SW,APPLAUSE:132099,DASCH:bi05640:exp0,1,225.0,0,0,0,0,0,0,0,0,0,0,0,9,1,60.0,1,9,0
APPLAUSE:132099 | DASCH:ivo://org.gavo.dc/~?dasch/q/bi05640,W,APPLAUSE:132099,DASCH:bi05640:exp0,1,270.0,0,0,0,0,0,0,0,0,0,0,0,18,1,60.0,1,17,1
APPLAUSE:132099 | DASCH:ivo://org.gavo.dc/~?dasch/q/bi05640,E,APPLAUSE:132099,DASCH:bi05640:exp0,1,90.0,0,0,0,0,0,0,0,0,0,0,0,10,2,120.0,1,10,0
APPLAUSE:132099 | DASCH:ivo://org.gavo.dc/~?dasch/q/bi05640,N,APPLAUSE:132099,DASCH:bi05640:exp0,1,0.0,0,0,0,0,0,0,0,0,0,0,0,9,1,120.0,0,9,0
APPLAUSE:132099 | DASCH:ivo://org.gavo.dc/~?dasch/q/bi05640,NE,APPLAUSE:132099,DASCH:bi05640:exp0,1,45.0,0,0,0,0,0,0,0,0,0,0,0,11,0,120.0,1,11,0
APPLAUSE:132099 | DASCH:ivo://org.gavo.dc/~?dasch/q/bi05640,NW,APPLAUSE:132099,DASCH:bi05640:exp0,1,315.0,0,0,0,0,0,0,0,0,0,0,0,15,2,120.0,0,13,2
APPLAUSE:132099 | DASCH:ivo://org.gavo.dc/~?dasch/q/bi05640,S,APPLAUSE:132099,DASCH:bi05640:exp0,1,180.0,0,0,0,0,0,0,0,0,0,0,0,17,2,120.0,2,16,1
APPLAUSE:132099 | DASCH:ivo://org.gavo.dc/~?dasch/q/bi05640,SE,APPLAUSE:132099,DASCH:bi05640:exp0,1,135.0,0,0,0,0,0,0,0,0,0,0,0,11,1,120.0,2,11,0
APPLAUSE:132099 | DASCH:ivo://org.gavo.dc/~?dasch/q/bi05640,SW,APPLAUSE:132099,DASCH:bi05640:exp0,1,225.0,0,0,0,0,0,0,0,0,0,0,0,18,0,120.0,0,18,0
APPLAUSE:132099 | DASCH:ivo://org.gavo.dc/~?dasch/q/bi05640,W,APPLAUSE:132099,DASCH:bi05640:exp0,1,270.0,0,0,0,0,0,0,0,0,0,0,0,11,2,120.0,1,11,0
APPLAUSE:13623 | DASCH:ivo://org.gavo.dc/~?dasch/q/bi05607,E,APPLAUSE:13623,DASCH:bi05607:exp0,2,90.0,2,2,0,2,7,0,50,9,15,26,0,593,59,60.0,57,543,0
APPLAUSE:13623 | DASCH:ivo://org.gavo.dc/~?dasch/q/bi05607,N,APPLAUSE:13623,DASCH:bi05607:exp0,2,0.0,6,5,1,6,2,0,41,4,9,28,0,646,51,60.0,55,605,0
APPLAUSE:13623 | DASCH:ivo://org.gavo.dc/~?dasch/q/bi05607,NE,APPLAUSE:13623,DASCH:bi05607:exp0,2,45.0,5,4,1,2,6,3,49,4,10,35,0,610,58,60.0,50,561,0
APPLAUSE:13623 | DASCH:ivo://org.gavo.dc/~?dasch/q/bi05607,NW,APPLAUSE:13623,DASCH:bi05607:exp0,2,315.0,3,3,0,3,6,0,55,5,13,37,0,609,62,60.0,56,554,0
APPLAUSE:13623 | DASCH:ivo://org.gavo.dc/~?dasch/q/bi05607,S,APPLAUSE:13623,DASCH:bi05607:exp0,2,180.0,2,1,1,2,2,0,37,0,21,16,0,587,50,60.0,45,550,0
APPLAUSE:13623 | DASCH:ivo://org.gavo.dc/~?dasch/q/bi05607,SE,APPLAUSE:13623,DASCH:bi05607:exp0,2,135.0,4,3,1,4,5,0,47,3,14,30,0,604,52,60.0,46,557,0
APPLAUSE:13623 | DASCH:ivo://org.gavo.dc/~?dasch/q/bi05607,SW,APPLAUSE:13623,DASCH:bi05607:exp0,2,225.0,1,1,0,1,5,0,46,7,9,30,0,605,45,60.0,47,559,0
APPLAUSE:13623 | DASCH:ivo://org.gavo.dc/~?dasch/q/bi05607,W,APPLAUSE:13623,DASCH:bi05607:exp0,2,270.0,2,1,1,2,5,0,51,9,11,31,0,594,55,60.0,49,543,0
APPLAUSE:13623 | DASCH:ivo://org.gavo.dc/~?dasch/q/bi05607,E,APPLAUSE:13623,DASCH:bi05607:exp0,2,90.0,6,5,1,6,2,0,46,3,13,30,0,544,45,120.0,47,498,0
APPLAUSE:13623 | DASCH:ivo://org.gavo.dc/~?dasch/q/bi05607,N,APPLAUSE:13623,DASCH:bi05607:exp0,2,0.0,4,4,0,3,7,1,45,3,14,28,0,607,52,120.0,44,562,0
APPLAUSE:13623 | DASCH:ivo://org.gavo.dc/~?dasch/q/bi05607,NE,APPLAUSE:13623,DASCH:bi05607:exp0,2,45.0,4,4,0,4,5,0,48,5,11,32,0,577,64,120.0,53,529,0
APPLAUSE:13623 | DASCH:ivo://org.gavo.dc/~?dasch/q/bi05607,NW,APPLAUSE:13623,DASCH:bi05607:exp0,2,315.0,4,4,0,4,5,0,58,3,10,45,0,645,63,120.0,62,587,0
APPLAUSE:13623 | DASCH:ivo://org.gavo.dc/~?dasch/q/bi05607,S,APPLAUSE:13623,DASCH:bi05607:exp0,2,180.0,6,5,1,5,2,1,48,2,23,23,0,624,48,120.0,44,576,0
APPLAUSE:13623 | DASCH:ivo://org.gavo.dc/~?dasch/q/bi05607,SE,APPLAUSE:13623,DASCH:bi05607:exp0,2,135.0,2,2,0,1,2,1,45,1,16,28,0,617,47,120.0,51,572,0
APPLAUSE:13623 | DASCH:ivo://org.gavo.dc/~?dasch/q/bi05607,SW,APPLAUSE:13623,DASCH:bi05607:exp0,2,225.0,6,4,2,4,3,2,40,3,7,30,0,598,60,120.0,55,558,0
APPLAUSE:13623 | DASCH:ivo://org.gavo.dc/~?dasch/q/bi05607,W,APPLAUSE:13623,DASCH:bi05607:exp0,2,270.0,5,4,1,5,1,0,40,4,7,29,0,588,45,120.0,48,548,0
APPLAUSE:131892 | DASCH:ivo://org.gavo.dc/~?dasch/q/ax04674,E,APPLAUSE:131892,DASCH:ax04674:exp0,3,90.0,0,0,0,0,1,0,3,0,1,2,0,218,26,60.0,22,215,0
APPLAUSE:131892 | DASCH:ivo://org.gavo.dc/~?dasch/q/ax04674,N,APPLAUSE:131892,DASCH:ax04674:exp0,3,0.0,0,0,0,0,0,0,5,0,1,4,0,190,16,60.0,18,185,0
APPLAUSE:131892 | DASCH:ivo://org.gavo.dc/~?dasch/q/ax04674,NE,APPLAUSE:131892,DASCH:ax04674:exp0,3,45.0,2,2,0,2,1,0,10,0,3,7,0,186,20,60.0,16,176,0
APPLAUSE:131892 | DASCH:ivo://org.gavo.dc/~?dasch/q/ax04674,NW,APPLAUSE:131892,DASCH:ax04674:exp0,3,315.0,0,0,0,0,0,0,8,0,2,6,0,180,16,60.0,13,172,0
APPLAUSE:131892 | DASCH:ivo://org.gavo.dc/~?dasch/q/ax04674,S,APPLAUSE:131892,DASCH:ax04674:exp0,3,180.0,0,0,0,0,0,0,10,0,1,9,0,171,16,60.0,12,161,0
APPLAUSE:131892 | DASCH:ivo://org.gavo.dc/~?dasch/q/ax04674,SE,APPLAUSE:131892,DASCH:ax04674:exp0,3,135.0,0,0,0,0,0,0,3,0,0,3,0,163,15,60.0,13,160,0
APPLAUSE:131892 | DASCH:ivo://org.gavo.dc/~?dasch/q/ax04674,SW,APPLAUSE:131892,DASCH:ax04674:exp0,3,225.0,1,1,0,1,0,0,6,0,1,5,0,162,13,60.0,11,156,0
APPLAUSE:131892 | DASCH:ivo://org.gavo.dc/~?dasch/q/ax04674,W,APPLAUSE:131892,DASCH:ax04674:exp0,3,270.0,0,0,0,0,0,0,2,0,0,2,0,174,14,60.0,12,172,0
APPLAUSE:131892 | DASCH:ivo://org.gavo.dc/~?dasch/q/ax04674,E,APPLAUSE:131892,DASCH:ax04674:exp0,3,90.0,0,0,0,0,0,0,3,0,0,3,0,179,13,120.0,17,176,0
APPLAUSE:131892 | DASCH:ivo://org.gavo.dc/~?dasch/q/ax04674,N,APPLAUSE:131892,DASCH:ax04674:exp0,3,0.0,1,1,0,1,0,0,6,0,3,3,0,232,30,120.0,27,226,0
APPLAUSE:131892 | DASCH:ivo://org.gavo.dc/~?dasch/q/ax04674,NE,APPLAUSE:131892,DASCH:ax04674:exp0,3,45.0,0,0,0,0,2,0,9,0,0,9,0,213,27,120.0,25,204,0
APPLAUSE:131892 | DASCH:ivo://org.gavo.dc/~?dasch/q/ax04674,NW,APPLAUSE:131892,DASCH:ax04674:exp0,3,315.0,1,1,0,1,0,0,7,1,2,4,0,188,19,120.0,18,181,0
APPLAUSE:131892 | DASCH:ivo://org.gavo.dc/~?dasch/q/ax04674,S,APPLAUSE:131892,DASCH:ax04674:exp0,3,180.0,0,0,0,0,0,0,7,0,1,6,0,179,19,120.0,14,172,0
APPLAUSE:131892 | DASCH:ivo://org.gavo.dc/~?dasch/q/ax04674,SE,APPLAUSE:131892,DASCH:ax04674:exp0,3,135.0,1,1,0,1,1,0,6,0,1,5,0,208,18,120.0,22,202,0
APPLAUSE:131892 | DASCH:ivo://org.gavo.dc/~?dasch/q/ax04674,SW,APPLAUSE:131892,DASCH:ax04674:exp0,3,225.0,1,1,0,1,0,0,6,0,2,4,0,188,17,120.0,23,182,0
APPLAUSE:131892 | DASCH:ivo://org.gavo.dc/~?dasch/q/ax04674,W,APPLAUSE:131892,DASCH:ax04674:exp0,3,270.0,1,1,0,1,0,0,6,0,3,3,0,181,13,120.0,11,175,0
APPLAUSE:11788 | DASCH:ivo://org.gavo.dc/~?dasch/q/bi05352,E,DASCH:bi05352:exp0,APPLAUSE:11788,4,90.0,10,9,1,10,7,0,158,17,64,77,0,236,11,60.0,5,78,0
APPLAUSE:11788 | DASCH:ivo://org.gavo.dc/~?dasch/q/bi05352,N,DASCH:bi05352:exp0,APPLAUSE:11788,4,0.0,9,9,0,8,9,1,114,14,54,46,0,202,15,60.0,6,87,1
APPLAUSE:11788 | DASCH:ivo://org.gavo.dc/~?dasch/q/bi05352,NE,DASCH:bi05352:exp0,APPLAUSE:11788,4,45.0,13,12,1,8,8,5,136,18,56,62,0,247,25,60.0,8,111,0
APPLAUSE:11788 | DASCH:ivo://org.gavo.dc/~?dasch/q/bi05352,NW,DASCH:bi05352:exp0,APPLAUSE:11788,4,315.0,10,10,0,8,14,2,141,12,61,68,0,244,22,60.0,8,102,1
APPLAUSE:11788 | DASCH:ivo://org.gavo.dc/~?dasch/q/bi05352,S,DASCH:bi05352:exp0,APPLAUSE:11788,4,180.0,9,9,0,5,8,4,112,7,46,59,0,209,26,60.0,13,95,2
APPLAUSE:11788 | DASCH:ivo://org.gavo.dc/~?dasch/q/bi05352,SE,DASCH:bi05352:exp0,APPLAUSE:11788,4,135.0,13,13,0,11,9,2,109,6,44,59,0,210,24,60.0,7,100,1
APPLAUSE:11788 | DASCH:ivo://org.gavo.dc/~?dasch/q/bi05352,SW,DASCH:bi05352:exp0,APPLAUSE:11788,4,225.0,15,14,1,14,7,1,114,13,40,61,0,200,18,60.0,7,85,1
APPLAUSE:11788 | DASCH:ivo://org.gavo.dc/~?dasch/q/bi05352,W,DASCH:bi05352:exp0,APPLAUSE:11788,4,270.0,17,15,2,15,8,2,143,10,59,74,0,222,19,60.0,8,77,2
APPLAUSE:11788 | DASCH:ivo://org.gavo.dc/~?dasch/q/bi05352,E,DASCH:bi05352:exp0,APPLAUSE:11788,4,90.0,9,8,1,7,12,2,145,14,63,68,0,258,22,120.0,4,113,0
APPLAUSE:11788 | DASCH:ivo://org.gavo.dc/~?dasch/q/bi05352,N,DASCH:bi05352:exp0,APPLAUSE:11788,4,0.0,7,7,0,4,15,3,154,17,63,74,0,259,29,120.0,7,103,2
APPLAUSE:11788 | DASCH:ivo://org.gavo.dc/~?dasch/q/bi05352,NE,DASCH:bi05352:exp0,APPLAUSE:11788,4,45.0,10,10,0,7,14,3,125,12,49,64,0,224,21,120.0,6,99,0
APPLAUSE:11788 | DASCH:ivo://org.gavo.dc/~?dasch/q/bi05352,NW,DASCH:bi05352:exp0,APPLAUSE:11788,4,315.0,10,10,0,8,11,2,149,7,74,68,0,235,18,120.0,5,85,1
APPLAUSE:11788 | DASCH:ivo://org.gavo.dc/~?dasch/q/bi05352,S,DASCH:bi05352:exp0,APPLAUSE:11788,4,180.0,3,3,0,2,4,1,102,5,42,55,0,198,16,120.0,9,95,1
APPLAUSE:11788 | DASCH:ivo://org.gavo.dc/~?dasch/q/bi05352,SE,DASCH:bi05352:exp0,APPLAUSE:11788,4,135.0,11,8,3,8,9,3,157,15,57,85,0,263,23,120.0,10,104,2
APPLAUSE:11788 | DASCH:ivo://org.gavo.dc/~?dasch/q/bi05352,SW,DASCH:bi05352:exp0,APPLAUSE:11788,4,225.0,9,9,0,7,12,2,150,9,62,79,0,254,30,120.0,12,104,0
APPLAUSE:11788 | DASCH:ivo://org.gavo.dc/~?dasch/q/bi05352,W,DASCH:bi05352:exp0,APPLAUSE:11788,4,270.0,12,12,0,9,7,3,129,10,53,66,0,218,18,120.0,12,89,0
APPLAUSE:11787 | DASCH:ivo://org.gavo.dc/~?dasch/q/bi05352,E,DASCH:bi05352:exp0,APPLAUSE:11787,5,90.0,10,9,1,10,7,0,158,17,64,77,0,236,11,60.0,5,78,0
APPLAUSE:11787 | DASCH:ivo://org.gavo.dc/~?dasch/q/bi05352,N,DASCH:bi05352:exp0,APPLAUSE:11787,5,0.0,9,9,0,8,9,1,114,14,54,46,0,202,15,60.0,6,87,1
APPLAUSE:11787 | DASCH:ivo://org.gavo.dc/~?dasch/q/bi05352,NE,DASCH:bi05352:exp0,APPLAUSE:11787,5,45.0,13,12,1,8,8,5,136,18,56,62,0,247,25,60.0,8,111,0
APPLAUSE:11787 | DASCH:ivo://org.gavo.dc/~?dasch/q/bi05352,NW,DASCH:bi05352:exp0,APPLAUSE:11787,5,315.0,10,10,0,8,14,2,141,12,61,68,0,244,22,60.0,8,102,1
APPLAUSE:11787 | DASCH:ivo://org.gavo.dc/~?dasch/q/bi05352,S,DASCH:bi05352:exp0,APPLAUSE:11787,5,180.0,9,9,0,5,8,4,112,7,46,59,0,209,26,60.0,13,95,2
APPLAUSE:11787 | DASCH:ivo://org.gavo.dc/~?dasch/q/bi05352,SE,DASCH:bi05352:exp0,APPLAUSE:11787,5,135.0,13,13,0,11,9,2,109,6,44,59,0,210,24,60.0,7,100,1
APPLAUSE:11787 | DASCH:ivo://org.gavo.dc/~?dasch/q/bi05352,SW,DASCH:bi05352:exp0,APPLAUSE:11787,5,225.0,15,14,1,14,7,1,114,13,40,61,0,200,18,60.0,7,85,1
APPLAUSE:11787 | DASCH:ivo://org.gavo.dc/~?dasch/q/bi05352,W,DASCH:bi05352:exp0,APPLAUSE:11787,5,270.0,17,15,2,15,8,2,143,10,59,74,0,222,19,60.0,8,77,2
APPLAUSE:11787 | DASCH:ivo://org.gavo.dc/~?dasch/q/bi05352,E,DASCH:bi05352:exp0,APPLAUSE:11787,5,90.0,9,8,1,7,12,2,145,14,63,68,0,258,22,120.0,4,113,0
APPLAUSE:11787 | DASCH:ivo://org.gavo.dc/~?dasch/q/bi05352,N,DASCH:bi05352:exp0,APPLAUSE:11787,5,0.0,7,7,0,4,15,3,154,17,63,74,0,259,29,120.0,7,103,2
APPLAUSE:11787 | DASCH:ivo://org.gavo.dc/~?dasch/q/bi05352,NE,DASCH:bi05352:exp0,APPLAUSE:11787,5,45.0,10,10,0,7,14,3,125,12,49,64,0,224,21,120.0,6,99,0
APPLAUSE:11787 | DASCH:ivo://org.gavo.dc/~?dasch/q/bi05352,NW,DASCH:bi05352:exp0,APPLAUSE:11787,5,315.0,10,10,0,8,11,2,149,7,74,68,0,235,18,120.0,5,85,1
APPLAUSE:11787 | DASCH:ivo://org.gavo.dc/~?dasch/q/bi05352,S,DASCH:bi05352:exp0,APPLAUSE:11787,5,180.0,3,3,0,2,4,1,102,5,42,55,0,198,16,120.0,9,95,1
APPLAUSE:11787 | DASCH:ivo://org.gavo.dc/~?dasch/q/bi05352,SE,DASCH:bi05352:exp0,APPLAUSE:11787,5,135.0,11,8,3,8,9,3,157,15,57,85,0,263,23,120.0,10,104,2
APPLAUSE:11787 | DASCH:ivo://org.gavo.dc/~?dasch/q/bi05352,SW,DASCH:bi05352:exp0,APPLAUSE:11787,5,225.0,9,9,0,7,12,2,150,9,62,79,0,254,30,120.0,12,104,0
APPLAUSE:11787 | DASCH:ivo://org.gavo.dc/~?dasch/q/bi05352,W,DASCH:bi05352:exp0,APPLAUSE:11787,5,270.0,12,12,0,9,7,3,129,10,53,66,0,218,18,120.0,12,89,0
APPLAUSE:12565 | APPLAUSE:139011,E,APPLAUSE:12565,APPLAUSE:139011,6,90.0,24,13,11,4,15,20,354,81,107,66,100,386,38,60.0,3,32,0
APPLAUSE:12565 | APPLAUSE:139011,N,APPLAUSE:12565,APPLAUSE:139011,6,0.0,36,24,12,18,11,18,325,56,120,69,80,359,33,60.0,4,34,0
APPLAUSE:12565 | APPLAUSE:139011,NE,APPLAUSE:12565,APPLAUSE:139011,6,45.0,30,15,15,11,10,19,331,75,106,70,80,370,35,60.0,6,39,0
APPLAUSE:12565 | APPLAUSE:139011,NW,APPLAUSE:12565,APPLAUSE:139011,6,315.0,33,18,15,12,7,21,390,78,140,73,99,419,32,60.0,2,29,0
APPLAUSE:12565 | APPLAUSE:139011,S,APPLAUSE:12565,APPLAUSE:139011,6,180.0,32,18,14,14,8,18,355,37,165,69,84,381,30,60.0,4,26,0
APPLAUSE:12565 | APPLAUSE:139011,SE,APPLAUSE:12565,APPLAUSE:139011,6,135.0,34,27,7,16,11,18,381,58,155,70,98,407,31,60.0,2,26,0
APPLAUSE:12565 | APPLAUSE:139011,SW,APPLAUSE:12565,APPLAUSE:139011,6,225.0,25,12,13,11,12,14,331,48,131,63,89,357,29,60.0,3,26,0
APPLAUSE:12565 | APPLAUSE:139011,W,APPLAUSE:12565,APPLAUSE:139011,6,270.0,32,15,17,15,9,17,353,74,112,76,91,385,29,60.0,3,32,0
APPLAUSE:12565 | APPLAUSE:139011,E,APPLAUSE:12565,APPLAUSE:139011,6,90.0,30,20,10,15,15,15,341,59,90,66,126,379,32,120.0,2,38,0
APPLAUSE:12565 | APPLAUSE:139011,N,APPLAUSE:12565,APPLAUSE:139011,6,0.0,21,15,6,4,12,17,319,57,102,84,76,352,37,120.0,9,33,0
APPLAUSE:12565 | APPLAUSE:139011,NE,APPLAUSE:12565,APPLAUSE:139011,6,45.0,28,15,13,12,5,16,360,60,98,77,125,390,22,120.0,1,30,0
APPLAUSE:12565 | APPLAUSE:139011,NW,APPLAUSE:12565,APPLAUSE:139011,6,315.0,30,14,16,11,9,19,301,56,89,49,107,324,31,120.0,3,23,0
APPLAUSE:12565 | APPLAUSE:139011,S,APPLAUSE:12565,APPLAUSE:139011,6,180.0,25,16,9,10,6,15,296,50,140,48,58,322,23,120.0,2,26,0
APPLAUSE:12565 | APPLAUSE:139011,SE,APPLAUSE:12565,APPLAUSE:139011,6,135.0,27,14,13,10,14,17,396,50,165,51,130,424,32,120.0,1,28,0
APPLAUSE:12565 | APPLAUSE:139011,SW,APPLAUSE:12565,APPLAUSE:139011,6,225.0,35,22,13,16,14,19,378,86,160,44,88,398,33,120.0,0,20,0
APPLAUSE:12565 | APPLAUSE:139011,W,APPLAUSE:12565,APPLAUSE:139011,6,270.0,23,13,10,5,7,18,315,71,86,69,89,356,26,120.0,1,41,0
APPLAUSE:12568 | APPLAUSE:139012,E,APPLAUSE:12568,APPLAUSE:139012,7,90.0,60,37,23,24,22,36,595,125,144,106,220,607,58,60.0,0,12,0
APPLAUSE:12568 | APPLAUSE:139012,N,APPLAUSE:12568,APPLAUSE:139012,7,0.0,55,30,25,22,24,33,530,107,134,90,199,542,57,60.0,0,12,0
APPLAUSE:12568 | APPLAUSE:139012,NE,APPLAUSE:12568,APPLAUSE:139012,7,45.0,42,15,27,15,26,27,507,94,142,68,203,513,54,60.0,1,6,0
APPLAUSE:12568 | APPLAUSE:139012,NW,APPLAUSE:12568,APPLAUSE:139012,7,315.0,41,25,16,12,20,29,506,82,119,73,232,519,51,60.0,3,13,0
APPLAUSE:12568 | APPLAUSE:139012,S,APPLAUSE:12568,APPLAUSE:139012,7,180.0,61,28,33,25,14,36,557,102,115,104,236,568,50,60.0,0,11,0
APPLAUSE:12568 | APPLAUSE:139012,SE,APPLAUSE:12568,APPLAUSE:139012,7,135.0,55,41,14,18,14,37,582,115,155,101,211,591,52,60.0,1,9,0
APPLAUSE:12568 | APPLAUSE:139012,SW,APPLAUSE:12568,APPLAUSE:139012,7,225.0,45,21,24,19,12,26,549,87,112,89,261,558,40,60.0,1,9,0
APPLAUSE:12568 | APPLAUSE:139012,W,APPLAUSE:12568,APPLAUSE:139012,7,270.0,44,23,21,17,17,27,546,94,119,101,232,559,44,60.0,0,13,0
APPLAUSE:12568 | APPLAUSE:139012,E,APPLAUSE:12568,APPLAUSE:139012,7,90.0,45,26,19,19,21,26,490,66,141,92,191,498,47,120.0,0,8,0
APPLAUSE:12568 | APPLAUSE:139012,N,APPLAUSE:12568,APPLAUSE:139012,7,0.0,54,29,25,22,11,32,578,91,139,79,269,585,43,120.0,0,7,0
APPLAUSE:12568 | APPLAUSE:139012,NE,APPLAUSE:12568,APPLAUSE:139012,7,45.0,51,29,22,16,22,35,555,82,150,106,217,567,58,120.0,1,12,0
APPLAUSE:12568 | APPLAUSE:139012,NW,APPLAUSE:12568,APPLAUSE:139012,7,315.0,49,30,19,16,24,33,563,86,120,105,252,572,59,120.0,2,9,0
APPLAUSE:12568 | APPLAUSE:139012,S,APPLAUSE:12568,APPLAUSE:139012,7,180.0,44,28,16,18,14,26,480,87,116,80,197,487,40,120.0,0,7,0
APPLAUSE:12568 | APPLAUSE:139012,SE,APPLAUSE:12568,APPLAUSE:139012,7,135.0,48,28,20,22,18,26,546,101,114,93,238,550,44,120.0,0,4,0
APPLAUSE:12568 | APPLAUSE:139012,SW,APPLAUSE:12568,APPLAUSE:139012,7,225.0,51,34,17,25,14,26,615,93,114,69,339,623,40,120.0,0,8,0
APPLAUSE:12568 | APPLAUSE:139012,W,APPLAUSE:12568,APPLAUSE:139012,7,270.0,50,32,18,22,25,28,635,93,143,93,306,641,53,120.0,2,6,0
APPLAUSE:12469 | DASCH:ivo://org.gavo.dc/~?dasch/q/bi05459,E,DASCH:bi05459:exp0,APPLAUSE:12469,8,90.0,1,1,0,0,1,1,13,0,9,4,0,73,7,60.0,7,60,0
APPLAUSE:12469 | DASCH:ivo://org.gavo.dc/~?dasch/q/bi05459,N,DASCH:bi05459:exp0,APPLAUSE:12469,8,0.0,0,0,0,0,1,0,22,1,16,5,0,72,5,60.0,4,50,0
APPLAUSE:12469 | DASCH:ivo://org.gavo.dc/~?dasch/q/bi05459,NE,DASCH:bi05459:exp0,APPLAUSE:12469,8,45.0,2,2,0,2,0,0,13,0,9,4,0,75,2,60.0,3,62,0
APPLAUSE:12469 | DASCH:ivo://org.gavo.dc/~?dasch/q/bi05459,NW,DASCH:bi05459:exp0,APPLAUSE:12469,8,315.0,2,2,0,2,1,0,14,0,10,4,0,62,5,60.0,5,48,0
APPLAUSE:12469 | DASCH:ivo://org.gavo.dc/~?dasch/q/bi05459,S,DASCH:bi05459:exp0,APPLAUSE:12469,8,180.0,0,0,0,0,1,0,9,0,6,3,0,61,6,60.0,6,52,0
APPLAUSE:12469 | DASCH:ivo://org.gavo.dc/~?dasch/q/bi05459,SE,DASCH:bi05459:exp0,APPLAUSE:12469,8,135.0,1,1,0,0,2,1,14,0,7,7,0,71,10,60.0,7,57,0
APPLAUSE:12469 | DASCH:ivo://org.gavo.dc/~?dasch/q/bi05459,SW,DASCH:bi05459:exp0,APPLAUSE:12469,8,225.0,1,1,0,0,0,1,18,0,10,8,0,74,5,60.0,5,56,0
APPLAUSE:12469 | DASCH:ivo://org.gavo.dc/~?dasch/q/bi05459,W,DASCH:bi05459:exp0,APPLAUSE:12469,8,270.0,3,2,1,2,1,1,30,0,22,8,0,83,7,60.0,5,53,0
APPLAUSE:12469 | DASCH:ivo://org.gavo.dc/~?dasch/q/bi05459,E,DASCH:bi05459:exp0,APPLAUSE:12469,8,90.0,1,1,0,0,0,1,13,0,9,4,0,74,9,120.0,8,61,0
APPLAUSE:12469 | DASCH:ivo://org.gavo.dc/~?dasch/q/bi05459,N,DASCH:bi05459:exp0,APPLAUSE:12469,8,0.0,0,0,0,0,1,0,15,1,11,3,0,63,3,120.0,2,48,0
APPLAUSE:12469 | DASCH:ivo://org.gavo.dc/~?dasch/q/bi05459,NE,DASCH:bi05459:exp0,APPLAUSE:12469,8,45.0,3,2,1,1,0,2,16,1,8,7,0,74,6,120.0,4,58,0
APPLAUSE:12469 | DASCH:ivo://org.gavo.dc/~?dasch/q/bi05459,NW,DASCH:bi05459:exp0,APPLAUSE:12469,8,315.0,3,3,0,1,1,2,26,1,13,12,0,86,8,120.0,5,60,0
APPLAUSE:12469 | DASCH:ivo://org.gavo.dc/~?dasch/q/bi05459,S,DASCH:bi05459:exp0,APPLAUSE:12469,8,180.0,0,0,0,0,0,0,9,0,6,3,0,40,4,120.0,2,31,0
APPLAUSE:12469 | DASCH:ivo://org.gavo.dc/~?dasch/q/bi05459,SE,DASCH:bi05459:exp0,APPLAUSE:12469,8,135.0,2,2,0,0,3,2,18,0,12,6,0,71,11,120.0,5,53,0
APPLAUSE:12469 | DASCH:ivo://org.gavo.dc/~?dasch/q/bi05459,SW,DASCH:bi05459:exp0,APPLAUSE:12469,8,225.0,1,1,0,0,2,1,22,0,7,15,0,76,6,120.0,3,54,0
APPLAUSE:12469 | DASCH:ivo://org.gavo.dc/~?dasch/q/bi05459,W,DASCH:bi05459:exp0,APPLAUSE:12469,8,270.0,2,2,0,0,0,2,18,0,13,5,0,71,5,120.0,3,53,0
APPLAUSE:12563 | APPLAUSE:139010,E,APPLAUSE:12563,APPLAUSE:139010,9,90.0,55,34,21,23,25,32,589,89,173,61,266,613,60,60.0,3,24,0
APPLAUSE:12563 | APPLAUSE:139010,N,APPLAUSE:12563,APPLAUSE:139010,9,0.0,45,25,20,14,26,31,561,95,162,50,254,576,59,60.0,2,15,0
APPLAUSE:12563 | APPLAUSE:139010,NE,APPLAUSE:12563,APPLAUSE:139010,9,45.0,53,21,32,27,28,26,616,94,171,72,279,643,60,60.0,6,27,0
APPLAUSE:12563 | APPLAUSE:139010,NW,APPLAUSE:12563,APPLAUSE:139010,9,315.0,45,25,20,24,19,21,605,89,158,63,295,618,42,60.0,2,13,0
APPLAUSE:12563 | APPLAUSE:139010,S,APPLAUSE:12563,APPLAUSE:139010,9,180.0,47,24,23,23,15,24,583,97,152,52,282,603,41,60.0,3,20,0
APPLAUSE:12563 | APPLAUSE:139010,SE,APPLAUSE:12563,APPLAUSE:139010,9,135.0,52,25,27,27,27,25,567,99,152,69,247,584,52,60.0,1,17,0
APPLAUSE:12563 | APPLAUSE:139010,SW,APPLAUSE:12563,APPLAUSE:139010,9,225.0,51,27,24,30,29,21,592,102,145,40,305,607,52,60.0,2,15,0
APPLAUSE:12563 | APPLAUSE:139010,W,APPLAUSE:12563,APPLAUSE:139010,9,270.0,63,35,28,33,25,30,619,94,161,51,313,632,56,60.0,1,13,0
APPLAUSE:12563 | APPLAUSE:139010,E,APPLAUSE:12563,APPLAUSE:139010,9,90.0,49,35,14,29,20,20,538,101,154,56,227,554,42,120.0,2,16,0
APPLAUSE:12563 | APPLAUSE:139010,N,APPLAUSE:12563,APPLAUSE:139010,9,0.0,45,23,22,19,27,26,526,82,157,53,234,548,56,120.0,3,22,0
APPLAUSE:12563 | APPLAUSE:139010,NE,APPLAUSE:12563,APPLAUSE:139010,9,45.0,47,26,21,21,22,26,488,82,157,62,187,505,48,120.0,0,17,0
APPLAUSE:12563 | APPLAUSE:139010,NW,APPLAUSE:12563,APPLAUSE:139010,9,315.0,54,28,26,27,29,27,602,89,150,71,292,617,58,120.0,2,15,0
APPLAUSE:12563 | APPLAUSE:139010,S,APPLAUSE:12563,APPLAUSE:139010,9,180.0,47,28,19,19,25,28,554,83,162,41,268,569,53,120.0,0,15,0
APPLAUSE:12563 | APPLAUSE:139010,SE,APPLAUSE:12563,APPLAUSE:139010,9,135.0,43,22,21,21,24,22,513,99,142,73,199,530,49,120.0,3,17,0
APPLAUSE:12563 | APPLAUSE:139010,SW,APPLAUSE:12563,APPLAUSE:139010,9,225.0,58,37,21,32,29,26,661,95,161,71,334,678,55,120.0,0,17,0
APPLAUSE:12563 | APPLAUSE:139010,W,APPLAUSE:12563,APPLAUSE:139010,9,270.0,63,28,35,32,32,31,680,94,164,60,362,701,65,120.0,3,21,0
APPLAUSE:12566 | APPLAUSE:139011,E,APPLAUSE:139011,APPLAUSE:12566,10,90.0,31,14,17,15,10,16,353,66,114,75,98,385,29,60.0,3,32,0
APPLAUSE:12566 | APPLAUSE:139011,N,APPLAUSE:139011,APPLAUSE:12566,10,0.0,29,16,13,13,10,16,354,57,161,68,68,381,30,60.0,4,27,0
APPLAUSE:12566 | APPLAUSE:139011,NE,APPLAUSE:139011,APPLAUSE:12566,10,45.0,23,15,8,11,14,12,332,49,137,55,91,358,29,60.0,3,26,0
APPLAUSE:12566 | APPLAUSE:139011,NW,APPLAUSE:139011,APPLAUSE:12566,10,315.0,35,23,12,18,12,17,384,65,158,72,89,407,31,60.0,2,23,0
APPLAUSE:12566 | APPLAUSE:139011,S,APPLAUSE:139011,APPLAUSE:12566,10,180.0,31,19,12,15,13,16,325,64,112,74,75,359,33,60.0,4,34,0
APPLAUSE:12566 | APPLAUSE:139011,SE,APPLAUSE:139011,APPLAUSE:12566,10,135.0,29,15,14,10,9,19,389,74,140,69,106,419,32,60.0,3,30,0
APPLAUSE:12566 | APPLAUSE:139011,SW,APPLAUSE:139011,APPLAUSE:12566,10,225.0,28,14,14,9,11,19,330,73,103,68,86,370,35,60.0,5,40,0
APPLAUSE:12566 | APPLAUSE:139011,W,APPLAUSE:139011,APPLAUSE:12566,10,270.0,26,11,15,5,15,21,354,74,112,65,103,385,38,60.0,2,31,0
APPLAUSE:12566 | APPLAUSE:139011,E,APPLAUSE:139011,APPLAUSE:12566,10,90.0,26,16,10,8,5,18,314,54,83,70,107,355,24,120.0,1,41,0
APPLAUSE:12566 | APPLAUSE:139011,N,APPLAUSE:139011,APPLAUSE:12566,10,0.0,24,15,9,10,7,14,296,56,141,48,51,322,23,120.0,2,26,0
APPLAUSE:12566 | APPLAUSE:139011,NE,APPLAUSE:139011,APPLAUSE:12566,10,45.0,38,23,15,18,13,20,381,82,168,44,87,400,33,120.0,0,19,0
APPLAUSE:12566 | APPLAUSE:139011,NW,APPLAUSE:139011,APPLAUSE:12566,10,315.0,29,11,18,10,9,19,393,82,151,60,100,423,31,120.0,3,30,0
APPLAUSE:12566 | APPLAUSE:139011,S,APPLAUSE:139011,APPLAUSE:12566,10,180.0,26,21,5,8,11,18,320,61,96,87,76,350,37,120.0,8,30,0
APPLAUSE:12566 | APPLAUSE:139011,SE,APPLAUSE:139011,APPLAUSE:12566,10,135.0,30,19,11,15,12,15,301,52,86,50,113,323,30,120.0,3,22,0
APPLAUSE:12566 | APPLAUSE:139011,SW,APPLAUSE:139011,APPLAUSE:12566,10,225.0,27,11,16,12,6,15,357,68,94,75,120,387,22,120.0,1,30,0
APPLAUSE:12566 | APPLAUSE:139011,W,APPLAUSE:139011,APPLAUSE:12566,10,270.0,30,18,12,14,16,16,339,59,87,71,122,377,33,120.0,2,38,0
APPLAUSE:12569 | APPLAUSE:139012,E,APPLAUSE:139012,APPLAUSE:12569,11,90.0,45,27,18,18,17,27,547,88,131,95,233,559,44,60.0,0,12,0
APPLAUSE:12569 | APPLAUSE:139012,N,APPLAUSE:139012,APPLAUSE:12569,11,0.0,57,26,31,22,15,35,557,102,113,108,234,568,50,60.0,0,11,0
APPLAUSE:12569 | APPLAUSE:139012,NE,APPLAUSE:139012,APPLAUSE:12569,11,45.0,44,19,25,20,13,24,551,83,113,93,262,558,40,60.0,2,7,0
APPLAUSE:12569 | APPLAUSE:139012,NW,APPLAUSE:139012,APPLAUSE:12569,11,315.0,50,29,21,14,15,36,583,109,160,104,210,591,51,60.0,0,8,0
APPLAUSE:12569 | APPLAUSE:139012,S,APPLAUSE:139012,APPLAUSE:12569,11,180.0,55,30,25,24,26,31,530,98,135,88,209,542,57,60.0,0,12,0
APPLAUSE:12569 | APPLAUSE:139012,SE,APPLAUSE:139012,APPLAUSE:12569,11,135.0,37,19,18,11,22,26,509,73,127,69,240,520,50,60.0,3,11,0
APPLAUSE:12569 | APPLAUSE:139012,SW,APPLAUSE:139012,APPLAUSE:12569,11,225.0,47,24,23,15,21,32,507,92,138,73,204,513,54,60.0,1,6,0
APPLAUSE:12569 | APPLAUSE:139012,W,APPLAUSE:139012,APPLAUSE:12569,11,270.0,58,31,27,18,18,40,595,118,147,108,222,607,58,60.0,0,12,0
APPLAUSE:12569 | APPLAUSE:139012,E,APPLAUSE:139012,APPLAUSE:12569,11,90.0,56,32,24,30,26,26,637,91,156,83,307,642,52,120.0,1,5,0
APPLAUSE:12569 | APPLAUSE:139012,N,APPLAUSE:139012,APPLAUSE:12569,11,0.0,40,23,17,16,16,24,481,87,113,90,191,487,40,120.0,0,6,0
APPLAUSE:12569 | APPLAUSE:139012,NE,APPLAUSE:139012,APPLAUSE:12569,11,45.0,45,26,19,23,18,22,620,99,108,80,333,626,40,120.0,0,6,0
APPLAUSE:12569 | APPLAUSE:139012,NW,APPLAUSE:139012,APPLAUSE:12569,11,315.0,45,26,19,19,18,26,545,100,118,97,230,548,44,120.0,0,3,0
APPLAUSE:12569 | APPLAUSE:139012,S,APPLAUSE:139012,APPLAUSE:12569,11,180.0,56,32,24,25,12,31,579,87,141,73,278,585,43,120.0,0,6,0
APPLAUSE:12569 | APPLAUSE:139012,SE,APPLAUSE:139012,APPLAUSE:12569,11,135.0,53,32,21,18,22,35,564,85,111,111,257,572,59,120.0,2,8,0
APPLAUSE:12569 | APPLAUSE:139012,SW,APPLAUSE:139012,APPLAUSE:12569,11,225.0,48,24,24,12,23,36,560,79,153,107,221,571,60,120.0,1,11,0
APPLAUSE:12569 | APPLAUSE:139012,W,APPLAUSE:139012,APPLAUSE:12569,11,270.0,41,20,21,16,21,25,487,71,141,89,186,496,46,120.0,0,9,0
APPLAUSE:132096 | DASCH:ivo://org.gavo.dc/~?dasch/q/mf40300,E,DASCH:mf40300:exp0,APPLAUSE:132096,12,90.0,424,195,229,204,194,220,3359,646,2283,412,18,3471,422,60.0,8,112,0
APPLAUSE:132096 | DASCH:ivo://org.gavo.dc/~?dasch/q/mf40300,N,DASCH:mf40300:exp0,APPLAUSE:132096,12,0.0,185,80,105,82,92,103,2027,421,1295,292,19,2113,203,60.0,8,86,0
APPLAUSE:132096 | DASCH:ivo://org.gavo.dc/~?dasch/q/mf40300,NE,DASCH:mf40300:exp0,APPLAUSE:132096,12,45.0,194,92,102,91,85,103,2092,440,1349,288,15,2185,194,60.0,6,93,0
APPLAUSE:132096 | DASCH:ivo://org.gavo.dc/~?dasch/q/mf40300,NW,DASCH:mf40300:exp0,APPLAUSE:132096,12,315.0,201,109,92,85,97,116,2035,428,1305,275,27,2144,228,60.0,18,109,0
APPLAUSE:132096 | DASCH:ivo://org.gavo.dc/~?dasch/q/mf40300,S,DASCH:mf40300:exp0,APPLAUSE:132096,12,180.0,166,82,84,88,65,78,1668,341,1070,233,24,1761,150,60.0,7,93,0
APPLAUSE:132096 | DASCH:ivo://org.gavo.dc/~?dasch/q/mf40300,SE,DASCH:mf40300:exp0,APPLAUSE:132096,12,135.0,171,98,73,83,61,88,1799,388,1174,219,18,1903,157,60.0,8,104,0
APPLAUSE:132096 | DASCH:ivo://org.gavo.dc/~?dasch/q/mf40300,SW,DASCH:mf40300:exp0,APPLAUSE:132096,12,225.0,179,93,86,98,80,81,1910,409,1231,245,25,2003,166,60.0,6,93,0
APPLAUSE:132096 | DASCH:ivo://org.gavo.dc/~?dasch/q/mf40300,W,DASCH:mf40300:exp0,APPLAUSE:132096,12,270.0,328,160,168,177,155,151,3383,725,2260,379,19,3474,311,60.0,6,91,0
APPLAUSE:132096 | DASCH:ivo://org.gavo.dc/~?dasch/q/mf40300,E,DASCH:mf40300:exp0,APPLAUSE:132096,12,90.0,191,91,100,102,91,89,2035,396,1351,277,11,2147,191,120.0,14,112,0
APPLAUSE:132096 | DASCH:ivo://org.gavo.dc/~?dasch/q/mf40300,N,DASCH:mf40300:exp0,APPLAUSE:132096,12,0.0,109,55,54,49,49,60,1264,254,848,153,9,1348,120,120.0,9,84,0
APPLAUSE:132096 | DASCH:ivo://org.gavo.dc/~?dasch/q/mf40300,NE,DASCH:mf40300:exp0,APPLAUSE:132096,12,45.0,111,55,56,53,67,58,1486,271,991,212,12,1555,133,120.0,8,69,0
APPLAUSE:132096 | DASCH:ivo://org.gavo.dc/~?dasch/q/mf40300,NW,DASCH:mf40300:exp0,APPLAUSE:132096,12,315.0,136,60,76,60,66,76,1457,299,948,192,18,1533,153,120.0,11,76,0
APPLAUSE:132096 | DASCH:ivo://org.gavo.dc/~?dasch/q/mf40300,S,DASCH:mf40300:exp0,APPLAUSE:132096,12,180.0,129,72,57,63,46,66,1354,263,916,168,7,1441,118,120.0,6,87,0
APPLAUSE:132096 | DASCH:ivo://org.gavo.dc/~?dasch/q/mf40300,SE,DASCH:mf40300:exp0,APPLAUSE:132096,12,135.0,142,69,73,74,53,68,1352,248,911,178,15,1436,125,120.0,4,84,0
APPLAUSE:132096 | DASCH:ivo://org.gavo.dc/~?dasch/q/mf40300,SW,DASCH:mf40300:exp0,APPLAUSE:132096,12,225.0,122,73,49,54,55,68,1480,300,970,188,22,1570,132,120.0,7,90,0
APPLAUSE:132096 | DASCH:ivo://org.gavo.dc/~?dasch/q/mf40300,W,DASCH:mf40300:exp0,APPLAUSE:132096,12,270.0,839,381,458,428,331,411,6139,1254,4134,725,26,6233,750,120.0,8,94,0
APPLAUSE:13878 | APPLAUSE:139432,E,APPLAUSE:139432,APPLAUSE:13878,13,90.0,5317,296,5021,3027,3047,2290,58763,719,0,0,58044,58763,5337,60.0,0,0,0
APPLAUSE:13878 | APPLAUSE:139432,N,APPLAUSE:139432,APPLAUSE:13878,13,0.0,5323,269,5054,3025,3069,2298,59020,658,0,0,58362,59020,5367,60.0,0,0,0
APPLAUSE:13878 | APPLAUSE:139432,NE,APPLAUSE:139432,APPLAUSE:13878,13,45.0,5267,303,4964,2975,2954,2292,58462,680,2,0,57780,58462,5246,60.0,0,0,0
APPLAUSE:13878 | APPLAUSE:139432,NW,APPLAUSE:139432,APPLAUSE:13878,13,315.0,5266,300,4966,2933,2928,2333,58795,652,0,0,58143,58795,5261,60.0,0,0,0
APPLAUSE:13878 | APPLAUSE:139432,S,APPLAUSE:139432,APPLAUSE:13878,13,180.0,5217,277,4940,3042,2998,2175,58601,673,0,0,57928,58601,5173,60.0,0,0,0
APPLAUSE:13878 | APPLAUSE:139432,SE,APPLAUSE:139432,APPLAUSE:13878,13,135.0,5360,282,5078,3059,2933,2301,58543,661,1,0,57881,58543,5234,60.0,0,0,0
APPLAUSE:13878 | APPLAUSE:139432,SW,APPLAUSE:139432,APPLAUSE:13878,13,225.0,5252,271,4981,2963,2963,2289,58448,657,0,0,57791,58448,5252,60.0,0,0,0
APPLAUSE:13878 | APPLAUSE:139432,W,APPLAUSE:139432,APPLAUSE:13878,13,270.0,5223,271,4952,2993,2950,2230,58758,640,2,0,58116,58758,5180,60.0,0,0,0
APPLAUSE:13878 | APPLAUSE:139432,E,APPLAUSE:139432,APPLAUSE:13878,13,90.0,5385,288,5097,3018,2922,2367,57841,621,1,0,57219,57841,5289,120.0,0,0,0
APPLAUSE:13878 | APPLAUSE:139432,N,APPLAUSE:139432,APPLAUSE:13878,13,0.0,5358,298,5060,3028,2991,2330,59178,638,0,0,58540,59178,5321,120.0,0,0,0
APPLAUSE:13878 | APPLAUSE:139432,NE,APPLAUSE:139432,APPLAUSE:13878,13,45.0,5234,302,4932,2872,2912,2362,58398,565,1,0,57832,58398,5274,120.0,0,0,0
APPLAUSE:13878 | APPLAUSE:139432,NW,APPLAUSE:139432,APPLAUSE:13878,13,315.0,5228,285,4943,2912,3029,2316,58897,608,0,0,58289,58897,5345,120.0,0,0,0
APPLAUSE:13878 | APPLAUSE:139432,S,APPLAUSE:139432,APPLAUSE:13878,13,180.0,5292,278,5014,3008,2998,2284,58527,652,1,0,57874,58527,5282,120.0,0,0,0
APPLAUSE:13878 | APPLAUSE:139432,SE,APPLAUSE:139432,APPLAUSE:13878,13,135.0,5260,281,4979,3062,3058,2198,58526,591,0,0,57935,58526,5256,120.0,0,0,0
APPLAUSE:13878 | APPLAUSE:139432,SW,APPLAUSE:139432,APPLAUSE:13878,13,225.0,5283,287,4996,3030,3022,2253,58562,584,0,0,57978,58562,5275,120.0,0,0,0
APPLAUSE:13878 | APPLAUSE:139432,W,APPLAUSE:139432,APPLAUSE:13878,13,270.0,5315,270,5045,3000,3069,2315,58465,558,0,0,57907,58465,5384,120.0,0,0,0
APPLAUSE:13879 | APPLAUSE:139433,E,APPLAUSE:139433,APPLAUSE:13879,14,90.0,3850,303,3547,2037,2133,1813,43552,813,1,0,42738,43552,3946,60.0,0,0,0
APPLAUSE:13879 | APPLAUSE:139433,N,APPLAUSE:139433,APPLAUSE:13879,14,0.0,3948,301,3647,2117,2175,1831,43770,871,0,0,42899,43770,4006,60.0,0,0,0
APPLAUSE:13879 | APPLAUSE:139433,NE,APPLAUSE:139433,APPLAUSE:13879,14,45.0,3876,310,3566,2144,2121,1732,43734,851,0,0,42883,43734,3853,60.0,0,0,0
APPLAUSE:13879 | APPLAUSE:139433,NW,APPLAUSE:139433,APPLAUSE:13879,14,315.0,3926,309,3617,2145,2151,1781,43555,783,0,0,42772,43555,3932,60.0,0,0,0
APPLAUSE:13879 | APPLAUSE:139433,S,APPLAUSE:139433,APPLAUSE:13879,14,180.0,4025,319,3706,2217,2278,1808,44777,851,0,0,43926,44777,4086,60.0,0,0,0
APPLAUSE:13879 | APPLAUSE:139433,SE,APPLAUSE:139433,APPLAUSE:13879,14,135.0,4020,288,3732,2193,2186,1827,43755,846,0,0,42909,43755,4013,60.0,0,0,0
APPLAUSE:13879 | APPLAUSE:139433,SW,APPLAUSE:139433,APPLAUSE:13879,14,225.0,3866,291,3575,2107,2152,1759,43881,841,0,0,43040,43881,3911,60.0,0,0,0
APPLAUSE:13879 | APPLAUSE:139433,W,APPLAUSE:139433,APPLAUSE:13879,14,270.0,3950,290,3660,2139,2205,1811,43816,860,0,0,42956,43816,4016,60.0,0,0,0
APPLAUSE:13879 | APPLAUSE:139433,E,APPLAUSE:139433,APPLAUSE:13879,14,90.0,3958,275,3683,2112,2024,1846,43611,801,0,0,42810,43611,3870,120.0,0,0,0
APPLAUSE:13879 | APPLAUSE:139433,N,APPLAUSE:139433,APPLAUSE:13879,14,0.0,3869,286,3583,2069,2163,1800,43609,846,0,0,42763,43609,3963,120.0,0,0,0
APPLAUSE:13879 | APPLAUSE:139433,NE,APPLAUSE:139433,APPLAUSE:13879,14,45.0,3997,324,3673,2209,2034,1788,43765,786,0,0,42979,43765,3822,120.0,0,0,0
APPLAUSE:13879 | APPLAUSE:139433,NW,APPLAUSE:139433,APPLAUSE:13879,14,315.0,4044,315,3729,2180,2174,1864,44373,864,0,0,43509,44373,4038,120.0,0,0,0
APPLAUSE:13879 | APPLAUSE:139433,S,APPLAUSE:139433,APPLAUSE:13879,14,180.0,4174,326,3848,2253,2303,1921,46112,848,0,0,45264,46112,4224,120.0,0,0,0
APPLAUSE:13879 | APPLAUSE:139433,SE,APPLAUSE:139433,APPLAUSE:13879,14,135.0,4132,301,3831,2284,2324,1848,45601,827,2,0,44772,45601,4172,120.0,0,0,0
APPLAUSE:13879 | APPLAUSE:139433,SW,APPLAUSE:139433,APPLAUSE:13879,14,225.0,4112,336,3776,2229,2216,1883,45396,762,0,0,44634,45396,4099,120.0,0,0,0
APPLAUSE:13879 | APPLAUSE:139433,W,APPLAUSE:139433,APPLAUSE:13879,14,270.0,3984,321,3663,2142,2146,1842,44163,746,0,0,43417,44163,3988,120.0,0,0,0
APPLAUSE:13683 | DASCH:ivo://org.gavo.dc/~?dasch/q/am28458,E,APPLAUSE:13683,DASCH:am28458:exp0,15,90.0,142,99,43,101,114,41,1680,218,1161,280,21,1680,155,60.0,0,0,0
APPLAUSE:13683 | DASCH:ivo://org.gavo.dc/~?dasch/q/am28458,N,APPLAUSE:13683,DASCH:am28458:exp0,15,0.0,154,114,40,101,135,53,2041,249,1450,323,19,2048,189,60.0,0,7,0
APPLAUSE:13683 | DASCH:ivo://org.gavo.dc/~?dasch/q/am28458,NE,APPLAUSE:13683,DASCH:am28458:exp0,15,45.0,118,94,24,85,113,33,1716,207,1211,284,14,1717,146,60.0,0,1,0
APPLAUSE:13683 | DASCH:ivo://org.gavo.dc/~?dasch/q/am28458,NW,APPLAUSE:13683,DASCH:am28458:exp0,15,315.0,191,142,49,134,129,57,2093,260,1427,387,19,2099,188,60.0,3,6,0
APPLAUSE:13683 | DASCH:ivo://org.gavo.dc/~?dasch/q/am28458,S,APPLAUSE:13683,DASCH:am28458:exp0,15,180.0,145,108,37,93,110,52,1775,221,1219,305,30,1778,162,60.0,0,3,0
APPLAUSE:13683 | DASCH:ivo://org.gavo.dc/~?dasch/q/am28458,SE,APPLAUSE:13683,DASCH:am28458:exp0,15,135.0,134,94,40,89,109,45,1731,252,1158,305,16,1734,154,60.0,2,3,0
APPLAUSE:13683 | DASCH:ivo://org.gavo.dc/~?dasch/q/am28458,SW,APPLAUSE:13683,DASCH:am28458:exp0,15,225.0,290,230,60,204,258,86,3586,278,2396,886,26,3596,345,60.0,1,10,0
APPLAUSE:13683 | DASCH:ivo://org.gavo.dc/~?dasch/q/am28458,W,APPLAUSE:13683,DASCH:am28458:exp0,15,270.0,202,145,57,135,153,67,2460,306,1745,396,13,2468,221,60.0,0,8,0
APPLAUSE:13683 | DASCH:ivo://org.gavo.dc/~?dasch/q/am28458,E,APPLAUSE:13683,DASCH:am28458:exp0,15,90.0,147,116,31,105,93,42,1646,200,1156,266,24,1649,135,120.0,0,3,0
APPLAUSE:13683 | DASCH:ivo://org.gavo.dc/~?dasch/q/am28458,N,APPLAUSE:13683,DASCH:am28458:exp0,15,0.0,171,129,42,116,123,55,1898,240,1320,321,17,1904,178,120.0,0,6,0
APPLAUSE:13683 | DASCH:ivo://org.gavo.dc/~?dasch/q/am28458,NE,APPLAUSE:13683,DASCH:am28458:exp0,15,45.0,156,112,44,111,117,45,1601,223,1083,281,14,1604,162,120.0,0,3,0
APPLAUSE:13683 | DASCH:ivo://org.gavo.dc/~?dasch/q/am28458,NW,APPLAUSE:13683,DASCH:am28458:exp0,15,315.0,135,102,33,83,99,52,1649,223,1134,273,19,1652,151,120.0,0,3,0
APPLAUSE:13683 | DASCH:ivo://org.gavo.dc/~?dasch/q/am28458,S,APPLAUSE:13683,DASCH:am28458:exp0,15,180.0,147,108,39,101,91,46,1610,188,1146,259,17,1612,137,120.0,0,2,0
APPLAUSE:13683 | DASCH:ivo://org.gavo.dc/~?dasch/q/am28458,SE,APPLAUSE:13683,DASCH:am28458:exp0,15,135.0,122,91,31,83,99,39,1660,212,1164,271,13,1662,138,120.0,0,2,0
APPLAUSE:13683 | DASCH:ivo://org.gavo.dc/~?dasch/q/am28458,SW,APPLAUSE:13683,DASCH:am28458:exp0,15,225.0,174,129,45,116,110,58,1944,209,1357,360,18,1948,168,120.0,0,4,0
APPLAUSE:13683 | DASCH:ivo://org.gavo.dc/~?dasch/q/am28458,W,APPLAUSE:13683,DASCH:am28458:exp0,15,270.0,154,105,49,106,97,48,1691,215,1166,290,20,1697,145,120.0,0,6,0
APPLAUSE:11788 | DASCH:ivo://org.gavo.dc/~?dasch/q/rb16848,E,DASCH:rb16848:exp0,APPLAUSE:11788,16,90.0,71,60,11,55,77,16,850,356,401,27,66,852,93,60.0,0,2,0
APPLAUSE:11788 | DASCH:ivo://org.gavo.dc/~?dasch/q/rb16848,N,DASCH:rb16848:exp0,APPLAUSE:11788,16,0.0,69,61,8,55,62,14,903,373,432,31,67,904,76,60.0,0,1,0
APPLAUSE:11788 | DASCH:ivo://org.gavo.dc/~?dasch/q/rb16848,NE,DASCH:rb16848:exp0,APPLAUSE:11788,16,45.0,68,55,13,50,66,18,846,356,391,27,72,847,85,60.0,0,1,0
APPLAUSE:11788 | DASCH:ivo://org.gavo.dc/~?dasch/q/rb16848,NW,DASCH:rb16848:exp0,APPLAUSE:11788,16,315.0,86,71,15,58,74,28,972,385,482,28,77,973,102,60.0,0,1,0
APPLAUSE:11788 | DASCH:ivo://org.gavo.dc/~?dasch/q/rb16848,S,DASCH:rb16848:exp0,APPLAUSE:11788,16,180.0,84,75,9,57,71,27,966,386,475,31,74,967,98,60.0,0,1,0
APPLAUSE:11788 | DASCH:ivo://org.gavo.dc/~?dasch/q/rb16848,SE,DASCH:rb16848:exp0,APPLAUSE:11788,16,135.0,90,83,7,70,67,20,1011,405,501,37,68,1014,88,60.0,0,3,0
APPLAUSE:11788 | DASCH:ivo://org.gavo.dc/~?dasch/q/rb16848,SW,DASCH:rb16848:exp0,APPLAUSE:11788,16,225.0,80,66,14,62,91,18,1144,430,585,57,72,1148,111,60.0,0,4,0
APPLAUSE:11788 | DASCH:ivo://org.gavo.dc/~?dasch/q/rb16848,W,DASCH:rb16848:exp0,APPLAUSE:11788,16,270.0,72,63,9,49,56,23,948,382,462,36,68,950,80,60.0,1,2,0
APPLAUSE:11788 | DASCH:ivo://org.gavo.dc/~?dasch/q/rb16848,E,DASCH:rb16848:exp0,APPLAUSE:11788,16,90.0,63,51,12,43,51,20,825,321,402,31,71,825,71,120.0,0,0,0
APPLAUSE:11788 | DASCH:ivo://org.gavo.dc/~?dasch/q/rb16848,N,DASCH:rb16848:exp0,APPLAUSE:11788,16,0.0,63,53,10,45,73,18,923,339,479,30,75,923,91,120.0,0,0,0
APPLAUSE:11788 | DASCH:ivo://org.gavo.dc/~?dasch/q/rb16848,NE,DASCH:rb16848:exp0,APPLAUSE:11788,16,45.0,77,65,12,66,52,11,849,362,386,33,68,849,63,120.0,0,0,0
APPLAUSE:11788 | DASCH:ivo://org.gavo.dc/~?dasch/q/rb16848,NW,DASCH:rb16848:exp0,APPLAUSE:11788,16,315.0,89,74,15,63,63,26,858,356,405,24,73,858,89,120.0,0,0,0
APPLAUSE:11788 | DASCH:ivo://org.gavo.dc/~?dasch/q/rb16848,S,DASCH:rb16848:exp0,APPLAUSE:11788,16,180.0,87,74,13,62,71,25,1047,421,530,27,69,1048,96,120.0,0,1,0
APPLAUSE:11788 | DASCH:ivo://org.gavo.dc/~?dasch/q/rb16848,SE,DASCH:rb16848:exp0,APPLAUSE:11788,16,135.0,81,66,15,61,62,20,917,344,456,28,89,917,82,120.0,0,0,0
APPLAUSE:11788 | DASCH:ivo://org.gavo.dc/~?dasch/q/rb16848,SW,DASCH:rb16848:exp0,APPLAUSE:11788,16,225.0,78,68,10,59,69,19,912,374,425,41,72,912,88,120.0,0,0,0
APPLAUSE:11788 | DASCH:ivo://org.gavo.dc/~?dasch/q/rb16848,W,DASCH:rb16848:exp0,APPLAUSE:11788,16,270.0,73,66,7,60,67,13,901,390,406,28,77,901,80,120.0,0,0,0
APPLAUSE:132654 | APPLAUSE:14120,E,APPLAUSE:14120,APPLAUSE:132654,17,90.0,17,8,9,13,27,4,303,164,117,10,12,303,31,60.0,0,0,0
APPLAUSE:132654 | APPLAUSE:14120,N,APPLAUSE:14120,APPLAUSE:132654,17,0.0,24,15,9,19,30,5,335,186,133,5,11,335,35,60.0,0,0,0
APPLAUSE:132654 | APPLAUSE:14120,NE,APPLAUSE:14120,APPLAUSE:132654,17,45.0,36,15,21,30,25,6,345,181,141,7,16,345,31,60.0,0,0,0
APPLAUSE:132654 | APPLAUSE:14120,NW,APPLAUSE:14120,APPLAUSE:132654,17,315.0,25,13,12,22,26,3,318,192,108,5,13,318,29,60.0,0,0,0
APPLAUSE:132654 | APPLAUSE:14120,S,APPLAUSE:14120,APPLAUSE:132654,17,180.0,26,8,18,20,24,6,355,200,138,1,16,355,30,60.0,0,0,0
APPLAUSE:132654 | APPLAUSE:14120,SE,APPLAUSE:14120,APPLAUSE:132654,17,135.0,17,11,6,17,27,0,314,159,131,4,20,314,27,60.0,0,0,0
APPLAUSE:132654 | APPLAUSE:14120,SW,APPLAUSE:14120,APPLAUSE:132654,17,225.0,27,9,18,22,17,5,286,161,112,1,12,286,22,60.0,0,0,0
APPLAUSE:132654 | APPLAUSE:14120,W,APPLAUSE:14120,APPLAUSE:132654,17,270.0,14,7,7,13,15,1,241,130,96,5,10,241,16,60.0,0,0,0
APPLAUSE:132654 | APPLAUSE:14120,E,APPLAUSE:14120,APPLAUSE:132654,17,90.0,8,7,1,8,17,0,193,107,65,8,13,193,17,120.0,0,0,0
APPLAUSE:132654 | APPLAUSE:14120,N,APPLAUSE:14120,APPLAUSE:132654,17,0.0,21,9,12,13,22,8,233,114,93,8,18,233,30,120.0,0,0,0
APPLAUSE:132654 | APPLAUSE:14120,NE,APPLAUSE:14120,APPLAUSE:132654,17,45.0,14,5,9,13,15,1,259,112,121,15,11,259,16,120.0,0,0,0
APPLAUSE:132654 | APPLAUSE:14120,NW,APPLAUSE:14120,APPLAUSE:132654,17,315.0,14,8,6,12,12,2,215,87,106,12,10,215,14,120.0,0,0,0
APPLAUSE:132654 | APPLAUSE:14120,S,APPLAUSE:14120,APPLAUSE:132654,17,180.0,11,10,1,10,20,1,218,114,89,3,12,219,21,120.0,0,1,0
APPLAUSE:132654 | APPLAUSE:14120,SE,APPLAUSE:14120,APPLAUSE:132654,17,135.0,20,13,7,16,23,4,218,111,87,8,12,218,27,120.0,0,0,0
APPLAUSE:132654 | APPLAUSE:14120,SW,APPLAUSE:14120,APPLAUSE:132654,17,225.0,16,9,7,15,12,1,217,108,94,5,10,217,13,120.0,0,0,0
APPLAUSE:132654 | APPLAUSE:14120,W,APPLAUSE:14120,APPLAUSE:132654,17,270.0,13,6,7,8,16,5,198,111,71,6,10,198,21,120.0,0,0,0
APPLAUSE:11787 | DASCH:ivo://org.gavo.dc/~?dasch/q/rb16848,E,DASCH:rb16848:exp0,APPLAUSE:11787,18,90.0,71,60,11,55,77,16,850,356,401,27,66,852,93,60.0,0,2,0
APPLAUSE:11787 | DASCH:ivo://org.gavo.dc/~?dasch/q/rb16848,N,DASCH:rb16848:exp0,APPLAUSE:11787,18,0.0,69,61,8,55,62,14,903,373,432,31,67,904,76,60.0,0,1,0
APPLAUSE:11787 | DASCH:ivo://org.gavo.dc/~?dasch/q/rb16848,NE,DASCH:rb16848:exp0,APPLAUSE:11787,18,45.0,68,55,13,50,66,18,846,356,391,27,72,847,85,60.0,0,1,0
APPLAUSE:11787 | DASCH:ivo://org.gavo.dc/~?dasch/q/rb16848,NW,DASCH:rb16848:exp0,APPLAUSE:11787,18,315.0,86,71,15,58,74,28,972,385,482,28,77,973,102,60.0,0,1,0
APPLAUSE:11787 | DASCH:ivo://org.gavo.dc/~?dasch/q/rb16848,S,DASCH:rb16848:exp0,APPLAUSE:11787,18,180.0,84,75,9,57,71,27,966,386,475,31,74,967,98,60.0,0,1,0
APPLAUSE:11787 | DASCH:ivo://org.gavo.dc/~?dasch/q/rb16848,SE,DASCH:rb16848:exp0,APPLAUSE:11787,18,135.0,90,83,7,70,67,20,1011,405,501,37,68,1014,88,60.0,0,3,0
APPLAUSE:11787 | DASCH:ivo://org.gavo.dc/~?dasch/q/rb16848,SW,DASCH:rb16848:exp0,APPLAUSE:11787,18,225.0,80,66,14,62,91,18,1144,430,585,57,72,1148,111,60.0,0,4,0
APPLAUSE:11787 | DASCH:ivo://org.gavo.dc/~?dasch/q/rb16848,W,DASCH:rb16848:exp0,APPLAUSE:11787,18,270.0,72,63,9,49,56,23,948,382,462,36,68,950,80,60.0,1,2,0
APPLAUSE:11787 | DASCH:ivo://org.gavo.dc/~?dasch/q/rb16848,E,DASCH:rb16848:exp0,APPLAUSE:11787,18,90.0,63,51,12,43,51,20,825,321,402,31,71,825,71,120.0,0,0,0
APPLAUSE:11787 | DASCH:ivo://org.gavo.dc/~?dasch/q/rb16848,N,DASCH:rb16848:exp0,APPLAUSE:11787,18,0.0,63,53,10,45,73,18,923,339,479,30,75,923,91,120.0,0,0,0
APPLAUSE:11787 | DASCH:ivo://org.gavo.dc/~?dasch/q/rb16848,NE,DASCH:rb16848:exp0,APPLAUSE:11787,18,45.0,77,65,12,66,52,11,849,362,386,33,68,849,63,120.0,0,0,0
APPLAUSE:11787 | DASCH:ivo://org.gavo.dc/~?dasch/q/rb16848,NW,DASCH:rb16848:exp0,APPLAUSE:11787,18,315.0,89,74,15,63,63,26,858,356,405,24,73,858,89,120.0,0,0,0
APPLAUSE:11787 | DASCH:ivo://org.gavo.dc/~?dasch/q/rb16848,S,DASCH:rb16848:exp0,APPLAUSE:11787,18,180.0,87,74,13,62,71,25,1047,421,530,27,69,1048,96,120.0,0,1,0
APPLAUSE:11787 | DASCH:ivo://org.gavo.dc/~?dasch/q/rb16848,SE,DASCH:rb16848:exp0,APPLAUSE:11787,18,135.0,81,66,15,61,62,20,917,344,456,28,89,917,82,120.0,0,0,0
APPLAUSE:11787 | DASCH:ivo://org.gavo.dc/~?dasch/q/rb16848,SW,DASCH:rb16848:exp0,APPLAUSE:11787,18,225.0,78,68,10,59,69,19,912,374,425,41,72,912,88,120.0,0,0,0
APPLAUSE:11787 | DASCH:ivo://org.gavo.dc/~?dasch/q/rb16848,W,DASCH:rb16848:exp0,APPLAUSE:11787,18,270.0,73,66,7,60,67,13,901,390,406,28,77,901,80,120.0,0,0,0
APPLAUSE:12404 | APPLAUSE:131662,E,APPLAUSE:131662,APPLAUSE:12404,19,90.0,28,7,21,15,16,13,325,53,179,93,0,381,34,60.0,5,56,0
APPLAUSE:12404 | APPLAUSE:131662,N,APPLAUSE:131662,APPLAUSE:12404,19,0.0,31,11,20,15,28,16,437,66,252,118,1,521,50,60.0,7,84,0
APPLAUSE:12404 | APPLAUSE:131662,NE,APPLAUSE:131662,APPLAUSE:12404,19,45.0,24,13,11,14,14,10,358,45,208,105,0,416,29,60.0,8,58,0
APPLAUSE:12404 | APPLAUSE:131662,NW,APPLAUSE:131662,APPLAUSE:12404,19,315.0,50,19,31,27,17,23,449,83,248,118,0,521,50,60.0,13,72,0
APPLAUSE:12404 | APPLAUSE:131662,S,APPLAUSE:131662,APPLAUSE:12404,19,180.0,29,17,12,16,15,13,348,57,182,109,0,408,33,60.0,5,60,0
APPLAUSE:12404 | APPLAUSE:131662,SE,APPLAUSE:131662,APPLAUSE:12404,19,135.0,31,14,17,23,19,8,357,64,192,99,2,425,34,60.0,7,68,0
APPLAUSE:12404 | APPLAUSE:131662,SW,APPLAUSE:131662,APPLAUSE:12404,19,225.0,25,13,12,13,16,12,358,59,201,98,0,435,34,60.0,5,77,0
APPLAUSE:12404 | APPLAUSE:131662,W,APPLAUSE:131662,APPLAUSE:12404,19,270.0,35,12,23,22,14,13,361,58,198,105,0,433,37,60.0,11,72,0
APPLAUSE:12404 | APPLAUSE:131662,E,APPLAUSE:131662,APPLAUSE:12404,19,90.0,21,11,10,10,7,11,285,27,142,115,1,337,25,120.0,6,52,0
APPLAUSE:12404 | APPLAUSE:131662,N,APPLAUSE:131662,APPLAUSE:12404,19,0.0,79,48,31,41,100,38,861,158,503,197,3,942,142,120.0,5,81,0
APPLAUSE:12404 | APPLAUSE:131662,NE,APPLAUSE:131662,APPLAUSE:12404,19,45.0,31,15,16,17,22,14,328,41,177,110,0,377,41,120.0,5,49,0
APPLAUSE:12404 | APPLAUSE:131662,NW,APPLAUSE:131662,APPLAUSE:12404,19,315.0,49,27,22,29,16,20,383,53,203,127,0,443,36,120.0,0,60,0
APPLAUSE:12404 | APPLAUSE:131662,S,APPLAUSE:131662,APPLAUSE:12404,19,180.0,32,10,22,17,18,15,303,52,167,84,0,370,42,120.0,10,67,0
APPLAUSE:12404 | APPLAUSE:131662,SE,APPLAUSE:131662,APPLAUSE:12404,19,135.0,28,18,10,22,23,6,316,64,160,91,1,369,34,120.0,3,53,0
APPLAUSE:12404 | APPLAUSE:131662,SW,APPLAUSE:131662,APPLAUSE:12404,19,225.0,31,13,18,20,13,11,293,50,149,94,0,353,29,120.0,4,60,0
APPLAUSE:12404 | APPLAUSE:131662,W,APPLAUSE:131662,APPLAUSE:12404,19,270.0,32,20,12,20,10,12,347,65,167,114,1,416,30,120.0,9,69,0
APPLAUSE:12470 | DASCH:ivo://org.gavo.dc/~?dasch/q/bi05459,E,DASCH:bi05459:exp0,APPLAUSE:12470,20,90.0,1,1,0,0,1,1,13,0,9,4,0,73,7,60.0,7,60,0
APPLAUSE:12470 | DASCH:ivo://org.gavo.dc/~?dasch/q/bi05459,N,DASCH:bi05459:exp0,APPLAUSE:12470,20,0.0,0,0,0,0,1,0,22,1,16,5,0,72,5,60.0,4,50,0
APPLAUSE:12470 | DASCH:ivo://org.gavo.dc/~?dasch/q/bi05459,NE,DASCH:bi05459:exp0,APPLAUSE:12470,20,45.0,2,2,0,2,0,0,13,0,9,4,0,75,2,60.0,3,62,0
APPLAUSE:12470 | DASCH:ivo://org.gavo.dc/~?dasch/q/bi05459,NW,DASCH:bi05459:exp0,APPLAUSE:12470,20,315.0,2,2,0,2,1,0,14,0,10,4,0,62,5,60.0,5,48,0
APPLAUSE:12470 | DASCH:ivo://org.gavo.dc/~?dasch/q/bi05459,S,DASCH:bi05459:exp0,APPLAUSE:12470,20,180.0,0,0,0,0,1,0,9,0,6,3,0,61,6,60.0,6,52,0
APPLAUSE:12470 | DASCH:ivo://org.gavo.dc/~?dasch/q/bi05459,SE,DASCH:bi05459:exp0,APPLAUSE:12470,20,135.0,1,1,0,0,2,1,14,0,7,7,0,71,10,60.0,7,57,0
APPLAUSE:12470 | DASCH:ivo://org.gavo.dc/~?dasch/q/bi05459,SW,DASCH:bi05459:exp0,APPLAUSE:12470,20,225.0,1,1,0,0,0,1,18,0,10,8,0,74,5,60.0,5,56,0
APPLAUSE:12470 | DASCH:ivo://org.gavo.dc/~?dasch/q/bi05459,W,DASCH:bi05459:exp0,APPLAUSE:12470,20,270.0,3,2,1,2,1,1,30,0,22,8,0,83,7,60.0,5,53,0
APPLAUSE:12470 | DASCH:ivo://org.gavo.dc/~?dasch/q/bi05459,E,DASCH:bi05459:exp0,APPLAUSE:12470,20,90.0,1,1,0,0,0,1,13,0,9,4,0,74,9,120.0,8,61,0
APPLAUSE:12470 | DASCH:ivo://org.gavo.dc/~?dasch/q/bi05459,N,DASCH:bi05459:exp0,APPLAUSE:12470,20,0.0,0,0,0,0,1,0,15,1,11,3,0,63,3,120.0,2,48,0
APPLAUSE:12470 | DASCH:ivo://org.gavo.dc/~?dasch/q/bi05459,NE,DASCH:bi05459:exp0,APPLAUSE:12470,20,45.0,3,2,1,1,0,2,16,1,8,7,0,74,6,120.0,4,58,0
APPLAUSE:12470 | DASCH:ivo://org.gavo.dc/~?dasch/q/bi05459,NW,DASCH:bi05459:exp0,APPLAUSE:12470,20,315.0,3,3,0,1,1,2,26,1,13,12,0,86,8,120.0,5,60,0
APPLAUSE:12470 | DASCH:ivo://org.gavo.dc/~?dasch/q/bi05459,S,DASCH:bi05459:exp0,APPLAUSE:12470,20,180.0,0,0,0,0,0,0,9,0,6,3,0,40,4,120.0,2,31,0
APPLAUSE:12470 | DASCH:ivo://org.gavo.dc/~?dasch/q/bi05459,SE,DASCH:bi05459:exp0,APPLAUSE:12470,20,135.0,2,2,0,0,3,2,18,0,12,6,0,71,11,120.0,5,53,0
APPLAUSE:12470 | DASCH:ivo://org.gavo.dc/~?dasch/q/bi05459,SW,DASCH:bi05459:exp0,APPLAUSE:12470,20,225.0,1,1,0,0,2,1,22,0,7,15,0,76,6,120.0,3,54,0
APPLAUSE:12470 | DASCH:ivo://org.gavo.dc/~?dasch/q/bi05459,W,DASCH:bi05459:exp0,APPLAUSE:12470,20,270.0,2,2,0,0,0,2,18,0,13,5,0,71,5,120.0,3,53,0
APPLAUSE:12562 | APPLAUSE:139010,E,APPLAUSE:12562,APPLAUSE:139010,21,90.0,55,34,21,23,25,32,589,89,173,61,266,613,60,60.0,3,24,0
APPLAUSE:12562 | APPLAUSE:139010,N,APPLAUSE:12562,APPLAUSE:139010,21,0.0,45,25,20,14,26,31,561,95,162,50,254,576,59,60.0,2,15,0
APPLAUSE:12562 | APPLAUSE:139010,NE,APPLAUSE:12562,APPLAUSE:139010,21,45.0,53,21,32,27,28,26,616,94,171,72,279,643,60,60.0,6,27,0
APPLAUSE:12562 | APPLAUSE:139010,NW,APPLAUSE:12562,APPLAUSE:139010,21,315.0,45,25,20,24,19,21,605,89,158,63,295,618,42,60.0,2,13,0
APPLAUSE:12562 | APPLAUSE:139010,S,APPLAUSE:12562,APPLAUSE:139010,21,180.0,47,24,23,23,15,24,583,97,152,52,282,603,41,60.0,3,20,0
APPLAUSE:12562 | APPLAUSE:139010,SE,APPLAUSE:12562,APPLAUSE:139010,21,135.0,52,25,27,27,27,25,567,99,152,69,247,584,52,60.0,1,17,0
APPLAUSE:12562 | APPLAUSE:139010,SW,APPLAUSE:12562,APPLAUSE:139010,21,225.0,51,27,24,30,29,21,592,102,145,40,305,607,52,60.0,2,15,0
APPLAUSE:12562 | APPLAUSE:139010,W,APPLAUSE:12562,APPLAUSE:139010,21,270.0,63,35,28,33,25,30,619,94,161,51,313,632,56,60.0,1,13,0
APPLAUSE:12562 | APPLAUSE:139010,E,APPLAUSE:12562,APPLAUSE:139010,21,90.0,49,35,14,29,20,20,538,101,154,56,227,554,42,120.0,2,16,0
APPLAUSE:12562 | APPLAUSE:139010,N,APPLAUSE:12562,APPLAUSE:139010,21,0.0,45,23,22,19,27,26,526,82,157,53,234,548,56,120.0,3,22,0
APPLAUSE:12562 | APPLAUSE:139010,NE,APPLAUSE:12562,APPLAUSE:139010,21,45.0,47,26,21,21,22,26,488,82,157,62,187,505,48,120.0,0,17,0
APPLAUSE:12562 | APPLAUSE:139010,NW,APPLAUSE:12562,APPLAUSE:139010,21,315.0,54,28,26,27,29,27,602,89,150,71,292,617,58,120.0,2,15,0
APPLAUSE:12562 | APPLAUSE:139010,S,APPLAUSE:12562,APPLAUSE:139010,21,180.0,47,28,19,19,25,28,554,83,162,41,268,569,53,120.0,0,15,0
APPLAUSE:12562 | APPLAUSE:139010,SE,APPLAUSE:12562,APPLAUSE:139010,21,135.0,43,22,21,21,24,22,513,99,142,73,199,530,49,120.0,3,17,0
APPLAUSE:12562 | APPLAUSE:139010,SW,APPLAUSE:12562,APPLAUSE:139010,21,225.0,58,37,21,32,29,26,661,95,161,71,334,678,55,120.0,0,17,0
APPLAUSE:12562 | APPLAUSE:139010,W,APPLAUSE:12562,APPLAUSE:139010,21,270.0,63,28,35,32,32,31,680,94,164,60,362,701,65,120.0,3,21,0
APPLAUSE:12570 | APPLAUSE:139012,E,APPLAUSE:139012,APPLAUSE:12570,22,90.0,79,37,42,40,26,39,735,97,199,73,366,736,65,60.0,0,1,0
APPLAUSE:12570 | APPLAUSE:139012,N,APPLAUSE:139012,APPLAUSE:12570,22,0.0,59,21,38,24,31,35,693,103,238,74,278,693,66,60.0,0,0,0
APPLAUSE:12570 | APPLAUSE:139012,NE,APPLAUSE:139012,APPLAUSE:12570,22,45.0,58,32,26,24,36,34,801,147,263,78,313,802,70,60.0,0,1,0
APPLAUSE:12570 | APPLAUSE:139012,NW,APPLAUSE:139012,APPLAUSE:12570,22,315.0,53,26,27,19,20,34,683,110,259,67,247,684,54,60.0,0,1,0
APPLAUSE:12570 | APPLAUSE:139012,S,APPLAUSE:139012,APPLAUSE:12570,22,180.0,93,41,52,51,37,42,858,123,253,73,409,858,79,60.0,0,0,0
APPLAUSE:12570 | APPLAUSE:139012,SE,APPLAUSE:139012,APPLAUSE:12570,22,135.0,70,31,39,31,24,39,811,101,219,66,425,811,63,60.0,0,0,0
APPLAUSE:12570 | APPLAUSE:139012,SW,APPLAUSE:139012,APPLAUSE:12570,22,225.0,53,25,28,19,30,34,717,132,223,60,302,718,64,60.0,0,1,0
APPLAUSE:12570 | APPLAUSE:139012,W,APPLAUSE:139012,APPLAUSE:12570,22,270.0,59,26,33,21,20,38,703,105,237,84,277,703,58,60.0,0,0,0
APPLAUSE:12570 | APPLAUSE:139012,E,APPLAUSE:139012,APPLAUSE:12570,22,90.0,75,34,41,31,28,44,779,110,255,69,345,780,72,120.0,0,1,0
APPLAUSE:12570 | APPLAUSE:139012,N,APPLAUSE:139012,APPLAUSE:12570,22,0.0,53,25,28,24,30,29,650,110,154,70,316,650,59,120.0,0,0,0
APPLAUSE:12570 | APPLAUSE:139012,NE,APPLAUSE:139012,APPLAUSE:12570,22,45.0,62,34,28,25,25,37,786,135,191,97,363,786,62,120.0,0,0,0
APPLAUSE:12570 | APPLAUSE:139012,NW,APPLAUSE:139012,APPLAUSE:12570,22,315.0,44,26,18,19,18,25,567,108,184,76,199,568,43,120.0,1,1,0
APPLAUSE:12570 | APPLAUSE:139012,S,APPLAUSE:139012,APPLAUSE:12570,22,180.0,83,34,49,32,44,51,938,120,262,62,494,939,96,120.0,1,1,0
APPLAUSE:12570 | APPLAUSE:139012,SE,APPLAUSE:139012,APPLAUSE:12570,22,135.0,74,29,45,32,40,42,886,114,242,64,466,886,82,120.0,0,0,0
APPLAUSE:12570 | APPLAUSE:139012,SW,APPLAUSE:139012,APPLAUSE:12570,22,225.0,76,39,37,33,34,43,802,125,254,73,350,802,77,120.0,0,0,0
APPLAUSE:12570 | APPLAUSE:139012,W,APPLAUSE:139012,APPLAUSE:12570,22,270.0,64,28,36,21,27,43,620,111,235,66,208,621,70,120.0,0,1,0
APPLAUSE:12564 | APPLAUSE:139011,E,APPLAUSE:12564,APPLAUSE:139011,23,90.0,24,13,11,4,15,20,354,81,107,66,100,386,38,60.0,3,32,0
APPLAUSE:12564 | APPLAUSE:139011,N,APPLAUSE:12564,APPLAUSE:139011,23,0.0,36,24,12,18,11,18,325,56,120,69,80,359,33,60.0,4,34,0
APPLAUSE:12564 | APPLAUSE:139011,NE,APPLAUSE:12564,APPLAUSE:139011,23,45.0,30,15,15,11,10,19,331,75,106,70,80,370,35,60.0,6,39,0
APPLAUSE:12564 | APPLAUSE:139011,NW,APPLAUSE:12564,APPLAUSE:139011,23,315.0,33,18,15,12,7,21,390,78,140,73,99,419,32,60.0,2,29,0
APPLAUSE:12564 | APPLAUSE:139011,S,APPLAUSE:12564,APPLAUSE:139011,23,180.0,32,18,14,14,8,18,355,37,165,69,84,381,30,60.0,4,26,0
APPLAUSE:12564 | APPLAUSE:139011,SE,APPLAUSE:12564,APPLAUSE:139011,23,135.0,34,27,7,16,11,18,381,58,155,70,98,407,31,60.0,2,26,0
APPLAUSE:12564 | APPLAUSE:139011,SW,APPLAUSE:12564,APPLAUSE:139011,23,225.0,25,12,13,11,12,14,331,48,131,63,89,357,29,60.0,3,26,0
APPLAUSE:12564 | APPLAUSE:139011,W,APPLAUSE:12564,APPLAUSE:139011,23,270.0,32,15,17,15,9,17,353,74,112,76,91,385,29,60.0,3,32,0
APPLAUSE:12564 | APPLAUSE:139011,E,APPLAUSE:12564,APPLAUSE:139011,23,90.0,30,20,10,15,15,15,341,59,90,66,126,379,32,120.0,2,38,0
APPLAUSE:12564 | APPLAUSE:139011,N,APPLAUSE:12564,APPLAUSE:139011,23,0.0,21,15,6,4,12,17,319,57,102,84,76,352,37,120.0,9,33,0
APPLAUSE:12564 | APPLAUSE:139011,NE,APPLAUSE:12564,APPLAUSE:139011,23,45.0,28,15,13,12,5,16,360,60,98,77,125,390,22,120.0,1,30,0
APPLAUSE:12564 | APPLAUSE:139011,NW,APPLAUSE:12564,APPLAUSE:139011,23,315.0,30,14,16,11,9,19,301,56,89,49,107,324,31,120.0,3,23,0
APPLAUSE:12564 | APPLAUSE:139011,S,APPLAUSE:12564,APPLAUSE:139011,23,180.0,25,16,9,10,6,15,296,50,140,48,58,322,23,120.0,2,26,0
APPLAUSE:12564 | APPLAUSE:139011,SE,APPLAUSE:12564,APPLAUSE:139011,23,135.0,27,14,13,10,14,17,396,50,165,51,130,424,32,120.0,1,28,0
APPLAUSE:12564 | APPLAUSE:139011,SW,APPLAUSE:12564,APPLAUSE:139011,23,225.0,35,22,13,16,14,19,378,86,160,44,88,398,33,120.0,0,20,0
APPLAUSE:12564 | APPLAUSE:139011,W,APPLAUSE:12564,APPLAUSE:139011,23,270.0,23,13,10,5,7,18,315,71,86,69,89,356,26,120.0,1,41,0
APPLAUSE:131918 | DASCH:ivo://org.gavo.dc/~?dasch/q/am28316,E,DASCH:am28316:exp0,APPLAUSE:131918,24,90.0,5,3,2,5,8,0,103,1,43,59,0,213,17,60.0,8,110,0
APPLAUSE:131918 | DASCH:ivo://org.gavo.dc/~?dasch/q/am28316,N,DASCH:am28316:exp0,APPLAUSE:131918,24,0.0,7,7,0,6,11,1,91,0,33,58,0,194,24,60.0,6,103,0
APPLAUSE:131918 | DASCH:ivo://org.gavo.dc/~?dasch/q/am28316,NE,DASCH:am28316:exp0,APPLAUSE:131918,24,45.0,8,8,0,5,10,3,92,0,38,54,0,188,22,60.0,9,96,0
APPLAUSE:131918 | DASCH:ivo://org.gavo.dc/~?dasch/q/am28316,NW,DASCH:am28316:exp0,APPLAUSE:131918,24,315.0,2,2,0,0,7,2,98,0,39,59,0,201,24,60.0,9,103,0
APPLAUSE:131918 | DASCH:ivo://org.gavo.dc/~?dasch/q/am28316,S,DASCH:am28316:exp0,APPLAUSE:131918,24,180.0,3,3,0,3,7,0,80,0,30,50,0,174,14,60.0,10,94,0
APPLAUSE:131918 | DASCH:ivo://org.gavo.dc/~?dasch/q/am28316,SE,DASCH:am28316:exp0,APPLAUSE:131918,24,135.0,3,2,1,3,6,0,82,0,35,47,0,198,16,60.0,10,116,0
APPLAUSE:131918 | DASCH:ivo://org.gavo.dc/~?dasch/q/am28316,SW,DASCH:am28316:exp0,APPLAUSE:131918,24,225.0,4,4,0,3,2,1,56,2,23,31,0,131,10,60.0,8,75,0
APPLAUSE:131918 | DASCH:ivo://org.gavo.dc/~?dasch/q/am28316,W,DASCH:am28316:exp0,APPLAUSE:131918,24,270.0,4,4,0,3,6,1,76,1,33,42,0,161,11,60.0,7,85,0
APPLAUSE:131918 | DASCH:ivo://org.gavo.dc/~?dasch/q/am28316,E,DASCH:am28316:exp0,APPLAUSE:131918,24,90.0,1,1,0,1,8,0,72,0,25,47,0,148,11,120.0,3,76,0
APPLAUSE:131918 | DASCH:ivo://org.gavo.dc/~?dasch/q/am28316,N,DASCH:am28316:exp0,APPLAUSE:131918,24,0.0,2,1,1,2,4,0,74,0,24,50,0,179,14,120.0,8,105,0
APPLAUSE:131918 | DASCH:ivo://org.gavo.dc/~?dasch/q/am28316,NE,DASCH:am28316:exp0,APPLAUSE:131918,24,45.0,5,4,1,5,6,0,77,1,29,47,0,161,12,120.0,10,84,0
APPLAUSE:131918 | DASCH:ivo://org.gavo.dc/~?dasch/q/am28316,NW,DASCH:am28316:exp0,APPLAUSE:131918,24,315.0,2,2,0,2,5,0,62,0,18,44,0,123,11,120.0,8,61,0
APPLAUSE:131918 | DASCH:ivo://org.gavo.dc/~?dasch/q/am28316,S,DASCH:am28316:exp0,APPLAUSE:131918,24,180.0,2,2,0,2,2,0,33,0,12,21,0,98,12,120.0,4,65,0
APPLAUSE:131918 | DASCH:ivo://org.gavo.dc/~?dasch/q/am28316,SE,DASCH:am28316:exp0,APPLAUSE:131918,24,135.0,1,1,0,1,5,0,36,0,8,28,0,113,13,120.0,5,77,0
APPLAUSE:131918 | DASCH:ivo://org.gavo.dc/~?dasch/q/am28316,SW,DASCH:am28316:exp0,APPLAUSE:131918,24,225.0,0,0,0,0,2,0,37,0,10,27,0,82,3,120.0,1,45,0
APPLAUSE:131918 | DASCH:ivo://org.gavo.dc/~?dasch/q/am28316,W,DASCH:am28316:exp0,APPLAUSE:131918,24,270.0,3,2,1,3,7,0,57,0,27,30,0,98,10,120.0,6,41,0
APPLAUSE:131772 | DASCH:ivo://org.gavo.dc/~?dasch/q/bi05468,E,DASCH:bi05468:exp0,APPLAUSE:131772,25,90.0,0,0,0,0,0,0,0,0,0,0,0,5,2,60.0,1,5,0
APPLAUSE:131772 | DASCH:ivo://org.gavo.dc/~?dasch/q/bi05468,N,DASCH:bi05468:exp0,APPLAUSE:131772,25,0.0,0,0,0,0,0,0,0,0,0,0,0,1,0,60.0,0,1,0
APPLAUSE:131772 | DASCH:ivo://org.gavo.dc/~?dasch/q/bi05468,NE,DASCH:bi05468:exp0,APPLAUSE:131772,25,45.0,0,0,0,0,0,0,0,0,0,0,0,3,0,60.0,0,2,1
APPLAUSE:131772 | DASCH:ivo://org.gavo.dc/~?dasch/q/bi05468,NW,DASCH:bi05468:exp0,APPLAUSE:131772,25,315.0,0,0,0,0,0,0,0,0,0,0,0,3,0,60.0,1,3,0
APPLAUSE:131772 | DASCH:ivo://org.gavo.dc/~?dasch/q/bi05468,S,DASCH:bi05468:exp0,APPLAUSE:131772,25,180.0,0,0,0,0,0,0,0,0,0,0,0,3,1,60.0,0,3,0
APPLAUSE:131772 | DASCH:ivo://org.gavo.dc/~?dasch/q/bi05468,SE,DASCH:bi05468:exp0,APPLAUSE:131772,25,135.0,0,0,0,0,0,0,0,0,0,0,0,2,1,60.0,0,2,0
APPLAUSE:131772 | DASCH:ivo://org.gavo.dc/~?dasch/q/bi05468,SW,DASCH:bi05468:exp0,APPLAUSE:131772,25,225.0,0,0,0,0,0,0,0,0,0,0,0,0,0,60.0,0,0,0
APPLAUSE:131772 | DASCH:ivo://org.gavo.dc/~?dasch/q/bi05468,W,DASCH:bi05468:exp0,APPLAUSE:131772,25,270.0,0,0,0,0,0,0,0,0,0,0,0,3,0,60.0,1,3,0
APPLAUSE:131772 | DASCH:ivo://org.gavo.dc/~?dasch/q/bi05468,E,DASCH:bi05468:exp0,APPLAUSE:131772,25,90.0,0,0,0,0,0,0,0,0,0,0,0,4,0,120.0,1,4,0
APPLAUSE:131772 | DASCH:ivo://org.gavo.dc/~?dasch/q/bi05468,N,DASCH:bi05468:exp0,APPLAUSE:131772,25,0.0,0,0,0,0,0,0,0,0,0,0,0,1,0,120.0,1,1,0
APPLAUSE:131772 | DASCH:ivo://org.gavo.dc/~?dasch/q/bi05468,NE,DASCH:bi05468:exp0,APPLAUSE:131772,25,45.0,0,0,0,0,0,0,0,0,0,0,0,1,0,120.0,0,1,0
APPLAUSE:131772 | DASCH:ivo://org.gavo.dc/~?dasch/q/bi05468,NW,DASCH:bi05468:exp0,APPLAUSE:131772,25,315.0,0,0,0,0,0,0,0,0,0,0,0,2,0,120.0,0,2,0
APPLAUSE:131772 | DASCH:ivo://org.gavo.dc/~?dasch/q/bi05468,S,DASCH:bi05468:exp0,APPLAUSE:131772,25,180.0,0,0,0,0,0,0,0,0,0,0,0,0,0,120.0,0,0,0
APPLAUSE:131772 | DASCH:ivo://org.gavo.dc/~?dasch/q/bi05468,SE,DASCH:bi05468:exp0,APPLAUSE:131772,25,135.0,0,0,0,0,0,0,0,0,0,0,0,2,0,120.0,0,2,0
APPLAUSE:131772 | DASCH:ivo://org.gavo.dc/~?dasch/q/bi05468,SW,DASCH:bi05468:exp0,APPLAUSE:131772,25,225.0,0,0,0,0,0,0,0,0,0,0,0,2,0,120.0,1,2,0
APPLAUSE:131772 | DASCH:ivo://org.gavo.dc/~?dasch/q/bi05468,W,DASCH:bi05468:exp0,APPLAUSE:131772,25,270.0,0,0,0,0,0,0,0,0,0,0,0,2,1,120.0,0,2,0
APPLAUSE:132099 | DASCH:ivo://org.gavo.dc/~?dasch/q/mf40301,E,DASCH:mf40301:exp0,APPLAUSE:132099,26,90.0,11,11,0,7,11,4,121,0,25,96,0,441,49,60.0,30,320,0
APPLAUSE:132099 | DASCH:ivo://org.gavo.dc/~?dasch/q/mf40301,N,DASCH:mf40301:exp0,APPLAUSE:132099,26,0.0,13,12,1,12,12,1,177,0,16,161,0,789,69,60.0,51,612,0
APPLAUSE:132099 | DASCH:ivo://org.gavo.dc/~?dasch/q/mf40301,NE,DASCH:mf40301:exp0,APPLAUSE:132099,26,45.0,12,10,2,9,13,3,160,0,22,138,0,656,60,60.0,40,496,0
APPLAUSE:132099 | DASCH:ivo://org.gavo.dc/~?dasch/q/mf40301,NW,DASCH:mf40301:exp0,APPLAUSE:132099,26,315.0,9,7,2,8,12,1,135,0,18,117,0,521,56,60.0,37,386,0
APPLAUSE:132099 | DASCH:ivo://org.gavo.dc/~?dasch/q/mf40301,S,DASCH:mf40301:exp0,APPLAUSE:132099,26,180.0,6,6,0,6,4,0,91,0,11,80,0,358,26,60.0,27,267,0
APPLAUSE:132099 | DASCH:ivo://org.gavo.dc/~?dasch/q/mf40301,SE,DASCH:mf40301:exp0,APPLAUSE:132099,26,135.0,13,8,5,11,10,2,99,0,11,88,0,342,36,60.0,19,243,0
APPLAUSE:132099 | DASCH:ivo://org.gavo.dc/~?dasch/q/mf40301,SW,DASCH:mf40301:exp0,APPLAUSE:132099,26,225.0,10,8,2,7,5,3,101,0,17,84,0,405,37,60.0,24,304,0
APPLAUSE:132099 | DASCH:ivo://org.gavo.dc/~?dasch/q/mf40301,W,DASCH:mf40301:exp0,APPLAUSE:132099,26,270.0,9,8,1,8,8,1,111,0,17,94,0,404,25,60.0,18,293,0
APPLAUSE:132099 | DASCH:ivo://org.gavo.dc/~?dasch/q/mf40301,E,DASCH:mf40301:exp0,APPLAUSE:132099,26,90.0,10,8,2,6,8,4,119,0,23,96,0,372,25,120.0,17,253,0
APPLAUSE:132099 | DASCH:ivo://org.gavo.dc/~?dasch/q/mf40301,N,DASCH:mf40301:exp0,APPLAUSE:132099,26,0.0,7,6,1,6,9,1,131,0,10,121,0,518,46,120.0,31,387,0
APPLAUSE:132099 | DASCH:ivo://org.gavo.dc/~?dasch/q/mf40301,NE,DASCH:mf40301:exp0,APPLAUSE:132099,26,45.0,32,27,5,23,15,9,309,0,33,276,0,1115,95,120.0,64,806,0
APPLAUSE:132099 | DASCH:ivo://org.gavo.dc/~?dasch/q/mf40301,NW,DASCH:mf40301:exp0,APPLAUSE:132099,26,315.0,17,16,1,16,12,1,176,0,19,157,0,614,55,120.0,34,438,0
APPLAUSE:132099 | DASCH:ivo://org.gavo.dc/~?dasch/q/mf40301,S,DASCH:mf40301:exp0,APPLAUSE:132099,26,180.0,11,9,2,9,6,2,112,0,12,100,0,382,40,120.0,22,270,0
APPLAUSE:132099 | DASCH:ivo://org.gavo.dc/~?dasch/q/mf40301,SE,DASCH:mf40301:exp0,APPLAUSE:132099,26,135.0,12,10,2,9,9,3,106,0,14,92,0,347,37,120.0,23,241,0
APPLAUSE:132099 | DASCH:ivo://org.gavo.dc/~?dasch/q/mf40301,SW,DASCH:mf40301:exp0,APPLAUSE:132099,26,225.0,8,5,3,6,5,2,102,0,12,90,0,381,27,120.0,17,279,0
APPLAUSE:132099 | DASCH:ivo://org.gavo.dc/~?dasch/q/mf40301,W,DASCH:mf40301:exp0,APPLAUSE:132099,26,270.0,8,8,0,6,4,2,91,0,13,78,0,370,34,120.0,24,279,0
APPLAUSE:11819 | DASCH:ivo://org.gavo.dc/~?dasch/q/bi05361,E,DASCH:bi05361:exp0,APPLAUSE:11819,27,90.0,72,60,12,47,54,25,855,10,491,354,0,993,87,60.0,10,137,1
APPLAUSE:11819 | DASCH:ivo://org.gavo.dc/~?dasch/q/bi05361,N,DASCH:bi05361:exp0,APPLAUSE:11819,27,0.0,36,32,4,21,22,15,417,9,213,195,0,544,47,60.0,11,126,1
APPLAUSE:11819 | DASCH:ivo://org.gavo.dc/~?dasch/q/bi05361,NE,DASCH:bi05361:exp0,APPLAUSE:11819,27,45.0,54,41,13,30,39,24,613,16,337,260,0,760,78,60.0,13,147,0
APPLAUSE:11819 | DASCH:ivo://org.gavo.dc/~?dasch/q/bi05361,NW,DASCH:bi05361:exp0,APPLAUSE:11819,27,315.0,78,65,13,57,55,21,762,15,422,325,0,944,95,60.0,15,181,1
APPLAUSE:11819 | DASCH:ivo://org.gavo.dc/~?dasch/q/bi05361,S,DASCH:bi05361:exp0,APPLAUSE:11819,27,180.0,36,28,8,20,22,16,403,13,199,191,0,505,49,60.0,7,102,0
APPLAUSE:11819 | DASCH:ivo://org.gavo.dc/~?dasch/q/bi05361,SE,DASCH:bi05361:exp0,APPLAUSE:11819,27,135.0,55,48,7,38,25,17,534,12,315,207,0,656,57,60.0,14,122,0
APPLAUSE:11819 | DASCH:ivo://org.gavo.dc/~?dasch/q/bi05361,SW,DASCH:bi05361:exp0,APPLAUSE:11819,27,225.0,57,43,14,40,43,17,746,22,420,304,0,865,72,60.0,13,119,0
APPLAUSE:11819 | DASCH:ivo://org.gavo.dc/~?dasch/q/bi05361,W,DASCH:bi05361:exp0,APPLAUSE:11819,27,270.0,100,86,14,77,68,23,1269,22,707,540,0,1463,114,60.0,18,194,0
APPLAUSE:11819 | DASCH:ivo://org.gavo.dc/~?dasch/q/bi05361,E,DASCH:bi05361:exp0,APPLAUSE:11819,27,90.0,34,25,9,21,32,13,460,14,226,220,0,575,54,120.0,10,115,0
APPLAUSE:11819 | DASCH:ivo://org.gavo.dc/~?dasch/q/bi05361,N,DASCH:bi05361:exp0,APPLAUSE:11819,27,0.0,32,27,5,25,34,7,485,14,283,188,0,594,50,120.0,11,109,0
APPLAUSE:11819 | DASCH:ivo://org.gavo.dc/~?dasch/q/bi05361,NE,DASCH:bi05361:exp0,APPLAUSE:11819,27,45.0,31,25,6,22,34,9,400,12,235,152,1,531,57,120.0,13,130,1
APPLAUSE:11819 | DASCH:ivo://org.gavo.dc/~?dasch/q/bi05361,NW,DASCH:bi05361:exp0,APPLAUSE:11819,27,315.0,41,31,10,30,34,11,447,14,252,181,0,568,54,120.0,7,121,0
APPLAUSE:11819 | DASCH:ivo://org.gavo.dc/~?dasch/q/bi05361,S,DASCH:bi05361:exp0,APPLAUSE:11819,27,180.0,36,29,7,26,25,10,404,14,233,157,0,493,42,120.0,8,89,0
APPLAUSE:11819 | DASCH:ivo://org.gavo.dc/~?dasch/q/bi05361,SE,DASCH:bi05361:exp0,APPLAUSE:11819,27,135.0,36,28,8,25,32,11,446,15,236,195,0,555,52,120.0,11,109,0
APPLAUSE:11819 | DASCH:ivo://org.gavo.dc/~?dasch/q/bi05361,SW,DASCH:bi05361:exp0,APPLAUSE:11819,27,225.0,41,35,6,29,25,12,446,14,253,179,0,541,48,120.0,8,95,0
APPLAUSE:11819 | DASCH:ivo://org.gavo.dc/~?dasch/q/bi05361,W,DASCH:bi05361:exp0,APPLAUSE:11819,27,270.0,26,18,8,14,29,12,433,8,241,184,0,534,45,120.0,4,101,0
APPLAUSE:13877 | APPLAUSE:139431,E,APPLAUSE:139431,APPLAUSE:13877,28,90.0,1592,270,1322,829,942,763,18410,2600,7,0,15803,18410,1705,60.0,0,0,0
APPLAUSE:13877 | APPLAUSE:139431,N,APPLAUSE:139431,APPLAUSE:13877,28,0.0,1641,270,1371,847,863,794,18732,2579,12,0,16141,18732,1657,60.0,0,0,0
APPLAUSE:13877 | APPLAUSE:139431,NE,APPLAUSE:139431,APPLAUSE:13877,28,45.0,1638,257,1381,849,850,789,18507,2678,8,0,15821,18507,1639,60.0,0,0,0
APPLAUSE:13877 | APPLAUSE:139431,NW,APPLAUSE:139431,APPLAUSE:13877,28,315.0,1681,275,1406,869,844,812,18416,2520,11,0,15885,18416,1656,60.0,0,0,0
APPLAUSE:13877 | APPLAUSE:139431,S,APPLAUSE:139431,APPLAUSE:13877,28,180.0,1760,283,1477,894,839,866,18476,2461,9,0,16006,18476,1705,60.0,0,0,0
APPLAUSE:13877 | APPLAUSE:139431,SE,APPLAUSE:139431,APPLAUSE:13877,28,135.0,1628,269,1359,833,910,795,18812,2620,6,0,16186,18812,1705,60.0,0,0,0
APPLAUSE:13877 | APPLAUSE:139431,SW,APPLAUSE:139431,APPLAUSE:13877,28,225.0,1663,282,1381,880,905,783,18562,2604,4,0,15954,18562,1688,60.0,0,0,0
APPLAUSE:13877 | APPLAUSE:139431,W,APPLAUSE:139431,APPLAUSE:13877,28,270.0,1731,315,1416,900,855,831,18647,2519,8,0,16120,18647,1686,60.0,0,0,0
APPLAUSE:13877 | APPLAUSE:139431,E,APPLAUSE:139431,APPLAUSE:13877,28,90.0,1643,277,1366,844,830,799,18647,2708,10,0,15929,18647,1629,120.0,0,0,0
APPLAUSE:13877 | APPLAUSE:139431,N,APPLAUSE:139431,APPLAUSE:13877,28,0.0,1670,286,1384,880,919,790,18500,2494,8,0,15998,18500,1709,120.0,0,0,0
APPLAUSE:13877 | APPLAUSE:139431,NE,APPLAUSE:139431,APPLAUSE:13877,28,45.0,1631,275,1356,829,903,802,18561,2590,13,0,15958,18561,1705,120.0,0,0,0
APPLAUSE:13877 | APPLAUSE:139431,NW,APPLAUSE:139431,APPLAUSE:13877,28,315.0,1608,276,1332,819,863,789,18409,2502,4,0,15903,18409,1652,120.0,0,0,0
APPLAUSE:13877 | APPLAUSE:139431,S,APPLAUSE:139431,APPLAUSE:13877,28,180.0,1647,256,1391,826,897,821,18578,2549,9,0,16020,18578,1718,120.0,0,0,0
APPLAUSE:13877 | APPLAUSE:139431,SE,APPLAUSE:139431,APPLAUSE:13877,28,135.0,1584,243,1341,791,921,793,18322,2513,8,0,15801,18322,1714,120.0,0,0,0
APPLAUSE:13877 | APPLAUSE:139431,SW,APPLAUSE:139431,APPLAUSE:13877,28,225.0,1654,270,1384,890,886,764,18459,2483,5,0,15971,18459,1650,120.0,0,0,0
APPLAUSE:13877 | APPLAUSE:139431,W,APPLAUSE:139431,APPLAUSE:13877,28,270.0,1667,242,1425,858,843,809,18268,2532,13,0,15723,18268,1652,120.0,0,0,0
APPLAUSE:13876 | APPLAUSE:139430,E,APPLAUSE:139430,APPLAUSE:13876,29,90.0,2037,308,1729,1067,1073,970,22267,2707,29,0,19531,22267,2043,60.0,0,0,0
APPLAUSE:13876 | APPLAUSE:139430,N,APPLAUSE:139430,APPLAUSE:13876,29,0.0,2053,317,1736,1069,982,984,22421,2795,26,0,19600,22421,1966,60.0,0,0,0
APPLAUSE:13876 | APPLAUSE:139430,NE,APPLAUSE:139430,APPLAUSE:13876,29,45.0,2017,307,1710,1090,1012,927,22312,2832,22,0,19458,22312,1939,60.0,0,0,0
APPLAUSE:13876 | APPLAUSE:139430,NW,APPLAUSE:139430,APPLAUSE:13876,29,315.0,2000,288,1712,1010,974,990,22142,2759,21,0,19362,22142,1964,60.0,0,0,0
APPLAUSE:13876 | APPLAUSE:139430,S,APPLAUSE:139430,APPLAUSE:13876,29,180.0,2021,274,1747,1057,986,964,22526,2860,25,0,19641,22526,1950,60.0,0,0,0
APPLAUSE:13876 | APPLAUSE:139430,SE,APPLAUSE:139430,APPLAUSE:13876,29,135.0,2057,309,1748,1093,1059,964,22226,2804,27,0,19395,22226,2023,60.0,0,0,0
APPLAUSE:13876 | APPLAUSE:139430,SW,APPLAUSE:139430,APPLAUSE:13876,29,225.0,1996,249,1747,1038,1021,958,22179,2770,27,0,19382,22179,1979,60.0,0,0,0
APPLAUSE:13876 | APPLAUSE:139430,W,APPLAUSE:139430,APPLAUSE:13876,29,270.0,1992,307,1685,1006,999,986,22367,2726,42,0,19599,22367,1985,60.0,0,0,0
APPLAUSE:13876 | APPLAUSE:139430,E,APPLAUSE:139430,APPLAUSE:13876,29,90.0,1991,280,1711,1023,994,968,22349,2759,28,0,19562,22349,1962,120.0,0,0,0
APPLAUSE:13876 | APPLAUSE:139430,N,APPLAUSE:139430,APPLAUSE:13876,29,0.0,1992,274,1718,1059,1054,933,22210,2864,29,0,19317,22210,1987,120.0,0,0,0
APPLAUSE:13876 | APPLAUSE:139430,NE,APPLAUSE:139430,APPLAUSE:13876,29,45.0,1994,309,1685,1038,1056,956,22462,2795,28,0,19639,22462,2012,120.0,0,0,0
APPLAUSE:13876 | APPLAUSE:139430,NW,APPLAUSE:139430,APPLAUSE:13876,29,315.0,1931,270,1661,1002,1044,929,22154,2753,31,0,19370,22154,1973,120.0,0,0,0
APPLAUSE:13876 | APPLAUSE:139430,S,APPLAUSE:139430,APPLAUSE:13876,29,180.0,2024,300,1724,1008,1006,1016,22298,2801,30,0,19467,22298,2022,120.0,0,0,0
APPLAUSE:13876 | APPLAUSE:139430,SE,APPLAUSE:139430,APPLAUSE:13876,29,135.0,1927,280,1647,1010,1009,917,22137,2753,29,0,19355,22137,1926,120.0,0,0,0
APPLAUSE:13876 | APPLAUSE:139430,SW,APPLAUSE:139430,APPLAUSE:13876,29,225.0,1979,283,1696,1036,998,943,22104,2748,29,0,19327,22104,1941,120.0,0,0,0
APPLAUSE:13876 | APPLAUSE:139430,W,APPLAUSE:139430,APPLAUSE:13876,29,270.0,2011,279,1732,1003,984,1008,22122,2721,16,0,19385,22122,1992,120.0,0,0,0
APPLAUSE:139532 | DASCH:ivo://org.gavo.dc/~?dasch/q/j04686,E,APPLAUSE:139532,DASCH:j04686:exp0,30,90.0,2319,149,2170,954,984,1365,25783,1050,201,0,24532,25783,2349,60.0,0,0,0
APPLAUSE:139532 | DASCH:ivo://org.gavo.dc/~?dasch/q/j04686,N,APPLAUSE:139532,DASCH:j04686:exp0,30,0.0,2335,138,2197,1013,1038,1322,26260,1144,181,0,24935,26260,2360,60.0,0,0,0
APPLAUSE:139532 | DASCH:ivo://org.gavo.dc/~?dasch/q/j04686,NE,APPLAUSE:139532,DASCH:j04686:exp0,30,45.0,2367,160,2207,1003,950,1364,25972,1021,202,0,24749,25972,2314,60.0,0,0,0
APPLAUSE:139532 | DASCH:ivo://org.gavo.dc/~?dasch/q/j04686,NW,APPLAUSE:139532,DASCH:j04686:exp0,30,315.0,2329,177,2152,970,988,1359,26039,1084,183,0,24772,26039,2347,60.0,0,0,0
APPLAUSE:139532 | DASCH:ivo://org.gavo.dc/~?dasch/q/j04686,S,APPLAUSE:139532,DASCH:j04686:exp0,30,180.0,2313,169,2144,972,1009,1341,26070,1129,222,0,24719,26070,2350,60.0,0,0,0
APPLAUSE:139532 | DASCH:ivo://org.gavo.dc/~?dasch/q/j04686,SE,APPLAUSE:139532,DASCH:j04686:exp0,30,135.0,2266,149,2117,943,972,1323,25759,1158,204,0,24397,25759,2295,60.0,0,0,0
APPLAUSE:139532 | DASCH:ivo://org.gavo.dc/~?dasch/q/j04686,SW,APPLAUSE:139532,DASCH:j04686:exp0,30,225.0,2284,127,2157,967,949,1317,26516,1197,230,0,25089,26516,2266,60.0,0,0,0
APPLAUSE:139532 | DASCH:ivo://org.gavo.dc/~?dasch/q/j04686,W,APPLAUSE:139532,DASCH:j04686:exp0,30,270.0,2423,160,2263,1015,966,1408,25813,1088,199,0,24526,25813,2374,60.0,0,0,0
APPLAUSE:139532 | DASCH:ivo://org.gavo.dc/~?dasch/q/j04686,E,APPLAUSE:139532,DASCH:j04686:exp0,30,90.0,2307,181,2126,955,954,1352,25585,1103,187,0,24295,25585,2306,120.0,0,0,0
APPLAUSE:139532 | DASCH:ivo://org.gavo.dc/~?dasch/q/j04686,N,APPLAUSE:139532,DASCH:j04686:exp0,30,0.0,2346,162,2184,1021,926,1325,25967,976,152,0,24839,25967,2251,120.0,0,0,0
APPLAUSE:139532 | DASCH:ivo://org.gavo.dc/~?dasch/q/j04686,NE,APPLAUSE:139532,DASCH:j04686:exp0,30,45.0,2279,178,2101,966,981,1313,25899,1009,250,0,24640,25899,2294,120.0,0,0,0
APPLAUSE:139532 | DASCH:ivo://org.gavo.dc/~?dasch/q/j04686,NW,APPLAUSE:139532,DASCH:j04686:exp0,30,315.0,2344,164,2180,1000,934,1344,25814,1006,160,0,24648,25814,2278,120.0,0,0,0
APPLAUSE:139532 | DASCH:ivo://org.gavo.dc/~?dasch/q/j04686,S,APPLAUSE:139532,DASCH:j04686:exp0,30,180.0,2309,155,2154,1003,980,1306,25693,1191,179,0,24323,25693,2286,120.0,0,0,0
APPLAUSE:139532 | DASCH:ivo://org.gavo.dc/~?dasch/q/j04686,SE,APPLAUSE:139532,DASCH:j04686:exp0,30,135.0,2254,173,2081,959,980,1295,25535,1119,180,0,24236,25535,2275,120.0,0,0,0
APPLAUSE:139532 | DASCH:ivo://org.gavo.dc/~?dasch/q/j04686,SW,APPLAUSE:139532,DASCH:j04686:exp0,30,225.0,2407,176,2231,1019,1007,1388,26136,1253,225,0,24658,26136,2395,120.0,0,0,0
APPLAUSE:139532 | DASCH:ivo://org.gavo.dc/~?dasch/q/j04686,W,APPLAUSE:139532,DASCH:j04686:exp0,30,270.0,2282,159,2123,960,1023,1322,25702,1103,207,0,24392,25702,2345,120.0,0,0,0
APPLAUSE:11790 | DASCH:ivo://org.gavo.dc/~?dasch/q/b75711,E,APPLAUSE:11790,DASCH:b75711:exp0,31,90.0,603,421,182,388,422,215,7081,2075,409,0,4597,7081,637,60.0,0,0,0
APPLAUSE:11790 | DASCH:ivo://org.gavo.dc/~?dasch/q/b75711,N,APPLAUSE:11790,DASCH:b75711:exp0,31,0.0,608,402,206,378,426,230,6650,1922,369,0,4359,6650,656,60.0,0,0,0
APPLAUSE:11790 | DASCH:ivo://org.gavo.dc/~?dasch/q/b75711,NE,APPLAUSE:11790,DASCH:b75711:exp0,31,45.0,631,439,192,421,437,210,7115,2124,372,0,4619,7115,647,60.0,0,0,0
APPLAUSE:11790 | DASCH:ivo://org.gavo.dc/~?dasch/q/b75711,NW,APPLAUSE:11790,DASCH:b75711:exp0,31,315.0,581,402,179,360,380,221,6731,1910,360,0,4461,6731,601,60.0,0,0,0
APPLAUSE:11790 | DASCH:ivo://org.gavo.dc/~?dasch/q/b75711,S,APPLAUSE:11790,DASCH:b75711:exp0,31,180.0,584,400,184,374,385,210,6596,1891,381,0,4324,6596,595,60.0,0,0,0
APPLAUSE:11790 | DASCH:ivo://org.gavo.dc/~?dasch/q/b75711,SE,APPLAUSE:11790,DASCH:b75711:exp0,31,135.0,610,421,189,393,394,217,6808,1978,374,0,4456,6808,611,60.0,0,0,0
APPLAUSE:11790 | DASCH:ivo://org.gavo.dc/~?dasch/q/b75711,SW,APPLAUSE:11790,DASCH:b75711:exp0,31,225.0,571,382,189,375,429,196,6631,1855,367,0,4409,6631,625,60.0,0,0,0
APPLAUSE:11790 | DASCH:ivo://org.gavo.dc/~?dasch/q/b75711,W,APPLAUSE:11790,DASCH:b75711:exp0,31,270.0,564,364,200,376,380,188,6623,1780,349,0,4494,6623,568,60.0,0,0,0
APPLAUSE:11790 | DASCH:ivo://org.gavo.dc/~?dasch/q/b75711,E,APPLAUSE:11790,DASCH:b75711:exp0,31,90.0,603,418,185,384,404,219,6932,1970,360,0,4602,6932,623,120.0,0,0,0
APPLAUSE:11790 | DASCH:ivo://org.gavo.dc/~?dasch/q/b75711,N,APPLAUSE:11790,DASCH:b75711:exp0,31,0.0,549,361,188,350,419,199,6771,1943,407,0,4421,6771,618,120.0,0,0,0
APPLAUSE:11790 | DASCH:ivo://org.gavo.dc/~?dasch/q/b75711,NE,APPLAUSE:11790,DASCH:b75711:exp0,31,45.0,575,376,199,360,389,215,6947,1978,352,0,4617,6947,604,120.0,0,0,0
APPLAUSE:11790 | DASCH:ivo://org.gavo.dc/~?dasch/q/b75711,NW,APPLAUSE:11790,DASCH:b75711:exp0,31,315.0,599,388,211,380,415,219,6623,1960,316,0,4347,6623,634,120.0,0,0,0
APPLAUSE:11790 | DASCH:ivo://org.gavo.dc/~?dasch/q/b75711,S,APPLAUSE:11790,DASCH:b75711:exp0,31,180.0,565,390,175,372,428,193,6543,1858,354,0,4331,6543,621,120.0,0,0,0
APPLAUSE:11790 | DASCH:ivo://org.gavo.dc/~?dasch/q/b75711,SE,APPLAUSE:11790,DASCH:b75711:exp0,31,135.0,547,392,155,373,401,174,6904,1958,347,0,4599,6904,575,120.0,0,0,0
APPLAUSE:11790 | DASCH:ivo://org.gavo.dc/~?dasch/q/b75711,SW,APPLAUSE:11790,DASCH:b75711:exp0,31,225.0,587,413,174,391,402,196,6660,1887,317,0,4456,6660,598,120.0,0,0,0
APPLAUSE:11790 | DASCH:ivo://org.gavo.dc/~?dasch/q/b75711,W,APPLAUSE:11790,DASCH:b75711:exp0,31,270.0,585,388,197,369,414,216,6541,1868,362,0,4311,6541,630,120.0,0,0,0
APPLAUSE:12405 | APPLAUSE:131662,E,APPLAUSE:131662,APPLAUSE:12405,32,90.0,28,7,21,15,16,13,325,53,179,93,0,381,34,60.0,5,56,0
APPLAUSE:12405 | APPLAUSE:131662,N,APPLAUSE:131662,APPLAUSE:12405,32,0.0,31,11,20,15,28,16,437,66,252,118,1,521,50,60.0,7,84,0
APPLAUSE:12405 | APPLAUSE:131662,NE,APPLAUSE:131662,APPLAUSE:12405,32,45.0,24,13,11,14,14,10,358,45,208,105,0,416,29,60.0,8,58,0
APPLAUSE:12405 | APPLAUSE:131662,NW,APPLAUSE:131662,APPLAUSE:12405,32,315.0,50,19,31,27,17,23,449,83,248,118,0,521,50,60.0,13,72,0
APPLAUSE:12405 | APPLAUSE:131662,S,APPLAUSE:131662,APPLAUSE:12405,32,180.0,29,17,12,16,15,13,348,57,182,109,0,408,33,60.0,5,60,0
APPLAUSE:12405 | APPLAUSE:131662,SE,APPLAUSE:131662,APPLAUSE:12405,32,135.0,31,14,17,23,19,8,357,64,192,99,2,425,34,60.0,7,68,0
APPLAUSE:12405 | APPLAUSE:131662,SW,APPLAUSE:131662,APPLAUSE:12405,32,225.0,25,13,12,13,16,12,358,59,201,98,0,435,34,60.0,5,77,0
APPLAUSE:12405 | APPLAUSE:131662,W,APPLAUSE:131662,APPLAUSE:12405,32,270.0,35,12,23,22,14,13,361,58,198,105,0,433,37,60.0,11,72,0
APPLAUSE:12405 | APPLAUSE:131662,E,APPLAUSE:131662,APPLAUSE:12405,32,90.0,21,11,10,10,7,11,285,27,142,115,1,337,25,120.0,6,52,0
APPLAUSE:12405 | APPLAUSE:131662,N,APPLAUSE:131662,APPLAUSE:12405,32,0.0,79,48,31,41,100,38,861,158,503,197,3,942,142,120.0,5,81,0
APPLAUSE:12405 | APPLAUSE:131662,NE,APPLAUSE:131662,APPLAUSE:12405,32,45.0,31,15,16,17,22,14,328,41,177,110,0,377,41,120.0,5,49,0
APPLAUSE:12405 | APPLAUSE:131662,NW,APPLAUSE:131662,APPLAUSE:12405,32,315.0,49,27,22,29,16,20,383,53,203,127,0,443,36,120.0,0,60,0
APPLAUSE:12405 | APPLAUSE:131662,S,APPLAUSE:131662,APPLAUSE:12405,32,180.0,32,10,22,17,18,15,303,52,167,84,0,370,42,120.0,10,67,0
APPLAUSE:12405 | APPLAUSE:131662,SE,APPLAUSE:131662,APPLAUSE:12405,32,135.0,28,18,10,22,23,6,316,64,160,91,1,369,34,120.0,3,53,0
APPLAUSE:12405 | APPLAUSE:131662,SW,APPLAUSE:131662,APPLAUSE:12405,32,225.0,31,13,18,20,13,11,293,50,149,94,0,353,29,120.0,4,60,0
APPLAUSE:12405 | APPLAUSE:131662,W,APPLAUSE:131662,APPLAUSE:12405,32,270.0,32,20,12,20,10,12,347,65,167,114,1,416,30,120.0,9,69,0
APPLAUSE:12471 | DASCH:ivo://org.gavo.dc/~?dasch/q/bi05459,E,DASCH:bi05459:exp0,APPLAUSE:12471,33,90.0,1,1,0,0,1,1,13,0,9,4,0,73,7,60.0,7,60,0
APPLAUSE:12471 | DASCH:ivo://org.gavo.dc/~?dasch/q/bi05459,N,DASCH:bi05459:exp0,APPLAUSE:12471,33,0.0,0,0,0,0,1,0,22,1,16,5,0,72,5,60.0,4,50,0
APPLAUSE:12471 | DASCH:ivo://org.gavo.dc/~?dasch/q/bi05459,NE,DASCH:bi05459:exp0,APPLAUSE:12471,33,45.0,2,2,0,2,0,0,13,0,9,4,0,75,2,60.0,3,62,0
APPLAUSE:12471 | DASCH:ivo://org.gavo.dc/~?dasch/q/bi05459,NW,DASCH:bi05459:exp0,APPLAUSE:12471,33,315.0,2,2,0,2,1,0,14,0,10,4,0,62,5,60.0,5,48,0
APPLAUSE:12471 | DASCH:ivo://org.gavo.dc/~?dasch/q/bi05459,S,DASCH:bi05459:exp0,APPLAUSE:12471,33,180.0,0,0,0,0,1,0,9,0,6,3,0,61,6,60.0,6,52,0
APPLAUSE:12471 | DASCH:ivo://org.gavo.dc/~?dasch/q/bi05459,SE,DASCH:bi05459:exp0,APPLAUSE:12471,33,135.0,1,1,0,0,2,1,14,0,7,7,0,71,10,60.0,7,57,0
APPLAUSE:12471 | DASCH:ivo://org.gavo.dc/~?dasch/q/bi05459,SW,DASCH:bi05459:exp0,APPLAUSE:12471,33,225.0,1,1,0,0,0,1,18,0,10,8,0,74,5,60.0,5,56,0
APPLAUSE:12471 | DASCH:ivo://org.gavo.dc/~?dasch/q/bi05459,W,DASCH:bi05459:exp0,APPLAUSE:12471,33,270.0,3,2,1,2,1,1,30,0,22,8,0,83,7,60.0,5,53,0
APPLAUSE:12471 | DASCH:ivo://org.gavo.dc/~?dasch/q/bi05459,E,DASCH:bi05459:exp0,APPLAUSE:12471,33,90.0,1,1,0,0,0,1,13,0,9,4,0,74,9,120.0,8,61,0
APPLAUSE:12471 | DASCH:ivo://org.gavo.dc/~?dasch/q/bi05459,N,DASCH:bi05459:exp0,APPLAUSE:12471,33,0.0,0,0,0,0,1,0,15,1,11,3,0,63,3,120.0,2,48,0
APPLAUSE:12471 | DASCH:ivo://org.gavo.dc/~?dasch/q/bi05459,NE,DASCH:bi05459:exp0,APPLAUSE:12471,33,45.0,3,2,1,1,0,2,16,1,8,7,0,74,6,120.0,4,58,0
APPLAUSE:12471 | DASCH:ivo://org.gavo.dc/~?dasch/q/bi05459,NW,DASCH:bi05459:exp0,APPLAUSE:12471,33,315.0,3,3,0,1,1,2,26,1,13,12,0,86,8,120.0,5,60,0
APPLAUSE:12471 | DASCH:ivo://org.gavo.dc/~?dasch/q/bi05459,S,DASCH:bi05459:exp0,APPLAUSE:12471,33,180.0,0,0,0,0,0,0,9,0,6,3,0,40,4,120.0,2,31,0
APPLAUSE:12471 | DASCH:ivo://org.gavo.dc/~?dasch/q/bi05459,SE,DASCH:bi05459:exp0,APPLAUSE:12471,33,135.0,2,2,0,0,3,2,18,0,12,6,0,71,11,120.0,5,53,0
APPLAUSE:12471 | DASCH:ivo://org.gavo.dc/~?dasch/q/bi05459,SW,DASCH:bi05459:exp0,APPLAUSE:12471,33,225.0,1,1,0,0,2,1,22,0,7,15,0,76,6,120.0,3,54,0
APPLAUSE:12471 | DASCH:ivo://org.gavo.dc/~?dasch/q/bi05459,W,DASCH:bi05459:exp0,APPLAUSE:12471,33,270.0,2,2,0,0,0,2,18,0,13,5,0,71,5,120.0,3,53,0
