exposure_id,identity_status,finder_region,frozen_fits_path,resolved_fits_path,frozen_fits_sha256,actual_fits_sha256,fits_exists,fits_hash_match,pixel_execution_state,science_publication_cohorts,identity_stage_origin
POSS-I:1009:O:rec785,validated,XO785,C:\Dev\Transients\historical_transient_laptop_pipeline_v0.2.0_publication\transient_laptop_pipeline_v0.2.0\cache\poss1_identity_v028_extension\POSS-I_1009_O_rec785\A3T4_identity.fits,C:\Dev\Transients\historical_transient_laptop_pipeline_v0.2.0_publication\transient_laptop_pipeline_v0.2.0\cache\poss1_identity_v028_extension\POSS-I_1009_O_rec785\A3T4_identity.fits,614e3397f767771e8f12aa46f5f125657f3f16ee40e514a169298c37b8d887a2,614e3397f767771e8f12aa46f5f125657f3f16ee40e514a169298c37b8d887a2,True,True,FROZEN_PIXEL_READY,development_revalidation,v0.2.8_development_revalidation_extension
POSS-I:1023:O:rec675,validated,XO674,,,,,False,False,VALIDATED_BUT_NO_FROZEN_FITS_PATH,development_revalidation,v0.2.8_development_revalidation_extension
POSS-I:1023:O:rec799,validated,XO799,,,,,False,False,VALIDATED_BUT_NO_FROZEN_FITS_PATH,development_revalidation,v0.2.8_development_revalidation_extension
POSS-I:1024:E:rec742,validated,XE742,cache\poss1_identity\POSS-I_1024_E_rec742\0FGT_identity.fits,C:\Dev\Transients\historical_transient_laptop_pipeline_v0.2.0_publication\transient_laptop_pipeline_v0.2.0\cache\poss1_identity\POSS-I_1024_E_rec742\0FGT_identity.fits,722cb1c44951398fe20fa86f6a6de77b2ede4af1335c596dcabff2937f0d6bd7,722cb1c44951398fe20fa86f6a6de77b2ede4af1335c596dcabff2937f0d6bd7,True,True,FROZEN_PIXEL_READY,prospective_production,v0.2.7_prospective_identity_freeze
POSS-I:1102:E:rec140,validated,XE139,cache\poss1_identity\POSS-I_1102_E_rec140\07PT_identity.fits,C:\Dev\Transients\historical_transient_laptop_pipeline_v0.2.0_publication\transient_laptop_pipeline_v0.2.0\cache\poss1_identity\POSS-I_1102_E_rec140\07PT_identity.fits,b794f46dea7db1eeb946cdddc4e79f0a98ae68e47a316f91f4ebc43016aa2493,b794f46dea7db1eeb946cdddc4e79f0a98ae68e47a316f91f4ebc43016aa2493,True,True,FROZEN_PIXEL_READY,prospective_production,v0.2.7_prospective_identity_freeze
POSS-I:1103:E:rec397,validated,XE396,cache\poss1_identity\POSS-I_1103_E_rec397\072W_identity.fits,C:\Dev\Transients\historical_transient_laptop_pipeline_v0.2.0_publication\transient_laptop_pipeline_v0.2.0\cache\poss1_identity\POSS-I_1103_E_rec397\072W_identity.fits,aa56bc3e4a26414d186eb085ea5885ffe0428e4c4e85525f41562c7b1da01ee1,aa56bc3e4a26414d186eb085ea5885ffe0428e4c4e85525f41562c7b1da01ee1,True,True,FROZEN_PIXEL_READY,prospective_production,v0.2.7_prospective_identity_freeze
POSS-I:1405:O:rec616,validated,XO615,cache\poss1_identity\POSS-I_1405_O_rec616\A3OI_identity.fits,C:\Dev\Transients\historical_transient_laptop_pipeline_v0.2.0_publication\transient_laptop_pipeline_v0.2.0\cache\poss1_identity\POSS-I_1405_O_rec616\A3OI_identity.fits,b2025288697732091b4b61dbce34c4f921462d5b86f1ad17f579b7a7536ad0a4,b2025288697732091b4b61dbce34c4f921462d5b86f1ad17f579b7a7536ad0a4,True,True,FROZEN_PIXEL_READY,prospective_production,v0.2.7_prospective_identity_freeze
POSS-I:236:E:rec425,validated,XE424,cache\poss1_identity\POSS-I_236_E_rec425\08M9_identity.fits,C:\Dev\Transients\historical_transient_laptop_pipeline_v0.2.0_publication\transient_laptop_pipeline_v0.2.0\cache\poss1_identity\POSS-I_236_E_rec425\08M9_identity.fits,7e321c8af374b9242372d0ab2e5689f0745739487fb28efeeb740f0bbeaf7afd,7e321c8af374b9242372d0ab2e5689f0745739487fb28efeeb740f0bbeaf7afd,True,True,FROZEN_PIXEL_READY,prospective_production,v0.2.7_prospective_identity_freeze
POSS-I:236:O:rec425,validated,XO424,cache\poss1_identity\POSS-I_236_O_rec425\A34L_identity.fits,C:\Dev\Transients\historical_transient_laptop_pipeline_v0.2.0_publication\transient_laptop_pipeline_v0.2.0\cache\poss1_identity\POSS-I_236_O_rec425\A34L_identity.fits,702a8392e2dd5f2bd6cc0b9cc6f925c6a9b7c05dd53d7768838d8a9ce3bb3071,702a8392e2dd5f2bd6cc0b9cc6f925c6a9b7c05dd53d7768838d8a9ce3bb3071,True,True,FROZEN_PIXEL_READY,prospective_production,v0.2.7_prospective_identity_freeze
POSS-I:293:E:rec754,validated,XE754,cache\poss1_identity\POSS-I_293_E_rec754\0FHF_identity.fits,C:\Dev\Transients\historical_transient_laptop_pipeline_v0.2.0_publication\transient_laptop_pipeline_v0.2.0\cache\poss1_identity\POSS-I_293_E_rec754\0FHF_identity.fits,c70859e517bfe2002bbefc81313d789d15ac3ab2d26dc52105e4bda519e82418,c70859e517bfe2002bbefc81313d789d15ac3ab2d26dc52105e4bda519e82418,True,True,FROZEN_PIXEL_READY,prospective_production,v0.2.7_prospective_identity_freeze
POSS-I:297:O:rec635,validated,XO634,cache\poss1_identity\POSS-I_297_O_rec635\A3P0_identity.fits,C:\Dev\Transients\historical_transient_laptop_pipeline_v0.2.0_publication\transient_laptop_pipeline_v0.2.0\cache\poss1_identity\POSS-I_297_O_rec635\A3P0_identity.fits,5839e995fccecf6b139128f85f4c9454c7e95b32e103bc18b9b3078d323a7ee5,5839e995fccecf6b139128f85f4c9454c7e95b32e103bc18b9b3078d323a7ee5,True,True,FROZEN_PIXEL_READY,development_revalidation;prospective_production,v0.2.7_prospective_identity_freeze
POSS-I:305:E:rec637,validated,XE636,,,,,False,False,VALIDATED_BUT_NO_FROZEN_FITS_PATH,development_revalidation,v0.2.8_development_revalidation_extension
POSS-I:305:O:rec637,validated,XO636,cache\poss1_identity\POSS-I_305_O_rec637\A3P2_identity.fits,C:\Dev\Transients\historical_transient_laptop_pipeline_v0.2.0_publication\transient_laptop_pipeline_v0.2.0\cache\poss1_identity\POSS-I_305_O_rec637\A3P2_identity.fits,41fd8cd85c2d08dc1c9944949dcab07068ce5c1a5b3e0512cb675aa5f2b0681e,41fd8cd85c2d08dc1c9944949dcab07068ce5c1a5b3e0512cb675aa5f2b0681e,True,True,FROZEN_PIXEL_READY,prospective_production,v0.2.7_prospective_identity_freeze
POSS-I:306:E:rec703,validated,XE702,C:\Dev\Transients\historical_transient_laptop_pipeline_v0.2.0_publication\transient_laptop_pipeline_v0.2.0\cache\poss1_identity_v028_extension\POSS-I_306_E_rec703\0E2B_identity.fits,C:\Dev\Transients\historical_transient_laptop_pipeline_v0.2.0_publication\transient_laptop_pipeline_v0.2.0\cache\poss1_identity_v028_extension\POSS-I_306_E_rec703\0E2B_identity.fits,8b5734bf0752a943f7f709c38c352637ebf4f10ca5adb04155e3b50d1ab054a7,8b5734bf0752a943f7f709c38c352637ebf4f10ca5adb04155e3b50d1ab054a7,True,True,FROZEN_PIXEL_READY,development_revalidation,v0.2.8_development_revalidation_extension
POSS-I:313:O:rec523,validated,XO522,cache\poss1_identity\POSS-I_313_O_rec523\A3M1_identity.fits,C:\Dev\Transients\historical_transient_laptop_pipeline_v0.2.0_publication\transient_laptop_pipeline_v0.2.0\cache\poss1_identity\POSS-I_313_O_rec523\A3M1_identity.fits,6b752611158854e2d83fdd9ab435c6ad7c9252fba313b53c13f39b3804785d35,6b752611158854e2d83fdd9ab435c6ad7c9252fba313b53c13f39b3804785d35,True,True,FROZEN_PIXEL_READY,prospective_production,v0.2.7_prospective_identity_freeze
POSS-I:314:E:rec646,validated,XE645,cache\poss1_identity\POSS-I_314_E_rec646\0D9V_identity.fits,C:\Dev\Transients\historical_transient_laptop_pipeline_v0.2.0_publication\transient_laptop_pipeline_v0.2.0\cache\poss1_identity\POSS-I_314_E_rec646\0D9V_identity.fits,2145cd017731a3a6e6554ea9b509fb7a2e5ae2244c1b382cbfc3bce943cb9430,2145cd017731a3a6e6554ea9b509fb7a2e5ae2244c1b382cbfc3bce943cb9430,True,True,FROZEN_PIXEL_READY,prospective_production,v0.2.7_prospective_identity_freeze
POSS-I:318:E:rec524,validated,XE523,,,,,False,False,VALIDATED_BUT_NO_FROZEN_FITS_PATH,development_revalidation,v0.2.8_development_revalidation_extension
POSS-I:320:E:rec463,validated,XE462,cache\poss1_identity\POSS-I_320_E_rec463\08RI_identity.fits,C:\Dev\Transients\historical_transient_laptop_pipeline_v0.2.0_publication\transient_laptop_pipeline_v0.2.0\cache\poss1_identity\POSS-I_320_E_rec463\08RI_identity.fits,43a5a53dc38c38d2f10058f0c45bc71496c98fb5fd3f41ef3cfe775ffa3cc157,43a5a53dc38c38d2f10058f0c45bc71496c98fb5fd3f41ef3cfe775ffa3cc157,True,True,FROZEN_PIXEL_READY,prospective_production,v0.2.7_prospective_identity_freeze
POSS-I:340:E:rec231,validated,XE230,cache\poss1_identity\POSS-I_340_E_rec231\0899_identity.fits,C:\Dev\Transients\historical_transient_laptop_pipeline_v0.2.0_publication\transient_laptop_pipeline_v0.2.0\cache\poss1_identity\POSS-I_340_E_rec231\0899_identity.fits,c6d30005727c64b05bb5f7a67fe37ca223083e8148eb2708713b5f12414e37f1,c6d30005727c64b05bb5f7a67fe37ca223083e8148eb2708713b5f12414e37f1,True,True,FROZEN_PIXEL_READY,prospective_production,v0.2.7_prospective_identity_freeze
POSS-I:368:E:rec192,validated,XE191,cache\poss1_identity\POSS-I_368_E_rec192\07WI_identity.fits,C:\Dev\Transients\historical_transient_laptop_pipeline_v0.2.0_publication\transient_laptop_pipeline_v0.2.0\cache\poss1_identity\POSS-I_368_E_rec192\07WI_identity.fits,71aa157f109fb660366ada78be03600b2b2227a41f54e158db014c4777ce49b9,71aa157f109fb660366ada78be03600b2b2227a41f54e158db014c4777ce49b9,True,True,FROZEN_PIXEL_READY,prospective_production,v0.2.7_prospective_identity_freeze
POSS-I:372:O:rec455,validated,XO454,cache\poss1_identity\POSS-I_372_O_rec455\A3K9_identity.fits,C:\Dev\Transients\historical_transient_laptop_pipeline_v0.2.0_publication\transient_laptop_pipeline_v0.2.0\cache\poss1_identity\POSS-I_372_O_rec455\A3K9_identity.fits,cfc5bd58dca2f0bcda8c33f09abcb391bc9f568af2f49163a535989bc47ef2d2,cfc5bd58dca2f0bcda8c33f09abcb391bc9f568af2f49163a535989bc47ef2d2,True,True,FROZEN_PIXEL_READY,prospective_production,v0.2.7_prospective_identity_freeze
POSS-I:407:E:rec246,validated,XE245,cache\poss1_identity\POSS-I_407_E_rec246\08BI_identity.fits,C:\Dev\Transients\historical_transient_laptop_pipeline_v0.2.0_publication\transient_laptop_pipeline_v0.2.0\cache\poss1_identity\POSS-I_407_E_rec246\08BI_identity.fits,1bfc0327f7b9392117ecd420e1d8fa66a6513c03d936a0bd59c867843c5895a0,1bfc0327f7b9392117ecd420e1d8fa66a6513c03d936a0bd59c867843c5895a0,True,True,FROZEN_PIXEL_READY,prospective_production,v0.2.7_prospective_identity_freeze
POSS-I:413:E:rec297,validated,XE296,cache\poss1_identity\POSS-I_413_E_rec297\06S2_identity.fits,C:\Dev\Transients\historical_transient_laptop_pipeline_v0.2.0_publication\transient_laptop_pipeline_v0.2.0\cache\poss1_identity\POSS-I_413_E_rec297\06S2_identity.fits,6e8ca42e82804615316845436c934d0b184a5deddeeee9ab0c6951736088fa16,6e8ca42e82804615316845436c934d0b184a5deddeeee9ab0c6951736088fa16,True,True,FROZEN_PIXEL_READY,prospective_production,v0.2.7_prospective_identity_freeze
POSS-I:415:O:rec479,validated,XO478,cache\poss1_identity\POSS-I_415_O_rec479\A31W_identity.fits,C:\Dev\Transients\historical_transient_laptop_pipeline_v0.2.0_publication\transient_laptop_pipeline_v0.2.0\cache\poss1_identity\POSS-I_415_O_rec479\A31W_identity.fits,0a0476f472e6afcfd52cb66cf0fb88b2d7e9a88e35cc6ce78ccf74768ad3c661,0a0476f472e6afcfd52cb66cf0fb88b2d7e9a88e35cc6ce78ccf74768ad3c661,True,True,FROZEN_PIXEL_READY,prospective_production,v0.2.7_prospective_identity_freeze
POSS-I:445:E:rec481,validated,XE480,cache\poss1_identity\POSS-I_445_E_rec481\08WE_identity.fits,C:\Dev\Transients\historical_transient_laptop_pipeline_v0.2.0_publication\transient_laptop_pipeline_v0.2.0\cache\poss1_identity\POSS-I_445_E_rec481\08WE_identity.fits,5ecd0294099c67384112eb3f79393567d982da36e9bbfa19354915977d54bda0,5ecd0294099c67384112eb3f79393567d982da36e9bbfa19354915977d54bda0,True,True,FROZEN_PIXEL_READY,prospective_production,v0.2.7_prospective_identity_freeze
POSS-I:449:O:rec198,catalogue_identified_pixels_unavailable,XO197,,,,,False,False,ARCHIVE_UNAVAILABLE_NO_DETECTOR,prospective_production,v0.2.7_prospective_identity_freeze
POSS-I:500:E:rec679,validated,XE678,cache\poss1_identity\POSS-I_500_E_rec679\0DH1_identity.fits,C:\Dev\Transients\historical_transient_laptop_pipeline_v0.2.0_publication\transient_laptop_pipeline_v0.2.0\cache\poss1_identity\POSS-I_500_E_rec679\0DH1_identity.fits,49f4283d4c57131b9d7e7a48604d49e9e363d8a6fabdc98d98337f08cbd0f931,49f4283d4c57131b9d7e7a48604d49e9e363d8a6fabdc98d98337f08cbd0f931,True,True,FROZEN_PIXEL_READY,prospective_production,v0.2.7_prospective_identity_freeze
POSS-I:533:O:rec187,validated,XO186,cache\poss1_identity\POSS-I_533_O_rec187\A31G_identity.fits,C:\Dev\Transients\historical_transient_laptop_pipeline_v0.2.0_publication\transient_laptop_pipeline_v0.2.0\cache\poss1_identity\POSS-I_533_O_rec187\A31G_identity.fits,fb036e353879a90405ad29879c36fc49d46cb68260beace9033f88dfc3f62dae,fb036e353879a90405ad29879c36fc49d46cb68260beace9033f88dfc3f62dae,True,True,FROZEN_PIXEL_READY,prospective_production,v0.2.7_prospective_identity_freeze
POSS-I:558:O:rec517,validated,XO516,cache\poss1_identity\POSS-I_558_O_rec517\A3LV_identity.fits,C:\Dev\Transients\historical_transient_laptop_pipeline_v0.2.0_publication\transient_laptop_pipeline_v0.2.0\cache\poss1_identity\POSS-I_558_O_rec517\A3LV_identity.fits,8080c441fc28258af610dd1d4284e45b14d62a4c381cbbf472392e31170721d9,8080c441fc28258af610dd1d4284e45b14d62a4c381cbbf472392e31170721d9,True,True,FROZEN_PIXEL_READY,prospective_production,v0.2.7_prospective_identity_freeze
POSS-I:606:E:rec348,validated,XE347,,,,,False,False,VALIDATED_BUT_NO_FROZEN_FITS_PATH,development_revalidation,v0.2.8_development_revalidation_extension
POSS-I:779:E:rec404,validated,XE403,,,,,False,False,VALIDATED_BUT_NO_FROZEN_FITS_PATH,development_revalidation,v0.2.8_development_revalidation_extension
POSS-I:782:E:rec514,validated,XE513,,,,,False,False,VALIDATED_BUT_NO_FROZEN_FITS_PATH,prospective_production,v0.2.7_prospective_identity_freeze
POSS-I:832:E:rec760,catalogue_identified_pixels_unavailable,XE760,,,,,False,False,ARCHIVE_UNAVAILABLE_NO_DETECTOR,prospective_production,v0.2.7_prospective_identity_freeze
POSS-I:872:O:rec148,validated,XO147,,,,,False,False,VALIDATED_BUT_NO_FROZEN_FITS_PATH,prospective_production,v0.2.7_prospective_identity_freeze
POSS-I:875:E:rec521,validated,XE520,,,,,False,False,VALIDATED_BUT_NO_FROZEN_FITS_PATH,prospective_production,v0.2.7_prospective_identity_freeze
POSS-I:876:E:rec239,validated,XE238,,,,,False,False,VALIDATED_BUT_NO_FROZEN_FITS_PATH,prospective_production,v0.2.7_prospective_identity_freeze
POSS-I:976:E:rec492,validated,XE491,cache\poss1_identity\POSS-I_976_E_rec492\08WO_identity.fits,C:\Dev\Transients\historical_transient_laptop_pipeline_v0.2.0_publication\transient_laptop_pipeline_v0.2.0\cache\poss1_identity\POSS-I_976_E_rec492\08WO_identity.fits,95bdffcde5a3311aaf255f52956d7f597171185d801b5519165597ce4a0bc3c6,95bdffcde5a3311aaf255f52956d7f597171185d801b5519165597ce4a0bc3c6,True,True,FROZEN_PIXEL_READY,prospective_production,v0.2.7_prospective_identity_freeze
POSS-I:985:E:rec726,validated,XE726,cache\poss1_identity\POSS-I_985_E_rec726\0EGP_identity.fits,C:\Dev\Transients\historical_transient_laptop_pipeline_v0.2.0_publication\transient_laptop_pipeline_v0.2.0\cache\poss1_identity\POSS-I_985_E_rec726\0EGP_identity.fits,bcf76fa980418182235d60223de9ea1728f799a42e84677bdfb035fb043bd41f,bcf76fa980418182235d60223de9ea1728f799a42e84677bdfb035fb043bd41f,True,True,FROZEN_PIXEL_READY,prospective_production,v0.2.7_prospective_identity_freeze
POSS-I:988:O:rec207,catalogue_identified_pixels_unavailable,XO206,,,,,False,False,ARCHIVE_UNAVAILABLE_NO_DETECTOR,development_revalidation,v0.2.8_development_revalidation_extension
POSS-I:989:O:rec258,validated,XO257,cache\poss1_identity\POSS-I_989_O_rec258\A3G7_identity.fits,C:\Dev\Transients\historical_transient_laptop_pipeline_v0.2.0_publication\transient_laptop_pipeline_v0.2.0\cache\poss1_identity\POSS-I_989_O_rec258\A3G7_identity.fits,3b7c0b035f065e6a4485edb38f05ee9d28c64036b5cea4398c0c2e4a5e741896,3b7c0b035f065e6a4485edb38f05ee9d28c64036b5cea4398c0c2e4a5e741896,True,True,FROZEN_PIXEL_READY,prospective_production,v0.2.7_prospective_identity_freeze
