canonical_order,legacy_rank,pair_key,poss_exposure_id,poss_region,dasch_plate_id,overlap_start_utc,overlap_end_utc,actual_overlap_s,old_true_wcs_intersection,old_true_wcs_overlap_fraction,pair_execution_state,geometry_state,geometry_error,poss_wcs_source,poss_raw_plate_directory,poss_grid_sha256,dasch_metadata_sha256,dasch_solution_number,dasch_solution_input_tag,dasch_number_of_wcs_solutions,dasch_pv_coefficients,dasch_rotation_delta,dasch_final_width_bin16,dasch_final_height_bin16,dasch_midpoint_delta_s,dasch_duration_delta_s,sample_points_inside,sample_points_total,boundary_points_inside,boundary_points_total,all_sample_points_inside,all_boundary_points_inside,minimum_inside_edge_margin_bin16_px,maximum_tpv_roundtrip_arcsec
1,1.0,DASCH:ivo://org.gavo.dc/~?dasch/q/ai43437 | POSS-I:413:E:rec297,POSS-I:413:E:rec297,XE296,ai43437,1951-11-05T07:00:59.999999+00:00,1951-11-05T07:58:59.999999+00:00,3480.000000000,True,1.0,POSS_PIXEL_READY_PARTNER_PIXEL_WORK_PENDING,FULL_POSS_FOOTPRINT_DENSELY_SAMPLED_INSIDE_DASCH,,frozen_fits_complete_dss_polynomial,,11857b0e4847b7419c0c8b03fb2bb3307f10de4921da597463f105d08a14f01c,6af4951ff6c51aa32acf6357736620de46be43797756f9305cb23a5ae3bd3921,0,,1,56,0,1088,1377,1e-06,0.0,4225,4225,256,256,True,True,71.31827350034018,4.918860820674432e-09
2,21.0,DASCH:ivo://org.gavo.dc/~?dasch/q/ai44244 | POSS-I:985:E:rec726,POSS-I:985:E:rec726,XE726,ai44244,1954-02-25T06:14:00+00:00,1954-02-25T06:54:00+00:00,2400.000000000,True,1.0,POSS_PIXEL_READY_PARTNER_PIXEL_WORK_PENDING,FULL_POSS_FOOTPRINT_DENSELY_SAMPLED_INSIDE_DASCH,,frozen_fits_complete_dss_polynomial,,25c9cdc35cfdaf09cad6e6029a7639f0318b483b460f2769cbc77f27ee8935bb,2a90595f3d3f09d6e5308b6edc5d9279bd3996c3366d3c371d84b9e0c75332a6,0,,1,42,0,1085,1377,1e-06,0.0,4225,4225,256,256,True,True,62.13814956976216,4.138880123087279e-09
3,47.0,DASCH:ivo://org.gavo.dc/~?dasch/q/fa12840 | POSS-I:533:O:rec187,POSS-I:533:O:rec187,XO186,fa12840,1952-07-20T09:29:00+00:00,1952-07-20T09:39:00+00:00,600.000000000,True,0.2479,POSS_PIXEL_READY_PARTNER_PIXEL_WORK_PENDING,NO_SAMPLED_INTERSECTION_REQUIRES_REVIEW,,frozen_fits_complete_dss_polynomial,,82b6c42e2f281f6569561f8d679ff34db6eebd61c15126665227da315fc5daeb,869284cefa9f8f6f77be05cad57b91efaf04275273146799f83d92def65ce35a,0,,1,42,0,1088,1377,2e-06,0.0,0,4225,0,256,False,False,,9.978121808209375e-09
4,23.0,DASCH:ivo://org.gavo.dc/~?dasch/q/ai44304 | POSS-I:1023:O:rec675,POSS-I:1023:O:rec675,XO674,ai44304,1954-04-02T07:27:00+00:00,1954-04-02T07:39:00+00:00,720.000000000,True,1.0,POSS_PIXEL_REPAIR_REQUIRED:VALIDATED_BUT_NO_FROZEN_FITS_PATH,FULL_POSS_FOOTPRINT_DENSELY_SAMPLED_INSIDE_DASCH,,frozen_fits_complete_dss_polynomial,,b165b8c7c876c380587ffe6ab4328a67b7ef97f3d222a89a6aa908b0b90c7fa8,9879c49036b594dfeeac43704e50b980d8eac708858064c773c46ba290982e78,0,,1,30,0,1088,1377,1.1e-05,0.0,4225,4225,256,256,True,True,56.233689327623225,9.38483587516711e-09
5,2.0,DASCH:ivo://org.gavo.dc/~?dasch/q/ai43330 | POSS-I:368:E:rec192,POSS-I:368:E:rec192,XE191,ai43330,1951-09-10T08:01:59.999982+00:00,1951-09-10T08:59:59.999982+00:00,3480.000000000,True,1.0,POSS_PIXEL_READY_PARTNER_PIXEL_WORK_PENDING,FULL_POSS_FOOTPRINT_DENSELY_SAMPLED_INSIDE_DASCH,,frozen_fits_complete_dss_polynomial,,0ef67938763b2d1144ccd66a7fa43b833635cb5bb57413eaa447ae0cb64336df,017a3bf5df5205ad59726394cf8c09edf1c2cfc5b7c85d14ffcb24a4733f7ae3,0,,1,42,0,1085,1377,1.8e-05,0.0,4225,4225,256,256,True,True,112.37601831594702,9.190527541532481e-09
8,4.0,POSS-I:320:E:rec463 | DASCH:ivo://org.gavo.dc/~?dasch/q/ka02524,POSS-I:320:E:rec463,XE462,ka02524,1951-08-13T09:08:00+00:00,1951-08-13T09:58:00+00:00,3000.000000000,True,1.0,POSS_PIXEL_READY_PARTNER_PIXEL_WORK_PENDING,FULL_POSS_FOOTPRINT_DENSELY_SAMPLED_INSIDE_DASCH,,frozen_fits_complete_dss_polynomial,,f4e40e78cf98bfb603d8ee3f1f2f3dd9b16d66b526e64bf6da52b7ed293635e5,8db1791e018821d106634d645adb36e7ff58ea650026fbb752870fd52a80b710,0,,1,30,0,1085,1377,0.0,0.0,4225,4225,256,256,True,True,280.77723910242344,7.467960315153183e-09
9,41.0,DASCH:ivo://org.gavo.dc/~?dasch/q/ka02474 | POSS-I:305:E:rec637,POSS-I:305:E:rec637,XE636,ka02474,1951-08-06T08:00:59.999998+00:00,1951-08-06T08:29:59.999998+00:00,1740.000000000,True,1.0,POSS_PIXEL_REPAIR_REQUIRED:VALIDATED_BUT_NO_FROZEN_FITS_PATH,PARTIAL_COMMON_FOOTPRINT_REQUIRES_EXACT_BOUNDARY,,frozen_fits_complete_dss_polynomial,,bfd4a64b71ab421735199cb61c2c93d9bc2d98ea980e4b746649b45893ea0540,52f10ed11dbbb93212133250bd45ca1326bab2182ac13656ff78ce00eda118b2,0,,1,30,0,1088,1377,2e-06,0.0,907,4225,91,256,False,False,0.017935253312032273,1.1716998503634036e-08
11,15.0,POSS-I:779:E:rec404 | DASCH:ivo://org.gavo.dc/~?dasch/q/fa13177,POSS-I:779:E:rec404,XE403,fa13177,1953-08-11T10:11:00+00:00,1953-08-11T10:56:00+00:00,2700.000000000,True,1.0,POSS_PIXEL_REPAIR_REQUIRED:VALIDATED_BUT_NO_FROZEN_FITS_PATH,FULL_POSS_FOOTPRINT_DENSELY_SAMPLED_INSIDE_DASCH,,frozen_fits_complete_dss_polynomial,,b6a4692479b691729aa8690cc1b02da086507e6f19864cc7d04104f61abec5df,727ff65d210ade0f2a3803fc5c7796ce584cfc70342acdd473c9644c5ee759bd,0,,1,42,0,1085,1377,1.7e-05,0.0,4225,4225,256,256,True,True,244.67121831451095,5.451343742529035e-09
12,33.0,POSS-I:372:O:rec455 | DASCH:ivo://org.gavo.dc/~?dasch/q/ai43336,POSS-I:372:O:rec455,XO454,ai43336,1951-09-21T04:25:00+00:00,1951-09-21T04:35:00+00:00,600.000000000,True,1.0,POSS_PIXEL_READY_PARTNER_PIXEL_WORK_PENDING,FULL_POSS_FOOTPRINT_DENSELY_SAMPLED_INSIDE_DASCH,,frozen_fits_complete_dss_polynomial,,16de7d03d82cba1c6317c7dffb4a99102e6a19e044139cead83a11ff65957f07,85084d02854c53609a04685da7cf1efed43a6c8b66ca92f20fb29f4aad31ce56,0,,1,42,0,1088,1377,4e-06,0.0,4225,4225,256,256,True,True,65.64909555981353,1.44220028575818e-09
13,34.0,POSS-I:313:O:rec523 | DASCH:ivo://org.gavo.dc/~?dasch/q/ai43246,POSS-I:313:O:rec523,XO522,ai43246,1951-08-08T08:26:00+00:00,1951-08-08T08:36:00+00:00,600.000000000,True,1.0,POSS_PIXEL_READY_PARTNER_PIXEL_WORK_PENDING,FULL_POSS_FOOTPRINT_DENSELY_SAMPLED_INSIDE_DASCH,,frozen_fits_complete_dss_polynomial,,912bfcb09d82686d68fe34ea6a2ae54db6fa981e91ec9fbf2105f352ec453d40,85f4285c57eb9bf03002f5dfd845511da3276baad23fc87db174b83b1ad1393d,0,,1,30,0,1088,1377,1.9e-05,0.0,4225,4225,256,256,True,True,413.1595899952689,4.8032736799462034e-09
17,35.0,POSS-I:449:O:rec198 | DASCH:ivo://org.gavo.dc/~?dasch/q/fa15108,POSS-I:449:O:rec198,XO197,fa15108,1951-12-22T03:55:00+00:00,1951-12-22T04:05:00+00:00,600.000000000,True,1.0,BLOCKED_POSS_ARCHIVE_UNAVAILABLE_NOT_A_NONDETECTION,BLOCKED_POSS_ARCHIVE_UNAVAILABLE_NOT_A_NONDETECTION,,,,,,,,,,,,,,,,,,,,,,
18,24.0,POSS-I:872:O:rec148 | DASCH:ivo://org.gavo.dc/~?dasch/q/fa13267,POSS-I:872:O:rec148,XO147,fa13267,1953-10-29T04:27:00+00:00,1953-10-29T04:39:00+00:00,720.000000000,True,1.0,POSS_PIXEL_REPAIR_REQUIRED:VALIDATED_BUT_NO_FROZEN_FITS_PATH,FULL_POSS_FOOTPRINT_DENSELY_SAMPLED_INSIDE_DASCH,,frozen_fits_complete_dss_polynomial,,1660512734a819f4d2a4f37fb7d9e266d072bc32c7dd74170814f1201408c368,85500e92f0808362360b6acaad8d96042edc14caa5fa90edea23bc6d71ba77ff,0,,1,30,0,1088,1377,1.7e-05,0.0,4225,4225,256,256,True,True,283.95633005083255,2.4712583535653287e-09
19,36.0,DASCH:ivo://org.gavo.dc/~?dasch/q/ka02650 | POSS-I:415:O:rec479,POSS-I:415:O:rec479,XO478,ka02650,1951-11-05T09:26:00+00:00,1951-11-05T09:36:00+00:00,600.000000000,True,1.0,POSS_PIXEL_READY_PARTNER_PIXEL_WORK_PENDING,FULL_POSS_FOOTPRINT_DENSELY_SAMPLED_INSIDE_DASCH,,frozen_fits_complete_dss_polynomial,,ea5182a4182a038d09d020aa1bcf2785c2cac4ca913dd9ec8379e29c4db02838,384e2293fb244f9622001021d06220c97ca9d297005d73f8387bd3a0cb646445,0,,1,30,0,1088,1377,1.5e-05,0.0,4225,4225,256,256,True,True,184.29772166454222,7.8742420874709e-09
20,37.0,DASCH:ivo://org.gavo.dc/~?dasch/q/ai43439 | POSS-I:415:O:rec479,POSS-I:415:O:rec479,XO478,ai43439,1951-11-05T09:26:00+00:00,1951-11-05T09:36:00+00:00,600.000000000,True,1.0,POSS_PIXEL_READY_PARTNER_PIXEL_WORK_PENDING,FULL_POSS_FOOTPRINT_DENSELY_SAMPLED_INSIDE_DASCH,,frozen_fits_complete_dss_polynomial,,ea5182a4182a038d09d020aa1bcf2785c2cac4ca913dd9ec8379e29c4db02838,9ce3fafa988ac77ecdc5493746abc797a4b3403316a92c64b7ffe22bbb0e353d,0,,1,42,0,1085,1377,1.5e-05,0.0,4225,4225,256,256,True,True,474.12628860634493,2.3152018360471242e-09
21,25.0,DASCH:ivo://org.gavo.dc/~?dasch/q/ai44306 | POSS-I:1023:O:rec799,POSS-I:1023:O:rec799,XO799,ai44306,1954-04-02T09:28:00+00:00,1954-04-02T09:40:00+00:00,720.000000000,True,1.0,POSS_PIXEL_REPAIR_REQUIRED:VALIDATED_BUT_NO_FROZEN_FITS_PATH,PARTIAL_COMMON_FOOTPRINT_REQUIRES_EXACT_BOUNDARY,,frozen_fits_complete_dss_polynomial,,5d5159eadb41ab8500faa91182ec5eb47f59b5512f211990e4ae1976349699f1,a64b1841088800d0680df2b6cb163d58563b40b462d84c3525db7abde7976f08,0,,1,30,0,1085,1377,4e-06,0.0,3586,4225,173,256,False,False,0.008391487760150085,4.9634638571702035e-09
22,26.0,DASCH:ivo://org.gavo.dc/~?dasch/q/kh00163 | POSS-I:297:O:rec635,POSS-I:297:O:rec635,XO634,kh00163,1951-07-31T07:26:00+00:00,1951-07-31T07:38:00+00:00,720.000000000,True,1.0,POSS_PIXEL_READY_PARTNER_PIXEL_WORK_PENDING,FULL_POSS_FOOTPRINT_DENSELY_SAMPLED_INSIDE_DASCH,,frozen_fits_complete_dss_polynomial,,ce5bc0bc01fefb91ef813d74a4e585824a5efd9143a34219954b2e9b83c4d014,94577210edf2d0925b505b4675156a18e4a8fbf023d6f81365170028d8b7bf53,0,,1,30,0,1085,1377,2e-06,0.0,4225,4225,256,256,True,True,83.4464801219965,2.220402283105958e-09
23,46.0,DASCH:ivo://org.gavo.dc/~?dasch/q/ai43235 | POSS-I:297:O:rec635,POSS-I:297:O:rec635,XO634,ai43235,1951-07-31T07:26:00+00:00,1951-07-31T07:38:00+00:00,720.000000000,True,0.7934,POSS_PIXEL_READY_PARTNER_PIXEL_WORK_PENDING,PARTIAL_COMMON_FOOTPRINT_REQUIRES_EXACT_BOUNDARY,,frozen_fits_complete_dss_polynomial,,ce5bc0bc01fefb91ef813d74a4e585824a5efd9143a34219954b2e9b83c4d014,d45f8afbf686918185e71a37a3d8be7d75b0f9fa0e37ad0f0b549c2d360a9fac,0,,1,42,180,1085,1377,2e-06,0.0,1374,4225,106,256,False,False,0.031457896344477376,1.3301736533445573e-08
24,27.0,DASCH:ivo://org.gavo.dc/~?dasch/q/ai44088 | POSS-I:872:O:rec148,POSS-I:872:O:rec148,XO147,ai44088,1953-10-29T04:27:00+00:00,1953-10-29T04:39:00+00:00,720.000000000,True,1.0,POSS_PIXEL_REPAIR_REQUIRED:VALIDATED_BUT_NO_FROZEN_FITS_PATH,FULL_POSS_FOOTPRINT_DENSELY_SAMPLED_INSIDE_DASCH,,frozen_fits_complete_dss_polynomial,,1660512734a819f4d2a4f37fb7d9e266d072bc32c7dd74170814f1201408c368,6cc3e86a4f30b7b981a526c4e0efcd1e92441ac2a684a3afe59643463cc8f9a3,0,,1,42,0,1088,1377,6e-06,0.0,4225,4225,256,256,True,True,79.05739218706117,6.679056055854782e-09
27,40.0,DASCH:ivo://org.gavo.dc/~?dasch/q/ai44291 | POSS-I:1009:O:rec785,POSS-I:1009:O:rec785,XO785,ai44291,1954-03-27T04:13:00+00:00,1954-03-27T04:25:00+00:00,720.000000000,True,1.0,POSS_PIXEL_READY_PARTNER_PIXEL_WORK_PENDING,PARTIAL_COMMON_FOOTPRINT_REQUIRES_EXACT_BOUNDARY,,frozen_fits_complete_dss_polynomial,,8481d0febbc8f75a668f5de8b929980d39e25d96575ef6edb51fc08b6d501d5f,204ec3cbddbbe8e620699f922702ce76645f45816e322f389c2aca254e897bb9,0,,1,30,0,1085,1377,6e-06,0.0,1457,4225,108,256,False,False,0.022046146330239935,1.1542222968949124e-08
28,16.0,POSS-I:782:E:rec514 | DASCH:ivo://org.gavo.dc/~?dasch/q/fa13182,POSS-I:782:E:rec514,XE513,fa13182,1953-08-13T06:10:00+00:00,1953-08-13T06:55:00+00:00,2700.000000000,True,1.0,POSS_PIXEL_REPAIR_REQUIRED:VALIDATED_BUT_NO_FROZEN_FITS_PATH,FULL_POSS_FOOTPRINT_DENSELY_SAMPLED_INSIDE_DASCH,,frozen_fits_complete_dss_polynomial,,42850c9897ca9ca436212b1bfa97eb2aa79a969dfee8b81852a39e179ebdced0,b1a58cf2660e48ea0158910d6f026cdfd03c70718a976aa9ce2cb9c642bd73e7,0,,1,30,0,1085,1377,3e-06,0.0,4225,4225,256,256,True,True,327.12124491498696,1.5464707856189325e-09
29,17.0,POSS-I:876:E:rec239 | DASCH:ivo://org.gavo.dc/~?dasch/q/fa13273,POSS-I:876:E:rec239,XE238,fa13273,1953-10-31T04:40:00+00:00,1953-10-31T05:25:00+00:00,2700.000000000,True,1.0,POSS_PIXEL_REPAIR_REQUIRED:VALIDATED_BUT_NO_FROZEN_FITS_PATH,FULL_POSS_FOOTPRINT_DENSELY_SAMPLED_INSIDE_DASCH,,frozen_fits_complete_dss_polynomial,,2dbd9897c785c565643ecf141d019cd34b547dfe8113d2214b8bf842d727cdf9,b09937d21571d5bc4487ff09e84044228f227262a7dacd5c0ad53d4c8aeb1923,0,,1,56,0,1085,1377,3e-06,0.0,4225,4225,256,256,True,True,316.0377735907896,5.158733592843639e-09
35,28.0,POSS-I:989:O:rec258 | DASCH:ivo://org.gavo.dc/~?dasch/q/ai44247,POSS-I:989:O:rec258,XO257,ai44247,1954-02-26T05:56:00+00:00,1954-02-26T06:08:00+00:00,720.000000000,True,1.0,POSS_PIXEL_READY_PARTNER_PIXEL_WORK_PENDING,FULL_POSS_FOOTPRINT_DENSELY_SAMPLED_INSIDE_DASCH,,frozen_fits_complete_dss_polynomial,,6a07738fed711d13a13498b2ab23ea1d00d819150506392527840c4b059221a4,8a39964424cd51f778a5b3478a1d6808cc21b9d14a4942f335999083e7d3938d,0,,1,42,0,1085,1377,1.7e-05,0.0,4225,4225,256,256,True,True,266.77355663970195,5.275936611571282e-09
36,38.0,POSS-I:558:O:rec517 | DASCH:ivo://org.gavo.dc/~?dasch/q/ai43708,POSS-I:558:O:rec517,XO516,ai43708,1952-08-20T07:24:00+00:00,1952-08-20T07:34:00+00:00,600.000000000,True,1.0,POSS_PIXEL_READY_PARTNER_PIXEL_WORK_PENDING,FULL_POSS_FOOTPRINT_DENSELY_SAMPLED_INSIDE_DASCH,,frozen_fits_complete_dss_polynomial,,6b05a4192b3a20a820852077093f171246c473d0af6a3db204088719fdfebefd,0d816d3241da9bb898b400512017a2a57c3ed224c9f09b88e204330dc8379171,0,,1,30,0,1085,1377,6e-06,0.0,4225,4225,256,256,True,True,99.96492250156462,9.148400212718835e-09
38,5.0,DASCH:ivo://org.gavo.dc/~?dasch/q/ai44467 | POSS-I:1102:E:rec140,POSS-I:1102:E:rec140,XE139,ai44467,1954-06-29T07:10:00+00:00,1954-06-29T08:00:00+00:00,3000.000000000,True,1.0,POSS_PIXEL_READY_PARTNER_PIXEL_WORK_PENDING,FULL_POSS_FOOTPRINT_DENSELY_SAMPLED_INSIDE_DASCH,,frozen_fits_complete_dss_polynomial,,223fa01331404dacbf1e8f09f78b3eeaa0f8480da6b7a5f8e3a84e26f639cbbf,b3fe797ef5eeb16dbbd9ca621bd0b0634e9792de88952987dab483ab5a0f63da,0,,1,42,0,1088,1377,1e-05,0.0,4225,4225,256,256,True,True,30.132953455587995,4.652767381433486e-09
39,6.0,DASCH:ivo://org.gavo.dc/~?dasch/q/fa12528 | POSS-I:236:E:rec425,POSS-I:236:E:rec425,XE424,fa12528,1951-02-04T05:54:00+00:00,1951-02-04T06:44:00+00:00,3000.000000000,True,1.0,POSS_PIXEL_READY_PARTNER_PIXEL_WORK_PENDING,PARTIAL_COMMON_FOOTPRINT_REQUIRES_EXACT_BOUNDARY,,frozen_fits_complete_dss_polynomial,,35d00bfdb99ae73f46bca6de2a7605cdfddf5e3e7aa2f7fce394a178cd200f89,7a50f4f219270210d90d15cf9567ad6b62cf9b12214e9e428416b0570db086f3,0,,1,30,0,1088,1377,1.9e-05,0.0,3611,4225,174,256,False,False,0.013672098769689,7.837639089985067e-09
45,44.0,POSS-I:445:E:rec481 | DASCH:ivo://org.gavo.dc/~?dasch/q/j03761,POSS-I:445:E:rec481,XE480,j03761,1951-12-01T09:26:29.999980+00:00,1951-12-01T09:29:29.999980+00:00,180.000000000,True,0.1005,POSS_PIXEL_READY_PARTNER_PIXEL_WORK_PENDING,PARTIAL_COMMON_FOOTPRINT_REQUIRES_EXACT_BOUNDARY,,frozen_fits_complete_dss_polynomial,,ccb3393fe574f3f0c5cab4447aa0e0fe00b1d045f9574989861acfbd180eec98,f5adbf11fafe89e7d91264265e82ecc5c8d43087abf7a675ac0b954e2036f288,0,,1,56,0,1377,1088,2e-05,0.0,600,4225,67,256,False,False,0.8710725676558013,2.168879172147997e-09
46,7.0,DASCH:ivo://org.gavo.dc/~?dasch/q/kh00192 | POSS-I:320:E:rec463,POSS-I:320:E:rec463,XE462,kh00192,1951-08-13T09:08:00+00:00,1951-08-13T09:58:00+00:00,3000.000000000,True,1.0,POSS_PIXEL_READY_PARTNER_PIXEL_WORK_PENDING,FULL_POSS_FOOTPRINT_DENSELY_SAMPLED_INSIDE_DASCH,,frozen_fits_complete_dss_polynomial,,f4e40e78cf98bfb603d8ee3f1f2f3dd9b16d66b526e64bf6da52b7ed293635e5,ef49a8772b2df92ecd42adf1ece4fe4078381c889ef5cba64138450e72f5aefd,0,,1,30,0,1088,1377,1.3e-05,0.0,4225,4225,256,256,True,True,90.10589151157569,7.3721146064565615e-09
47,8.0,DASCH:ivo://org.gavo.dc/~?dasch/q/ai43280 | POSS-I:320:E:rec463,POSS-I:320:E:rec463,XE462,ai43280,1951-08-13T09:08:00+00:00,1951-08-13T09:58:00+00:00,3000.000000000,True,1.0,POSS_PIXEL_READY_PARTNER_PIXEL_WORK_PENDING,FULL_POSS_FOOTPRINT_DENSELY_SAMPLED_INSIDE_DASCH,,frozen_fits_complete_dss_polynomial,,f4e40e78cf98bfb603d8ee3f1f2f3dd9b16d66b526e64bf6da52b7ed293635e5,ce69e786e06eacd1db284ff4f4d07bc77bb76d6b97c673fd661718883d82125f,0,,1,42,0,1085,1377,1.3e-05,0.0,4225,4225,256,256,True,True,282.2038254285227,5.21830112683342e-09
48,45.0,DASCH:ivo://org.gavo.dc/~?dasch/q/ka02481 | POSS-I:314:E:rec646,POSS-I:314:E:rec646,XE645,ka02481,1951-08-08T10:02:00.000009+00:00,1951-08-08T10:30:00.000009+00:00,1680.000000000,True,0.0586,POSS_PIXEL_READY_PARTNER_PIXEL_WORK_PENDING,NO_SAMPLED_INTERSECTION_REQUIRES_REVIEW,,frozen_fits_complete_dss_polynomial,,245e3bb1eacfe9b26fdd76e0f12735b7d57d618daa5232abc6edfdc47c37c68b,c25014ff76ce86c2ac1ae3ee3540787ef9af330ba1a57f6b36ebe57d851fa94f,0,,1,30,0,1088,1377,9e-06,0.0,0,4225,0,256,False,False,,5.951684547489462e-09
49,9.0,DASCH:ivo://org.gavo.dc/~?dasch/q/kh00158 | POSS-I:293:E:rec754,POSS-I:293:E:rec754,XE754,kh00158,1951-07-30T07:09:00+00:00,1951-07-30T07:59:00+00:00,3000.000000000,True,1.0,POSS_PIXEL_READY_PARTNER_PIXEL_WORK_PENDING,FULL_POSS_FOOTPRINT_DENSELY_SAMPLED_INSIDE_DASCH,,frozen_fits_complete_dss_polynomial,,78274b858f1f89f0e5294f4398f91ec1fff31cc7cc4e126563f5e7db1d4d18ad,1ce6a6e43f2b360c423ecbe7a4801777871966ae28d2f562afb85093b1a3b4c1,0,,1,30,0,1088,1377,4e-06,0.0,4225,4225,256,256,True,True,63.33295998444419,2.5631971670385817e-09
50,10.0,POSS-I:340:E:rec231 | DASCH:ivo://org.gavo.dc/~?dasch/q/ai43301,POSS-I:340:E:rec231,XE230,ai43301,1951-09-03T04:01:00+00:00,1951-09-03T04:51:00+00:00,3000.000000000,True,1.0,POSS_PIXEL_READY_PARTNER_PIXEL_WORK_PENDING,FULL_POSS_FOOTPRINT_DENSELY_SAMPLED_INSIDE_DASCH,,frozen_fits_complete_dss_polynomial,,b9193b021ab458a04dcda7a33f3856087c779144a2360802b736d969b86baf62,fc56a1b8055c14cdc72ccb6e07a8f3c682b6860b53a64c63d8b14ff5dd163dd3,0,,1,30,0,1085,1377,3e-06,0.0,4225,4225,256,256,True,True,195.16611400749514,1.9022965002882634e-09
51,11.0,POSS-I:407:E:rec246 | DASCH:ivo://org.gavo.dc/~?dasch/q/ka02643,POSS-I:407:E:rec246,XE245,ka02643,1951-11-03T07:01:00+00:00,1951-11-03T07:51:00+00:00,3000.000000000,True,1.0,POSS_PIXEL_READY_PARTNER_PIXEL_WORK_PENDING,FULL_POSS_FOOTPRINT_DENSELY_SAMPLED_INSIDE_DASCH,,frozen_fits_complete_dss_polynomial,,994c9936968bf1358de97b5d3973285db8848088edf9fef84aaec6aaa507dddf,4a14be76ab4792935ff218ad475110e4b5654d821bd9b9d3ffe1e25095a97cdf,0,,1,30,0,1085,1377,3e-06,0.0,4225,4225,256,256,True,True,419.87688783160525,2.399934057656916e-09
52,18.0,DASCH:ivo://org.gavo.dc/~?dasch/q/ai44227 | POSS-I:976:E:rec492,POSS-I:976:E:rec492,XE491,ai44227,1954-02-10T09:41:00+00:00,1954-02-10T10:26:00+00:00,2700.000000000,True,1.0,POSS_PIXEL_READY_PARTNER_PIXEL_WORK_PENDING,FULL_POSS_FOOTPRINT_DENSELY_SAMPLED_INSIDE_DASCH,,frozen_fits_complete_dss_polynomial,,0894509e4b07701593c15f63eb163a7dab074267bf2714022769676cdc6eb8c8,f787933e325b8cd45dd9b24ae9fe70f8c4a3c33393d61f5a9f8a9e613a426d96,0,,1,42,0,1088,1377,1.6e-05,0.0,4225,4225,256,256,True,True,249.13048183069697,4.2663279287154205e-09
54,39.0,POSS-I:305:O:rec637 | DASCH:ivo://org.gavo.dc/~?dasch/q/ka02473,POSS-I:305:O:rec637,XO636,ka02473,1951-08-06T07:37:00+00:00,1951-08-06T07:47:00+00:00,600.000000000,True,0.8405,POSS_PIXEL_READY_PARTNER_PIXEL_WORK_PENDING,PARTIAL_COMMON_FOOTPRINT_REQUIRES_EXACT_BOUNDARY,,frozen_fits_complete_dss_polynomial,,5bcec5d9fbe3e11305adfd57b10ebcc81636ef58355f42571bbb19bae8c08963,b63ae8fe18d4f7f6de57900bff13903372dc7a52ccbc584c8bddc3d81f6615a8,0,,1,30,0,1085,1377,1.5e-05,0.0,1714,4225,116,256,False,False,0.015654665062129425,9.022048960097804e-09
55,3.0,DASCH:ivo://org.gavo.dc/~?dasch/q/fa12998 | POSS-I:606:E:rec348,POSS-I:606:E:rec348,XE347,fa12998,1952-09-18T07:02:00+00:00,1952-09-18T07:57:00.000005+00:00,3300.000005000,True,1.0,POSS_PIXEL_REPAIR_REQUIRED:VALIDATED_BUT_NO_FROZEN_FITS_PATH,FULL_POSS_FOOTPRINT_DENSELY_SAMPLED_INSIDE_DASCH,,frozen_fits_complete_dss_polynomial,,7e91a2ae7b41f998006bf3bf33f00a594b3131c36fb3095e100924a1bbf47039,c70e8c17d0f4c0c9d5ab42f54fd7b811be05e43cc608c2f9a2f28f33cbf5e97c,0,,1,20,0,1085,1377,5e-06,0.0,4225,4225,256,256,True,True,134.34697867438717,2.3500736877011216e-09
56,29.0,POSS-I:1405:O:rec616 | DASCH:ivo://org.gavo.dc/~?dasch/q/ai44487,POSS-I:1405:O:rec616,XO615,ai44487,1955-04-21T05:52:00+00:00,1955-04-21T06:04:00+00:00,720.000000000,True,1.0,POSS_PIXEL_READY_PARTNER_PIXEL_WORK_PENDING,FULL_POSS_FOOTPRINT_DENSELY_SAMPLED_INSIDE_DASCH,,frozen_fits_complete_dss_polynomial,,9ab33ca2e4269f739543e748123582b0d2c27e8fc329c39ea853f650ac99d533,6e1a9161491ad3cc72b33ac5d89e4974c6f16445fdd391f5cda5a883b5660785,0,,1,56,0,1088,1377,6e-06,0.0,4225,4225,256,256,True,True,94.85861908072141,9.755891910398407e-09
57,30.0,POSS-I:988:O:rec207 | DASCH:ivo://org.gavo.dc/~?dasch/q/ai44246,POSS-I:988:O:rec207,XO206,ai44246,1954-02-26T04:53:00+00:00,1954-02-26T05:05:00+00:00,720.000000000,True,1.0,BLOCKED_POSS_ARCHIVE_UNAVAILABLE_NOT_A_NONDETECTION,BLOCKED_POSS_ARCHIVE_UNAVAILABLE_NOT_A_NONDETECTION,,,,,,,,,,,,,,,,,,,,,,
60,19.0,DASCH:ivo://org.gavo.dc/~?dasch/q/fa13203 | POSS-I:832:E:rec760,POSS-I:832:E:rec760,XE760,fa13203,1953-10-01T05:16:00+00:00,1953-10-01T06:01:00+00:00,2700.000000000,True,1.0,BLOCKED_POSS_ARCHIVE_UNAVAILABLE_NOT_A_NONDETECTION,BLOCKED_POSS_ARCHIVE_UNAVAILABLE_NOT_A_NONDETECTION,,,,,,,,,,,,,,,,,,,,,,
61,20.0,POSS-I:875:E:rec521 | DASCH:ivo://org.gavo.dc/~?dasch/q/ai44092,POSS-I:875:E:rec521,XE520,ai44092,1953-10-31T03:31:00+00:00,1953-10-31T04:16:00+00:00,2700.000000000,True,1.0,POSS_PIXEL_REPAIR_REQUIRED:VALIDATED_BUT_NO_FROZEN_FITS_PATH,FULL_POSS_FOOTPRINT_DENSELY_SAMPLED_INSIDE_DASCH,,frozen_fits_complete_dss_polynomial,,93997c073a4b18a818161c086ffc213857a0689d2e0f8ac337c88794b9e5e873,d78666409fe09f57e93e67c46e761d45792e5b0c1466b18f53536ff7e344e1b9,0,,1,30,0,1088,1377,5e-06,0.0,4225,4225,256,256,True,True,343.7760952562244,5.013566880057655e-09
62,12.0,POSS-I:306:E:rec703 | DASCH:ivo://org.gavo.dc/~?dasch/q/ai43241,POSS-I:306:E:rec703,XE702,ai43241,1951-08-06T09:03:00.000006+00:00,1951-08-06T09:53:00+00:00,2999.999994000,True,1.0,POSS_PIXEL_READY_PARTNER_PIXEL_WORK_PENDING,FULL_POSS_FOOTPRINT_DENSELY_SAMPLED_INSIDE_DASCH,,frozen_fits_complete_dss_polynomial,,2740495f961fc199f4a6601e89ecc4d4bf6579cd5aa77e3e4d635c2ce70c9736,fb4d8bc6a180d637cae81453cf810e0af799becc137aa82831f505df5001154b,0,,1,30,0,1085,1377,6e-06,0.0,4225,4225,256,256,True,True,198.03831897936726,4.9390865691882045e-09
65,22.0,DASCH:ivo://org.gavo.dc/~?dasch/q/ai44307 | POSS-I:1024:E:rec742,POSS-I:1024:E:rec742,XE742,ai44307,1954-04-02T09:45:00+00:00,1954-04-02T10:24:00.000016+00:00,2340.000016000,True,1.0,POSS_PIXEL_READY_PARTNER_PIXEL_WORK_PENDING,FULL_POSS_FOOTPRINT_DENSELY_SAMPLED_INSIDE_DASCH,,frozen_fits_complete_dss_polynomial,,349147799738024d8813049e0fe74bc134e024fad3764ea3f94eb209802504dd,49c08374c030909838cf595ee04179523e521abe6a2cfe209ced453ff9ac4447,0,,1,42,0,1088,1377,1.6e-05,0.0,4225,4225,256,256,True,True,59.850617897631196,7.861423312819772e-09
66,42.0,DASCH:ivo://org.gavo.dc/~?dasch/q/ka02737 | POSS-I:500:E:rec679,POSS-I:500:E:rec679,XE678,ka02737,1952-05-24T05:10:00.000010+00:00,1952-05-24T05:59:00.000010+00:00,2940.000000000,True,0.0726,POSS_PIXEL_READY_PARTNER_PIXEL_WORK_PENDING,NO_SAMPLED_INTERSECTION_REQUIRES_REVIEW,,frozen_fits_complete_dss_polynomial,,3fe8ea85950cd142c159cff68efdf2fadb65fc2439bfd095e780dc444073c40b,7406993c4e886740503e9732ef8c18e3adb4979f92ac6f9b7519c0dea3b23c80,0,,1,42,0,1088,1377,1e-05,0.0,0,4225,0,256,False,False,,3.183157758227512e-09
67,14.0,DASCH:ivo://org.gavo.dc/~?dasch/q/ai44469 | POSS-I:1103:E:rec397,POSS-I:1103:E:rec397,XE396,ai44469,1954-06-29T09:11:00+00:00,1954-06-29T10:00:00.000008+00:00,2940.000008000,True,0.6409,POSS_PIXEL_READY_PARTNER_PIXEL_WORK_PENDING,PARTIAL_COMMON_FOOTPRINT_REQUIRES_EXACT_BOUNDARY,,frozen_fits_complete_dss_polynomial,,e48d892d18cbf9a126bb0dbd1240c7de147c64bea796d6e741f6709f5a82bc1f,eaa4fd55d17392173d121d29f22c1049127b34771529c7810fb9632ef0d4f998,0,,1,30,0,1088,1377,8e-06,0.0,2705,4225,146,256,False,False,0.05087264601361885,9.183626406831774e-09
71,31.0,POSS-I:236:O:rec425 | DASCH:ivo://org.gavo.dc/~?dasch/q/kg00061,POSS-I:236:O:rec425,XO424,kg00061,1951-02-04T06:49:00+00:00,1951-02-04T07:01:00+00:00,720.000000000,False,0.0,POSS_PIXEL_READY_PARTNER_PIXEL_WORK_PENDING,NO_SAMPLED_INTERSECTION_REQUIRES_REVIEW,,frozen_fits_complete_dss_polynomial,,cf1f60b504203068ea08985c781ceb6228c9d9f195cef16b0847f73e55df88a2,0f2a26b0e5fce2e1977c11452dadf6fea14cc9a87e8858cd8b69c7f13ffd36b3,0,,1,30,0,1088,1377,1.4e-05,0.0,0,4225,0,256,False,False,,2.0724108624235656e-09
72,32.0,POSS-I:236:O:rec425 | DASCH:ivo://org.gavo.dc/~?dasch/q/kg00060,POSS-I:236:O:rec425,XO424,kg00060,1951-02-04T06:49:00+00:00,1951-02-04T07:01:00+00:00,720.000000000,True,1.0,POSS_PIXEL_READY_PARTNER_PIXEL_WORK_PENDING,FULL_POSS_FOOTPRINT_DENSELY_SAMPLED_INSIDE_DASCH,,frozen_fits_complete_dss_polynomial,,cf1f60b504203068ea08985c781ceb6228c9d9f195cef16b0847f73e55df88a2,de574f07f601c3a52bf8aec67d5d32a195523f154367d9f6bf9e3ccd203410be,0,,1,20,0,1088,1377,1.4e-05,0.0,4225,4225,256,256,True,True,212.64991255299617,3.6379553139099116e-09
73,43.0,POSS-I:236:O:rec425 | DASCH:ivo://org.gavo.dc/~?dasch/q/kg00059,POSS-I:236:O:rec425,XO424,kg00059,1951-02-04T06:49:00+00:00,1951-02-04T07:01:00+00:00,720.000000000,False,0.0,POSS_PIXEL_READY_PARTNER_PIXEL_WORK_PENDING,FULL_POSS_FOOTPRINT_DENSELY_SAMPLED_INSIDE_DASCH,,frozen_fits_complete_dss_polynomial,,cf1f60b504203068ea08985c781ceb6228c9d9f195cef16b0847f73e55df88a2,7a28de2a3982b190d1dc54888adcc5b12cfc1d2cee2666b34b2bd1d3d36dc1af,0,,1,30,0,1085,1377,1.4e-05,0.0,4225,4225,256,256,True,True,326.48745161017376,4.090074746105298e-09
74,13.0,DASCH:ivo://org.gavo.dc/~?dasch/q/ka02504 | POSS-I:318:E:rec524,POSS-I:318:E:rec524,XE523,ka02504,1951-08-11T09:11:00+00:00,1951-08-11T10:00:00.000009+00:00,2940.000009000,True,1.0,POSS_PIXEL_REPAIR_REQUIRED:VALIDATED_BUT_NO_FROZEN_FITS_PATH,FULL_POSS_FOOTPRINT_DENSELY_SAMPLED_INSIDE_DASCH,,frozen_fits_complete_dss_polynomial,,38dd8a064fa7c536a2c77c38ec6ea96c5666f1380a0cb1b9dc7eed56d246b789,9835c007afd85d761d38cafe7bb4fed1b3ebad083c10491aab4f77de157c38f6,0,,1,30,0,1085,1377,9e-06,0.0,4225,4225,256,256,True,True,176.97518497632717,8.599885896032813e-09
