raw_match_row,blind_code,panel_role,observatory,physical_plate_id,scan_id,registration_mode,measurement_source,banked_crosshair_x_px,banked_crosshair_y_px,reconstructed_x_px,reconstructed_y_px,delta_x_px,delta_y_px,residual_px,render_reconstruction_status,reconstruction_source,manual_feature,manual_morphology,manual_confidence,manual_notes
293118,B029,SCIENCE_HAMBURG,HAMBURG,7685,,SCIENCE,SCIENCE_V075_SKY_COORDINATE,9935.000000000004,2009.9999999999895,9935.000000000004,2009.9999999999895,0.0,0.0,0.0,PASS,v075 a_ra_deg/a_dec_deg -> exact science FITS WCS,ABSENT,AMBIGUOUS,3,"Object is just above crosshair (possible edge overlap), could be a crosshair misalignment, could be a false positive."
293118,B030,HAMBURG_FOLLOWING_QUALIFIED_NEGATIVE;V082_CLOSE_TIME,HAMBURG,7687,10000,PRIMARY,BANKED_V080,17771.735385148804,15315.531237616899,17771.735385148804,15315.531237616899,0.0,0.0,0.0,PASS,v080 registered target + banked local registration shift -> exact comparison FITS WCS,DEFINITE,STELLAR_COMPACT,3,crosshair not-centred; possible red herring
293118,B031,BAMBERG_PRECEDING_QUALIFIED_NEGATIVE,BAMBERG,89097,113642,PRIMARY,BANKED_V080,6246.145775125932,7268.761551330656,6246.145775125932,7268.761551330656,0.0,0.0,0.0,PASS,v080 registered target + banked local registration shift -> exact comparison FITS WCS,DEFINITE,STELLAR_COMPACT,3,crosshair not-centred; possible red herring
293118,B024,SCIENCE_BAMBERG,BAMBERG,89580,,SCIENCE,SCIENCE_V075_SKY_COORDINATE,1981.9904103712959,3910.0634585175326,1981.9904103712959,3910.0634585175326,0.0,0.0,0.0,PASS,v075 b_ra_deg/b_dec_deg -> exact science FITS WCS,WEAK_OR_AMBIGUOUS,STELLAR_COMPACT,4,crosshair not-centred; possible red herring.
293118,B021,BAMBERG_FOLLOWING_QUALIFIED_NEGATIVE,BAMBERG,90160,114694,PRIMARY,BANKED_V080,5711.211195057111,1044.172176251167,5711.211195057111,1044.172176251167,0.0,0.0,0.0,PASS,v080 registered target + banked local registration shift -> exact comparison FITS WCS,ABSENT,AMBIGUOUS,3,
293470,B005,HAMBURG_PRECEDING_QUALIFIED_NEGATIVE,HAMBURG,7526,9698,PRIMARY,BANKED_V080,12455.461536112332,4352.264113810854,12455.461536112332,4352.264113810854,0.0,0.0,0.0,PASS,v080 registered target + banked local registration shift -> exact comparison FITS WCS,DEFINITE,STELLAR_COMPACT,4,
293470,B006,SCIENCE_HAMBURG,HAMBURG,7685,,SCIENCE,SCIENCE_V075_SKY_COORDINATE,12501.999999999973,4617.000000000002,12501.999999999973,4617.000000000002,0.0,0.0,0.0,PASS,v075 a_ra_deg/a_dec_deg -> exact science FITS WCS,DEFINITE,STELLAR_COMPACT,5,
293470,B014,V082_CLOSE_TIME,HAMBURG,7687,10000,PRIMARY,BANKED_V082_EXACT_FROZEN_V080_METHOD,20400.91032004191,12761.493231089114,20400.91032004191,12761.493231089114,0.0,0.0,0.0,PASS,v080 registered target + banked local registration shift -> exact comparison FITS WCS,DEFINITE,STELLAR_COMPACT,5,
293470,B019,HAMBURG_FOLLOWING_QUALIFIED_NEGATIVE,HAMBURG,8285,10815,PRIMARY,BANKED_V080,4885.032788683591,4573.4448931332045,4885.032788683591,4573.4448931332045,0.0,0.0,0.0,PASS,v080 registered target + banked local registration shift -> exact comparison FITS WCS,WEAK_OR_AMBIGUOUS,STELLAR_COMPACT,3,possible misaligned crosshair; partial coverage
293470,B015,BAMBERG_PRECEDING_QUALIFIED_NEGATIVE,BAMBERG,89097,113642,PRIMARY,BANKED_V080,5995.76171369703,7018.138948779659,5995.76171369703,7018.138948779659,0.0,0.0,0.0,PASS,v080 registered target + banked local registration shift -> exact comparison FITS WCS,WEAK_OR_AMBIGUOUS,AMBIGUOUS,3,
293470,B032,SCIENCE_BAMBERG,BAMBERG,89580,,SCIENCE,SCIENCE_V075_SKY_COORDINATE,1124.9960944468914,3051.810910977434,1124.9960944468914,3051.810910977434,0.0,0.0,0.0,PASS,v075 b_ra_deg/b_dec_deg -> exact science FITS WCS,DEFINITE,STELLAR_COMPACT,4,
293841,B011,HAMBURG_PRECEDING_QUALIFIED_NEGATIVE,HAMBURG,7679,9986,PRIMARY,BANKED_V080,5085.2724208525315,3277.549164843823,5085.2724208525315,3277.549164843823,0.0,0.0,0.0,PASS,v080 registered target + banked local registration shift -> exact comparison FITS WCS,ABSENT,AMBIGUOUS,3,
293841,B002,SCIENCE_HAMBURG,HAMBURG,7685,,SCIENCE,SCIENCE_V075_SKY_COORDINATE,13904.999999999987,5214.000000000015,13904.999999999987,5214.000000000015,0.0,0.0,0.0,PASS,v075 a_ra_deg/a_dec_deg -> exact science FITS WCS,ABSENT,AMBIGUOUS,5,
293841,B004,HAMBURG_FOLLOWING_QUALIFIED_NEGATIVE;V082_CLOSE_TIME,HAMBURG,7687,10000,PRIMARY,BANKED_V080,21005.706949311796,11358.112343589568,21005.706949311796,11358.112343589568,0.0,0.0,0.0,PASS,v080 registered target + banked local registration shift -> exact comparison FITS WCS,WEAK_OR_AMBIGUOUS,STELLAR_COMPACT,3,
293841,B016,BAMBERG_PRECEDING_QUALIFIED_NEGATIVE,BAMBERG,89544,114080,PRIMARY,BANKED_V080,1052.6937421929417,10634.134856708673,1052.6937421929417,10634.134856708673,0.0,0.0,0.0,PASS,v080 registered target + banked local registration shift -> exact comparison FITS WCS,WEAK_OR_AMBIGUOUS,AMBIGUOUS,4,
293841,B008,SCIENCE_BAMBERG,BAMBERG,89580,,SCIENCE,SCIENCE_V075_SKY_COORDINATE,931.0039594071279,2583.795601858194,931.0039594071279,2583.795601858194,0.0,0.0,0.0,PASS,v075 b_ra_deg/b_dec_deg -> exact science FITS WCS,DEFINITE,STELLAR_COMPACT,4,
293841,B009,BAMBERG_FOLLOWING_QUALIFIED_NEGATIVE,BAMBERG,90160,114694,PRIMARY,BANKED_V080,5440.677371282188,673.6922884488113,5440.677371282188,673.6922884488113,0.0,0.0,0.0,PASS,v080 registered target + banked local registration shift -> exact comparison FITS WCS,WEAK_OR_AMBIGUOUS,AMBIGUOUS,3,
294052,B001,SCIENCE_HAMBURG,HAMBURG,7685,,SCIENCE,SCIENCE_V075_SKY_COORDINATE,3509.000000000012,679.0000000000008,3509.000000000012,679.0000000000008,0.0,0.0,0.0,PASS,v075 a_ra_deg/a_dec_deg -> exact science FITS WCS,DEFINITE,STELLAR_COMPACT,5,
294052,B017,V082_CLOSE_TIME,HAMBURG,7687,10000,PRIMARY,BANKED_V082_EXACT_FROZEN_V080_METHOD,16394.155572210246,21766.155188522727,16394.155572210246,21766.155188522727,0.0,0.0,0.0,PASS,v080 registered target + banked local registration shift -> exact comparison FITS WCS,DEFINITE,STELLAR_COMPACT,4,
294052,B022,BAMBERG_PRECEDING_QUALIFIED_NEGATIVE,BAMBERG,89097,113642,PRIMARY,BANKED_V080,6377.250236076501,7893.579531810726,6377.250236076501,7893.579531810726,0.0,0.0,0.0,PASS,v080 registered target + banked local registration shift -> exact comparison FITS WCS,DEFINITE,EXTENDED_OR_BLENDED,2,
294052,B010,SCIENCE_BAMBERG,BAMBERG,89580,,SCIENCE,SCIENCE_V075_SKY_COORDINATE,2404.981083137416,6029.104672059397,2404.981083137416,6029.104672059397,0.0,0.0,0.0,PASS,v075 b_ra_deg/b_dec_deg -> exact science FITS WCS,DEFINITE,STELLAR_COMPACT,5,
294052,B003,BAMBERG_FOLLOWING_QUALIFIED_NEGATIVE,BAMBERG,89595,114131,PRIMARY,BANKED_V080,2065.431896381064,639.321680173457,2065.431896381064,639.321680173457,0.0,0.0,0.0,PASS,v080 registered target + banked local registration shift -> exact comparison FITS WCS,WEAK_OR_AMBIGUOUS,AMBIGUOUS,5,
294130,B012,HAMBURG_PRECEDING_QUALIFIED_NEGATIVE,HAMBURG,7665,9959,PRIMARY,BANKED_V080,603.7795314551229,15344.795516298305,603.7795314551229,15344.795516298305,0.0,0.0,0.0,PASS,v080 registered target + banked local registration shift -> exact comparison FITS WCS,WEAK_OR_AMBIGUOUS,STELLAR_COMPACT,2,
294130,B025,SCIENCE_HAMBURG,HAMBURG,7685,,SCIENCE,SCIENCE_V075_SKY_COORDINATE,1761.99999999993,962.0000000000169,1761.99999999993,962.0000000000169,0.0,0.0,0.0,PASS,v075 a_ra_deg/a_dec_deg -> exact science FITS WCS,DEFINITE,STELLAR_COMPACT,5,
294130,B027,HAMBURG_FOLLOWING_QUALIFIED_NEGATIVE,HAMBURG,7703,10030,PRIMARY,BANKED_V080,886.6206156582018,15360.90604190688,886.6206156582018,15360.90604190688,0.0,0.0,0.0,PASS,v080 registered target + banked local registration shift -> exact comparison FITS WCS,ABSENT,AMBIGUOUS,3,"Object is just below crosshair (possible edge overlap), could be a crosshair misalignment, could be a false positive."
294130,B007,BAMBERG_PRECEDING_QUALIFIED_NEGATIVE,BAMBERG,89097,113642,PRIMARY,BANKED_V080,6350.28673338778,8062.905322248253,6350.28673338778,8062.905322248253,0.0,0.0,0.0,PASS,v080 registered target + banked local registration shift -> exact comparison FITS WCS,ABSENT,AMBIGUOUS,4,
294130,B023,SCIENCE_BAMBERG,BAMBERG,89580,,SCIENCE,SCIENCE_V075_SKY_COORDINATE,2307.9783156732024,6602.283924769762,2307.9783156732024,6602.283924769762,0.0,0.0,0.0,PASS,v075 b_ra_deg/b_dec_deg -> exact science FITS WCS,DEFINITE,STELLAR_COMPACT,3,
294130,B020,BAMBERG_FOLLOWING_QUALIFIED_NEGATIVE,BAMBERG,89595,114131,PRIMARY,BANKED_V080,2043.411420695409,822.6663291152781,2043.411420695409,822.6663291152781,0.0,0.0,0.0,PASS,v080 registered target + banked local registration shift -> exact comparison FITS WCS,WEAK_OR_AMBIGUOUS,EXTENDED_OR_BLENDED,3,
294179,B028,SCIENCE_HAMBURG,HAMBURG,7685,,SCIENCE,SCIENCE_V075_SKY_COORDINATE,1235.9999999998945,553.9999999999644,1235.9999999998945,553.9999999999644,0.0,0.0,0.0,PASS,v075 a_ra_deg/a_dec_deg -> exact science FITS WCS,DEFINITE,STELLAR_COMPACT,5,
294179,B018,BAMBERG_PRECEDING_QUALIFIED_NEGATIVE,BAMBERG,89097,113642,PRIMARY,BANKED_V080,6390.1018175382405,8115.0885043420785,6390.1018175382405,8115.0885043420785,0.0,0.0,0.0,PASS,v080 registered target + banked local registration shift -> exact comparison FITS WCS,ABSENT,AMBIGUOUS,4,
294179,B013,SCIENCE_BAMBERG,BAMBERG,89580,,SCIENCE,SCIENCE_V075_SKY_COORDINATE,2440.9800273085775,6775.316707769277,2440.9800273085775,6775.316707769277,0.0,0.0,0.0,PASS,v075 b_ra_deg/b_dec_deg -> exact science FITS WCS,DEFINITE,STELLAR_COMPACT,5,
294179,B026,BAMBERG_FOLLOWING_QUALIFIED_NEGATIVE,BAMBERG,89595,114131,PRIMARY,BANKED_V080,2086.1803584264912,877.9585994884264,2086.1803584264912,877.9585994884264,0.0,0.0,0.0,PASS,v080 registered target + banked local registration shift -> exact comparison FITS WCS,ABSENT,AMBIGUOUS,4,
